t,J1,J2,J3,J4,J5,J6,GL,GR
0.004000,0.000197,-0.011017,0.017811,0.008701,-0.011674,0.013286,0.000078,0.000047
0.008000,0.000288,-0.026641,0.039544,0.017917,-0.022705,0.027144,0.000166,0.000141
0.012000,0.000319,-0.044334,0.061814,0.026969,-0.033081,0.040733,0.000258,0.000249
0.016000,0.000309,-0.063034,0.083563,0.035808,-0.043201,0.054003,0.000358,0.000369
0.020000,0.000271,-0.082262,0.104456,0.044436,-0.053197,0.066957,0.000467,0.000498
0.024000,0.000215,-0.101773,0.124432,0.052859,-0.063114,0.079603,0.000583,0.000631
0.028000,0.000150,-0.121418,0.143518,0.061080,-0.072954,0.091948,0.000705,0.000763
0.032000,0.000079,-0.141096,0.161769,0.069107,-0.082706,0.104000,0.000831,0.000889
0.036000,0.000001,-0.160733,0.179244,0.076942,-0.092356,0.115766,0.000960,0.001008
0.040000,-0.000090,-0.180266,0.195999,0.084591,-0.101888,0.127252,0.001092,0.001120
0.044000,-0.000189,-0.199647,0.212085,0.092058,-0.111289,0.138465,0.001225,0.001219
0.048000,-0.000291,-0.218834,0.227548,0.099346,-0.120550,0.149412,0.001359,0.001302
0.052000,-0.000393,-0.237794,0.242428,0.106461,-0.129661,0.160099,0.001492,0.001370
0.056000,-0.000493,-0.256499,0.256762,0.113406,-0.138617,0.170533,0.001625,0.001420
0.060000,-0.000589,-0.274926,0.270583,0.120185,-0.147413,0.180718,0.001761,0.001452
0.064000,-0.000680,-0.293056,0.283920,0.126802,-0.156046,0.190662,0.001901,0.001466
0.068000,-0.000766,-0.310874,0.296801,0.133261,-0.164513,0.200370,0.002048,0.001464
0.072000,-0.000846,-0.328368,0.309249,0.139566,-0.172813,0.209848,0.002202,0.001445
0.076000,-0.000920,-0.345529,0.321287,0.145719,-0.180945,0.219100,0.002363,0.001410
0.080000,-0.000988,-0.362351,0.332936,0.151725,-0.188910,0.228132,0.002531,0.001361
0.084000,-0.001051,-0.378827,0.344214,0.157587,-0.196708,0.236951,0.002707,0.001300
0.088000,-0.001109,-0.394956,0.355138,0.163309,-0.204340,0.245559,0.002888,0.001231
0.092000,-0.001162,-0.410735,0.365724,0.168893,-0.211807,0.253964,0.003076,0.001155
0.096000,-0.001211,-0.426164,0.375987,0.174343,-0.219110,0.262168,0.003269,0.001075
0.100000,-0.001256,-0.441245,0.385941,0.179662,-0.226253,0.270178,0.003467,0.000993
0.104000,-0.001296,-0.455977,0.395599,0.184854,-0.233236,0.277998,0.003669,0.000908
0.108000,-0.001332,-0.470364,0.404973,0.189920,-0.240062,0.285632,0.003874,0.000823
0.112000,-0.001365,-0.484409,0.414075,0.194865,-0.246732,0.293084,0.004083,0.000738
0.116000,-0.001394,-0.498115,0.422914,0.199691,-0.253251,0.300360,0.004294,0.000652
0.120000,-0.001419,-0.511486,0.431501,0.204401,-0.259619,0.307463,0.004507,0.000566
0.124000,-0.001440,-0.524527,0.439845,0.208998,-0.265839,0.314397,0.004721,0.000481
0.128000,-0.001459,-0.537242,0.447956,0.213484,-0.271915,0.321166,0.004936,0.000397
0.132000,-0.001474,-0.549636,0.455841,0.217862,-0.277849,0.327774,0.005151,0.000313
0.136000,-0.001487,-0.561716,0.463509,0.222135,-0.283642,0.334226,0.005366,0.000231
0.140000,-0.001496,-0.573486,0.470967,0.226306,-0.289299,0.340524,0.005580,0.000149
0.144000,-0.001503,-0.584951,0.478222,0.230375,-0.294822,0.346672,0.005793,0.000069
0.148000,-0.001507,-0.596118,0.485282,0.234347,-0.300213,0.352674,0.006005,-0.000010
0.152000,-0.001510,-0.606993,0.492152,0.238224,-0.305475,0.358534,0.006215,-0.000089
0.156000,-0.001510,-0.617581,0.498840,0.242007,-0.310611,0.364254,0.006423,-0.000165
0.160000,-0.001507,-0.627888,0.505350,0.245699,-0.315623,0.369839,0.006628,-0.000241
0.164000,-0.001503,-0.637920,0.511689,0.249302,-0.320514,0.375290,0.006830,-0.000315
0.168000,-0.001498,-0.647683,0.517861,0.252819,-0.325287,0.380612,0.007030,-0.000388
0.172000,-0.001490,-0.657184,0.523873,0.256251,-0.329944,0.385808,0.007226,-0.000459
0.176000,-0.001482,-0.666427,0.529728,0.259600,-0.334487,0.390880,0.007419,-0.000529
0.180000,-0.001471,-0.675419,0.535433,0.262869,-0.338920,0.395831,0.007609,-0.000597
0.184000,-0.001460,-0.684166,0.540990,0.266059,-0.343244,0.400665,0.007794,-0.000664
0.188000,-0.001447,-0.692674,0.546406,0.269173,-0.347462,0.405383,0.007976,-0.000730
0.192000,-0.001434,-0.700947,0.551683,0.272212,-0.351577,0.409989,0.008154,-0.000794
0.196000,-0.001420,-0.708992,0.556826,0.275177,-0.355590,0.414486,0.008328,-0.000857
0.200000,-0.001404,-0.716815,0.561838,0.278071,-0.359505,0.418876,0.008498,-0.000919
0.204000,-0.001388,-0.724420,0.566725,0.280896,-0.363323,0.423161,0.008664,-0.000979
0.208000,-0.001372,-0.731814,0.571488,0.283653,-0.367046,0.427345,0.008825,-0.001037
0.212000,-0.001355,-0.739001,0.576132,0.286343,-0.370678,0.431429,0.008983,-0.001094
0.216000,-0.001338,-0.745986,0.580659,0.288969,-0.374219,0.435415,0.009136,-0.001150
0.220000,-0.001320,-0.752776,0.585074,0.291532,-0.377673,0.439307,0.009284,-0.001204
0.224000,-0.001302,-0.759374,0.589379,0.294033,-0.381041,0.443107,0.009429,-0.001257
0.228000,-0.001283,-0.765787,0.593577,0.296474,-0.384325,0.446815,0.009569,-0.001309
0.232000,-0.001265,-0.772018,0.597671,0.298856,-0.387527,0.450436,0.009705,-0.001360
0.236000,-0.001247,-0.778072,0.601663,0.301181,-0.390649,0.453970,0.009837,-0.001409
0.240000,-0.001228,-0.783955,0.605558,0.303451,-0.393694,0.457421,0.009965,-0.001457
0.244000,-0.001210,-0.789670,0.609356,0.305665,-0.396662,0.460789,0.010088,-0.001503
0.248000,-0.001191,-0.795222,0.613061,0.307827,-0.399557,0.464077,0.010208,-0.001548
0.252000,-0.001173,-0.800616,0.616676,0.309936,-0.402379,0.467286,0.010323,-0.001593
0.256000,-0.001155,-0.805855,0.620201,0.311995,-0.405130,0.470420,0.010435,-0.001635
0.260000,-0.001137,-0.810945,0.623641,0.314005,-0.407812,0.473478,0.010543,-0.001677
0.264000,-0.001119,-0.815888,0.626996,0.315966,-0.410428,0.476464,0.010647,-0.001718
0.268000,-0.001102,-0.820690,0.630270,0.317880,-0.412977,0.479379,0.010747,-0.001757
0.272000,-0.001085,-0.825353,0.633464,0.319748,-0.415463,0.482224,0.010843,-0.001796
0.276000,-0.001068,-0.829881,0.636580,0.321572,-0.417886,0.485002,0.010936,-0.001833
0.280000,-0.001052,-0.834280,0.639621,0.323351,-0.420249,0.487713,0.011025,-0.001869
0.284000,-0.001036,-0.838551,0.642587,0.325088,-0.422552,0.490360,0.011111,-0.001904
0.288000,-0.001020,-0.842698,0.645482,0.326783,-0.424797,0.492944,0.011194,-0.001939
0.292000,-0.001005,-0.846726,0.648306,0.328438,-0.426986,0.495467,0.011273,-0.001972
0.296000,-0.000991,-0.850637,0.651062,0.330053,-0.429120,0.497929,0.011349,-0.002004
0.300000,-0.000976,-0.854434,0.653752,0.331629,-0.431201,0.500333,0.011422,-0.002035
0.304000,-0.000963,-0.858121,0.656376,0.333167,-0.433229,0.502679,0.011492,-0.002066
0.308000,-0.000949,-0.861701,0.658937,0.334668,-0.435205,0.504971,0.011559,-0.002095
0.312000,-0.000936,-0.865177,0.661435,0.336133,-0.437133,0.507208,0.011624,-0.002124
0.316000,-0.000924,-0.868551,0.663874,0.337563,-0.439011,0.509392,0.011685,-0.002152
0.320000,-0.000912,-0.871828,0.666253,0.338959,-0.440843,0.511524,0.011744,-0.002179
0.324000,-0.000901,-0.875008,0.668575,0.340321,-0.442628,0.513607,0.011800,-0.002205
0.328000,-0.000890,-0.878096,0.670841,0.341651,-0.444369,0.515640,0.011853,-0.002230
0.332000,-0.000880,-0.881094,0.673052,0.342948,-0.446065,0.517625,0.011905,-0.002255
0.336000,-0.000870,-0.884005,0.675210,0.344215,-0.447719,0.519564,0.011953,-0.002279
0.340000,-0.000860,-0.886830,0.677315,0.345451,-0.449331,0.521457,0.012000,-0.002302
0.344000,-0.000851,-0.889572,0.679370,0.346658,-0.450903,0.523306,0.012044,-0.002324
0.348000,-0.000843,-0.892235,0.681375,0.347835,-0.452435,0.525112,0.012087,-0.002346
0.352000,-0.000835,-0.894819,0.683332,0.348984,-0.453929,0.526875,0.012127,-0.002367
0.356000,-0.000827,-0.897328,0.685242,0.350106,-0.455385,0.528596,0.012167,-0.002387
0.360000,-0.000820,-0.899763,0.687105,0.351201,-0.456804,0.530278,0.012205,-0.002406
0.364000,-0.000813,-0.902127,0.688924,0.352270,-0.458188,0.531920,0.012243,-0.002425
0.368000,-0.000807,-0.904422,0.690698,0.353312,-0.459537,0.533523,0.012279,-0.002444
0.372000,-0.000801,-0.906649,0.692430,0.354330,-0.460851,0.535089,0.012315,-0.002461
0.376000,-0.000796,-0.908811,0.694120,0.355324,-0.462133,0.536619,0.012350,-0.002478
0.380000,-0.000791,-0.910909,0.695769,0.356294,-0.463383,0.538112,0.012385,-0.002495
0.384000,-0.000786,-0.912946,0.697378,0.357240,-0.464601,0.539571,0.012418,-0.002511
0.388000,-0.000782,-0.914923,0.698949,0.358164,-0.465789,0.540995,0.012451,-0.002527
0.392000,-0.000778,-0.916842,0.700481,0.359065,-0.466946,0.542387,0.012484,-0.002541
0.396000,-0.000774,-0.918704,0.701976,0.359945,-0.468075,0.543745,0.012516,-0.002556
0.400000,-0.000771,-0.920512,0.703435,0.360804,-0.469175,0.545072,0.012547,-0.002570
0.404000,-0.000769,-0.922267,0.704859,0.361642,-0.470248,0.546368,0.012578,-0.002583
0.408000,-0.000766,-0.923970,0.706248,0.362460,-0.471293,0.547634,0.012608,-0.002596
0.412000,-0.000764,-0.925624,0.707603,0.363258,-0.472313,0.548870,0.012638,-0.002609
0.416000,-0.000763,-0.927228,0.708926,0.364038,-0.473307,0.550077,0.012667,-0.002621
0.420000,-0.000761,-0.928786,0.710216,0.364798,-0.474275,0.551256,0.012696,-0.002633
0.424000,-0.000760,-0.930297,0.711475,0.365540,-0.475220,0.552408,0.012724,-0.002644
0.428000,-0.000760,-0.931765,0.712704,0.366265,-0.476141,0.553532,0.012752,-0.002655
0.432000,-0.000759,-0.933189,0.713902,0.366972,-0.477039,0.554631,0.012779,-0.002665
0.436000,-0.000759,-0.934572,0.715072,0.367662,-0.477914,0.555703,0.012806,-0.002675
0.440000,-0.000760,-0.935913,0.716213,0.368335,-0.478767,0.556751,0.012833,-0.002685
0.444000,-0.000760,-0.937216,0.717326,0.368993,-0.479599,0.557774,0.012859,-0.002694
0.448000,-0.000761,-0.938480,0.718412,0.369634,-0.480410,0.558773,0.012884,-0.002703
0.452000,-0.000762,-0.939707,0.719472,0.370260,-0.481201,0.559749,0.012910,-0.002712
0.456000,-0.000763,-0.940898,0.720505,0.370872,-0.481972,0.560702,0.012935,-0.002720
0.460000,-0.000765,-0.942054,0.721514,0.371468,-0.482724,0.561633,0.012959,-0.002728
0.464000,-0.000767,-0.943177,0.722498,0.372050,-0.483456,0.562542,0.012983,-0.002736
0.468000,-0.000768,-0.944266,0.723458,0.372618,-0.484171,0.563429,0.013007,-0.002743
0.472000,-0.000771,-0.945323,0.724394,0.373173,-0.484868,0.564296,0.013030,-0.002750
0.476000,-0.000773,-0.946349,0.725307,0.373714,-0.485547,0.565143,0.013053,-0.002757
0.480000,-0.000776,-0.947346,0.726199,0.374242,-0.486209,0.565970,0.013076,-0.002763
0.484000,-0.000778,-0.948313,0.727068,0.374757,-0.486855,0.566778,0.013099,-0.002769
0.488000,-0.000781,-0.949251,0.727916,0.375261,-0.487484,0.567567,0.013121,-0.002775
0.492000,-0.000784,-0.950162,0.728743,0.375752,-0.488098,0.568337,0.013143,-0.002781
0.496000,-0.000787,-0.951047,0.729550,0.376231,-0.488697,0.569089,0.013164,-0.002786
0.500000,-0.000791,-0.951905,0.730337,0.376698,-0.489280,0.569824,0.013185,-0.002791
0.504000,-0.000794,-0.952739,0.731105,0.377155,-0.489849,0.570542,0.013206,-0.002796
0.508000,-0.000798,-0.953548,0.731854,0.377600,-0.490404,0.571242,0.013227,-0.002801
0.512000,-0.000801,-0.954333,0.732584,0.378035,-0.490945,0.571927,0.013247,-0.002805
0.516000,-0.000805,-0.955095,0.733297,0.378459,-0.491473,0.572595,0.013267,-0.002810
0.520000,-0.000809,-0.955835,0.733992,0.378874,-0.491987,0.573248,0.013287,-0.002814
0.524000,-0.000813,-0.956554,0.734670,0.379278,-0.492488,0.573886,0.013307,-0.002817
0.528000,-0.000817,-0.957251,0.735331,0.379672,-0.492978,0.574508,0.013326,-0.002821
0.532000,-0.000821,-0.957928,0.735975,0.380057,-0.493454,0.575116,0.013345,-0.002824
0.536000,-0.000826,-0.958585,0.736604,0.380433,-0.493920,0.575710,0.013364,-0.002828
0.540000,-0.000830,-0.959223,0.737218,0.380800,-0.494373,0.576290,0.013383,-0.002831
0.544000,-0.000834,-0.959843,0.737816,0.381157,-0.494815,0.576857,0.013401,-0.002833
0.548000,-0.000839,-0.960444,0.738399,0.381507,-0.495246,0.577410,0.013419,-0.002836
0.552000,-0.000843,-0.961028,0.738968,0.381848,-0.495667,0.577950,0.013437,-0.002839
0.556000,-0.000848,-0.961594,0.739523,0.382180,-0.496077,0.578478,0.013455,-0.002841
0.560000,-0.000852,-0.962145,0.740065,0.382505,-0.496477,0.578993,0.013472,-0.002843
0.564000,-0.000857,-0.962679,0.740592,0.382822,-0.496867,0.579496,0.013490,-0.002845
0.568000,-0.000862,-0.963197,0.741107,0.383131,-0.497247,0.579987,0.013507,-0.002847
0.572000,-0.000866,-0.963701,0.741609,0.383433,-0.497618,0.580467,0.013524,-0.002849
0.576000,-0.000871,-0.964190,0.742098,0.383727,-0.497980,0.580936,0.013541,-0.002850
0.580000,-0.000876,-0.964664,0.742576,0.384015,-0.498332,0.581394,0.013557,-0.002852
0.584000,-0.000881,-0.965125,0.743041,0.384295,-0.498676,0.581841,0.013574,-0.002853
0.588000,-0.000885,-0.965572,0.743495,0.384569,-0.499012,0.582277,0.013590,-0.002854
0.592000,-0.000890,-0.966006,0.743938,0.384836,-0.499339,0.582704,0.013606,-0.002855
0.596000,-0.000895,-0.966428,0.744369,0.385097,-0.499658,0.583120,0.013622,-0.002856
0.600000,-0.000900,-0.966838,0.744790,0.385352,-0.499969,0.583527,0.013637,-0.002857
0.604000,-0.000904,-0.967235,0.745200,0.385600,-0.500273,0.583924,0.013653,-0.002857
0.608000,-0.000909,-0.967621,0.745601,0.385843,-0.500569,0.584312,0.013668,-0.002858
0.612000,-0.000914,-0.967996,0.745991,0.386079,-0.500858,0.584691,0.013684,-0.002858
0.616000,-0.000919,-0.968360,0.746371,0.386310,-0.501139,0.585061,0.013699,-0.002858
0.620000,-0.000923,-0.968713,0.746742,0.386535,-0.501414,0.585422,0.013714,-0.002859
0.624000,-0.000928,-0.969056,0.747104,0.386755,-0.501682,0.585775,0.013728,-0.002859
0.628000,-0.000933,-0.969389,0.747456,0.386970,-0.501943,0.586119,0.013743,-0.002859
0.632000,-0.000937,-0.969713,0.747800,0.387180,-0.502198,0.586456,0.013757,-0.002859
0.636000,-0.000942,-0.970027,0.748135,0.387385,-0.502446,0.586784,0.013772,-0.002858
0.640000,-0.000947,-0.970332,0.748462,0.387585,-0.502689,0.587105,0.013786,-0.002858
0.644000,-0.000951,-0.970628,0.748781,0.387781,-0.502925,0.587419,0.013799,-0.002857
0.648000,-0.000956,-0.970916,0.749091,0.387973,-0.503156,0.587725,0.013813,-0.002856
0.652000,-0.000961,-0.971195,0.749394,0.388161,-0.503381,0.588024,0.013827,-0.002855
0.656000,-0.000965,-0.971466,0.749689,0.388344,-0.503601,0.588317,0.013840,-0.002854
0.660000,-0.000970,-0.971730,0.749977,0.388524,-0.503815,0.588602,0.013853,-0.002853
0.664000,-0.000975,-0.971986,0.750258,0.388700,-0.504024,0.588881,0.013866,-0.002852
0.668000,-0.000979,-0.972234,0.750531,0.388873,-0.504228,0.589153,0.013879,-0.002851
0.672000,-0.000984,-0.972475,0.750798,0.389042,-0.504427,0.589419,0.013892,-0.002849
0.676000,-0.000988,-0.972710,0.751058,0.389207,-0.504622,0.589678,0.013904,-0.002848
0.680000,-0.000993,-0.972937,0.751311,0.389369,-0.504811,0.589932,0.013917,-0.002846
0.684000,-0.000997,-0.973158,0.751558,0.389528,-0.504996,0.590180,0.013929,-0.002844
0.688000,-0.001002,-0.973373,0.751799,0.389684,-0.505176,0.590422,0.013941,-0.002843
0.692000,-0.001006,-0.973581,0.752034,0.389836,-0.505352,0.590658,0.013954,-0.002841
0.696000,-0.001010,-0.973784,0.752263,0.389986,-0.505523,0.590889,0.013966,-0.002839
0.700000,-0.001014,-0.973980,0.752486,0.390132,-0.505691,0.591114,0.013978,-0.002837
0.704000,-0.001019,-0.974171,0.752703,0.390275,-0.505854,0.591334,0.013990,-0.002835
0.708000,-0.001023,-0.974357,0.752915,0.390416,-0.506013,0.591549,0.014002,-0.002833
0.712000,-0.001027,-0.974537,0.753122,0.390554,-0.506169,0.591759,0.014013,-0.002831
0.716000,-0.001031,-0.974712,0.753323,0.390689,-0.506320,0.591964,0.014025,-0.002829
0.720000,-0.001035,-0.974881,0.753520,0.390822,-0.506468,0.592164,0.014037,-0.002827
0.724000,-0.001038,-0.975046,0.753711,0.390951,-0.506612,0.592360,0.014048,-0.002825
0.728000,-0.001042,-0.975207,0.753897,0.391079,-0.506753,0.592551,0.014060,-0.002823
0.732000,-0.001046,-0.975362,0.754079,0.391203,-0.506890,0.592737,0.014071,-0.002821
0.736000,-0.001050,-0.975514,0.754256,0.391326,-0.507024,0.592919,0.014083,-0.002819
0.740000,-0.001053,-0.975660,0.754429,0.391446,-0.507155,0.593097,0.014094,-0.002817
0.744000,-0.001057,-0.975803,0.754598,0.391563,-0.507283,0.593271,0.014105,-0.002815
0.748000,-0.001061,-0.975942,0.754762,0.391678,-0.507407,0.593440,0.014117,-0.002812
0.752000,-0.001064,-0.976076,0.754922,0.391791,-0.507528,0.593606,0.014128,-0.002810
0.756000,-0.001068,-0.976207,0.755077,0.391902,-0.507647,0.593767,0.014139,-0.002808
0.760000,-0.001071,-0.976334,0.755229,0.392010,-0.507762,0.593925,0.014150,-0.002806
0.764000,-0.001074,-0.976457,0.755377,0.392117,-0.507875,0.594080,0.014161,-0.002803
0.768000,-0.001078,-0.976577,0.755522,0.392221,-0.507985,0.594230,0.014172,-0.002801
0.772000,-0.001081,-0.976694,0.755662,0.392323,-0.508092,0.594377,0.014183,-0.002799
0.776000,-0.001084,-0.976807,0.755800,0.392423,-0.508197,0.594521,0.014194,-0.002796
0.780000,-0.001087,-0.976916,0.755933,0.392522,-0.508299,0.594661,0.014204,-0.002794
0.784000,-0.001089,-0.977023,0.756063,0.392618,-0.508398,0.594798,0.014215,-0.002792
0.788000,-0.001092,-0.977127,0.756190,0.392712,-0.508496,0.594931,0.014226,-0.002789
0.792000,-0.001094,-0.977228,0.756314,0.392805,-0.508590,0.595062,0.014236,-0.002787
0.796000,-0.001097,-0.977325,0.756435,0.392895,-0.508683,0.595189,0.014247,-0.002784
0.800000,-0.001099,-0.977420,0.756552,0.392984,-0.508773,0.595314,0.014257,-0.002782
0.804000,-0.001101,-0.977513,0.756667,0.393071,-0.508861,0.595435,0.014268,-0.002780
0.808000,-0.001103,-0.977602,0.756778,0.393157,-0.508947,0.595554,0.014278,-0.002777
0.812000,-0.001105,-0.977689,0.756887,0.393241,-0.509031,0.595670,0.014289,-0.002775
0.816000,-0.001106,-0.977774,0.756993,0.393323,-0.509113,0.595783,0.014299,-0.002772
0.820000,-0.001108,-0.977856,0.757096,0.393403,-0.509193,0.595894,0.014309,-0.002770
0.824000,-0.001109,-0.977936,0.757197,0.393482,-0.509270,0.596002,0.014320,-0.002767
0.828000,-0.001111,-0.978014,0.757295,0.393559,-0.509346,0.596107,0.014330,-0.002765
0.832000,-0.001112,-0.978089,0.757390,0.393635,-0.509421,0.596210,0.014340,-0.002762
0.836000,-0.001113,-0.978162,0.757483,0.393709,-0.509493,0.596310,0.014350,-0.002760
0.840000,-0.001114,-0.978234,0.757574,0.393782,-0.509563,0.596409,0.014360,-0.002757
0.844000,-0.001115,-0.978303,0.757663,0.393854,-0.509632,0.596504,0.014370,-0.002755
0.848000,-0.001116,-0.978370,0.757749,0.393923,-0.509700,0.596598,0.014380,-0.002752
0.852000,-0.001116,-0.978435,0.757833,0.393992,-0.509765,0.596689,0.014390,-0.002750
0.856000,-0.001117,-0.978499,0.757915,0.394059,-0.509829,0.596779,0.014400,-0.002747
0.860000,-0.001118,-0.978560,0.757994,0.394125,-0.509892,0.596866,0.014410,-0.002745
0.864000,-0.001118,-0.978620,0.758072,0.394190,-0.509953,0.596951,0.014420,-0.002742
0.868000,-0.001118,-0.978678,0.758148,0.394253,-0.510012,0.597034,0.014430,-0.002740
0.872000,-0.001119,-0.978735,0.758222,0.394315,-0.510070,0.597115,0.014439,-0.002737
0.876000,-0.001119,-0.978790,0.758293,0.394376,-0.510127,0.597194,0.014449,-0.002735
0.880000,-0.001119,-0.978843,0.758363,0.394435,-0.510182,0.597272,0.014459,-0.002732
0.884000,-0.001119,-0.978895,0.758432,0.394494,-0.510236,0.597347,0.014468,-0.002730
0.888000,-0.001119,-0.978945,0.758498,0.394551,-0.510289,0.597421,0.014478,-0.002727
0.892000,-0.001119,-0.978994,0.758563,0.394607,-0.510340,0.597493,0.014487,-0.002724
0.896000,-0.001118,-0.979042,0.758626,0.394662,-0.510390,0.597563,0.014497,-0.002722
0.900000,-0.001118,-0.979088,0.758688,0.394716,-0.510439,0.597632,0.014506,-0.002719
0.904000,-0.001118,-0.979133,0.758748,0.394768,-0.510487,0.597699,0.014516,-0.002717
0.908000,-0.001117,-0.979177,0.758806,0.394820,-0.510533,0.597765,0.014525,-0.002714
0.912000,-0.001117,-0.979220,0.758864,0.394871,-0.510579,0.597829,0.014534,-0.002711
0.916000,-0.001116,-0.979261,0.758920,0.394921,-0.510623,0.597891,0.014544,-0.002709
0.920000,-0.001115,-0.979301,0.758975,0.394969,-0.510666,0.597952,0.014553,-0.002706
0.924000,-0.001115,-0.979341,0.759028,0.395017,-0.510708,0.598012,0.014562,-0.002703
0.928000,-0.001114,-0.979379,0.759080,0.395064,-0.510749,0.598070,0.014571,-0.002701
0.932000,-0.001113,-0.979416,0.759132,0.395110,-0.510789,0.598126,0.014580,-0.002698
0.936000,-0.001112,-0.979452,0.759182,0.395155,-0.510828,0.598182,0.014589,-0.002695
0.940000,-0.001111,-0.979487,0.759231,0.395199,-0.510866,0.598236,0.014598,-0.002693
0.944000,-0.001110,-0.979521,0.759279,0.395242,-0.510903,0.598289,0.014607,-0.002690
0.948000,-0.001109,-0.979554,0.759326,0.395284,-0.510939,0.598341,0.014616,-0.002687
0.952000,-0.001108,-0.979587,0.759373,0.395326,-0.510975,0.598391,0.014625,-0.002685
0.956000,-0.001106,-0.979618,0.759418,0.395366,-0.511009,0.598440,0.014634,-0.002682
0.960000,-0.001105,-0.979649,0.759462,0.395406,-0.511043,0.598488,0.014643,-0.002679
0.964000,-0.001104,-0.979678,0.759506,0.395445,-0.511075,0.598535,0.014652,-0.002677
0.968000,-0.001102,-0.979707,0.759548,0.395483,-0.511107,0.598581,0.014661,-0.002674
0.972000,-0.001101,-0.979735,0.759590,0.395521,-0.511138,0.598626,0.014670,-0.002671
0.976000,-0.001100,-0.979763,0.759631,0.395558,-0.511169,0.598670,0.014678,-0.002669
0.980000,-0.001098,-0.979789,0.759672,0.395594,-0.511199,0.598712,0.014687,-0.002666
0.984000,-0.001096,-0.979815,0.759711,0.395629,-0.511228,0.598754,0.014696,-0.002664
0.988000,-0.001095,-0.979840,0.759750,0.395663,-0.511256,0.598795,0.014704,-0.002661
0.992000,-0.001093,-0.979864,0.759788,0.395697,-0.511284,0.598835,0.014713,-0.002658
0.996000,-0.001092,-0.979888,0.759826,0.395730,-0.511311,0.598874,0.014722,-0.002656
1.000000,-0.001090,-0.979911,0.759862,0.395763,-0.511337,0.598911,0.014730,-0.002653
1.004000,-0.001088,-0.979933,0.759898,0.395795,-0.511363,0.598949,0.014739,-0.002650
1.008000,-0.001086,-0.979955,0.759934,0.395826,-0.511388,0.598985,0.014747,-0.002648
1.012000,-0.001085,-0.979976,0.759969,0.395857,-0.511413,0.599020,0.014756,-0.002645
1.016000,-0.001083,-0.979996,0.760003,0.395887,-0.511437,0.599055,0.014764,-0.002642
1.020000,-0.001081,-0.980016,0.760036,0.395916,-0.511460,0.599088,0.014773,-0.002640
1.024000,-0.001079,-0.980035,0.760069,0.395945,-0.511483,0.599121,0.014781,-0.002637
1.028000,-0.001077,-0.980054,0.760102,0.395973,-0.511505,0.599153,0.014789,-0.002634
1.032000,-0.001075,-0.980072,0.760134,0.396001,-0.511527,0.599185,0.014798,-0.002632
1.036000,-0.001073,-0.980090,0.760165,0.396028,-0.511549,0.599215,0.014806,-0.002629
1.040000,-0.001071,-0.980107,0.760196,0.396054,-0.511569,0.599245,0.014814,-0.002627
1.044000,-0.001069,-0.980124,0.760226,0.396080,-0.511590,0.599275,0.014822,-0.002624
1.048000,-0.001067,-0.980140,0.760256,0.396105,-0.511610,0.599303,0.014831,-0.002621
1.052000,-0.001065,-0.980156,0.760285,0.396130,-0.511629,0.599331,0.014839,-0.002619
1.056000,-0.001063,-0.980171,0.760314,0.396155,-0.511648,0.599358,0.014847,-0.002616
1.060000,-0.001061,-0.980186,0.760342,0.396179,-0.511667,0.599385,0.014855,-0.002613
1.064000,-0.001059,-0.980200,0.760370,0.396202,-0.511685,0.599411,0.014863,-0.002611
1.068000,-0.001057,-0.980214,0.760397,0.396225,-0.511703,0.599436,0.014871,-0.002608
1.072000,-0.001054,-0.980228,0.760424,0.396248,-0.511720,0.599461,0.014879,-0.002606
1.076000,-0.001052,-0.980241,0.760451,0.396270,-0.511737,0.599485,0.014887,-0.002603
1.080000,-0.001050,-0.980254,0.760477,0.396291,-0.511754,0.599509,0.014895,-0.002600
1.084000,-0.001048,-0.980267,0.760502,0.396312,-0.511770,0.599532,0.014903,-0.002598
1.088000,-0.001046,-0.980279,0.760528,0.396333,-0.511786,0.599555,0.014911,-0.002595
1.092000,-0.001043,-0.980290,0.760552,0.396353,-0.511801,0.599577,0.014919,-0.002593
1.096000,-0.001041,-0.980302,0.760577,0.396373,-0.511817,0.599598,0.014927,-0.002590
1.100000,-0.001039,-0.980313,0.760601,0.396393,-0.511831,0.599619,0.014935,-0.002587
1.104000,-0.001037,-0.980324,0.760624,0.396412,-0.511846,0.599640,0.014943,-0.002585
1.108000,-0.001034,-0.980334,0.760648,0.396430,-0.511860,0.599660,0.014950,-0.002582
1.112000,-0.001032,-0.980344,0.760670,0.396449,-0.511874,0.599680,0.014958,-0.002580
1.116000,-0.001030,-0.980354,0.760693,0.396466,-0.511887,0.599699,0.014966,-0.002577
1.120000,-0.001027,-0.980364,0.760715,0.396484,-0.511901,0.599717,0.014974,-0.002574
1.124000,-0.001025,-0.980373,0.760737,0.396501,-0.511914,0.599736,0.014981,-0.002572
1.128000,-0.001022,-0.980382,0.760758,0.396518,-0.511926,0.599754,0.014989,-0.002569
1.132000,-0.001020,-0.980391,0.760779,0.396535,-0.511939,0.599771,0.014997,-0.002567
1.136000,-0.001018,-0.980400,0.760800,0.396551,-0.511951,0.599788,0.015004,-0.002564
1.140000,-0.001015,-0.980408,0.760821,0.396566,-0.511963,0.599805,0.015012,-0.002561
1.144000,-0.001013,-0.980416,0.760841,0.396582,-0.511974,0.599821,0.015019,-0.002559
1.148000,-0.001011,-0.980425,0.760861,0.396597,-0.511986,0.599837,0.015027,-0.002556
1.152000,-0.001008,-0.980433,0.760880,0.396612,-0.511997,0.599852,0.015034,-0.002554
1.156000,-0.001006,-0.980441,0.760899,0.396627,-0.512007,0.599867,0.015042,-0.002551
1.160000,-0.001003,-0.980449,0.760918,0.396641,-0.512018,0.599882,0.015049,-0.002548
1.164000,-0.001001,-0.980456,0.760937,0.396655,-0.512028,0.599897,0.015056,-0.002546
1.168000,-0.000998,-0.980464,0.760955,0.396668,-0.512038,0.599911,0.015064,-0.002543
1.172000,-0.000996,-0.980472,0.760973,0.396682,-0.512048,0.599924,0.015071,-0.002541
1.176000,-0.000993,-0.980479,0.760991,0.396695,-0.512058,0.599938,0.015078,-0.002538
1.180000,-0.000991,-0.980487,0.761008,0.396708,-0.512067,0.599951,0.015086,-0.002536
1.184000,-0.000988,-0.980494,0.761025,0.396720,-0.512076,0.599964,0.015093,-0.002533
1.188000,-0.000986,-0.980502,0.761042,0.396733,-0.512085,0.599976,0.015100,-0.002530
1.192000,-0.000983,-0.980509,0.761059,0.396745,-0.512094,0.599989,0.015108,-0.002528
1.196000,-0.000981,-0.980516,0.761075,0.396757,-0.512103,0.600001,0.015115,-0.002525
1.200000,-0.000978,-0.980523,0.761091,0.396768,-0.512111,0.600012,0.015122,-0.002523
1.204000,0.002774,-0.961086,0.724709,0.379445,-0.488644,0.593533,0.014338,-0.001955
1.208000,0.007288,-0.936852,0.684482,0.360506,-0.466017,0.586721,0.014211,-0.002163
1.212000,0.012303,-0.910676,0.644880,0.341889,-0.444491,0.580028,0.014644,-0.003015
1.216000,0.017721,-0.883430,0.606736,0.323791,-0.423601,0.573483,0.015429,-0.004271
1.220000,0.023446,-0.855502,0.570175,0.306209,-0.403139,0.567082,0.016372,-0.005720
1.224000,0.029392,-0.827125,0.535159,0.289120,-0.383032,0.560822,0.017335,-0.007207
1.228000,0.035488,-0.798467,0.501608,0.272501,-0.363255,0.554702,0.018228,-0.008635
1.232000,0.041675,-0.769664,0.469437,0.256330,-0.343797,0.548720,0.018999,-0.009943
1.236000,0.047907,-0.740826,0.438561,0.240587,-0.324658,0.542872,0.019621,-0.011101
1.240000,0.054148,-0.712050,0.408899,0.225255,-0.305838,0.537157,0.020083,-0.012093
1.244000,0.060364,-0.683419,0.380372,0.210313,-0.287342,0.531572,0.020336,-0.012917
1.248000,0.066537,-0.655003,0.352916,0.195752,-0.269170,0.526115,0.020444,-0.013582
1.252000,0.072652,-0.626859,0.326467,0.181557,-0.251332,0.520784,0.020457,-0.014100
1.256000,0.078695,-0.599040,0.300964,0.167715,-0.233841,0.515575,0.020412,-0.014481
1.260000,0.084652,-0.571588,0.276347,0.154213,-0.216703,0.510488,0.020311,-0.014740
1.264000,0.090515,-0.544544,0.252565,0.141041,-0.199926,0.505518,0.020149,-0.014908
1.268000,0.096277,-0.517939,0.229562,0.128188,-0.183489,0.500665,0.019928,-0.015013
1.272000,0.101931,-0.491804,0.207296,0.115645,-0.167391,0.495925,0.019650,-0.015081
1.276000,0.107473,-0.466161,0.185724,0.103404,-0.151632,0.491296,0.019323,-0.015127
1.280000,0.112897,-0.441027,0.164807,0.091455,-0.136210,0.486776,0.018949,-0.015145
1.284000,0.118199,-0.416419,0.144511,0.079791,-0.121126,0.482362,0.018536,-0.015136
1.288000,0.123377,-0.392346,0.124803,0.068405,-0.106377,0.478053,0.018090,-0.015099
1.292000,0.128428,-0.368817,0.105653,0.057290,-0.091961,0.473846,0.017617,-0.015039
1.296000,0.133353,-0.345835,0.087035,0.046439,-0.077873,0.469738,0.017123,-0.014957
1.300000,0.138152,-0.323404,0.068924,0.035845,-0.064112,0.465729,0.016614,-0.014858
1.304000,0.142825,-0.301522,0.051299,0.025503,-0.050672,0.461815,0.016095,-0.014744
1.308000,0.147373,-0.280189,0.034137,0.015406,-0.037549,0.457994,0.015569,-0.014620
1.312000,0.151798,-0.259401,0.017420,0.005549,-0.024738,0.454264,0.015041,-0.014488
1.316000,0.156101,-0.239151,0.001131,-0.004075,-0.012236,0.450623,0.014514,-0.014351
1.320000,0.160284,-0.219435,-0.014747,-0.013470,-0.000035,0.447070,0.013990,-0.014212
1.324000,0.164349,-0.200244,-0.030227,-0.022643,0.011868,0.443601,0.013472,-0.014071
1.328000,0.168298,-0.181571,-0.045325,-0.031598,0.023480,0.440215,0.012962,-0.013932
1.332000,0.172134,-0.163406,-0.060052,-0.040340,0.034806,0.436911,0.012461,-0.013795
1.336000,0.175858,-0.145740,-0.074421,-0.048876,0.045853,0.433686,0.011970,-0.013662
1.340000,0.179473,-0.128563,-0.088442,-0.057209,0.056625,0.430537,0.011491,-0.013534
1.344000,0.182982,-0.111864,-0.102125,-0.065344,0.067130,0.427465,0.011023,-0.013411
1.348000,0.186388,-0.095633,-0.115480,-0.073287,0.077372,0.424465,0.010569,-0.013293
1.352000,0.189693,-0.079858,-0.128517,-0.081041,0.087358,0.421538,0.010127,-0.013182
1.356000,0.192899,-0.064529,-0.141243,-0.088611,0.097094,0.418681,0.009699,-0.013077
1.360000,0.196010,-0.049634,-0.153666,-0.096002,0.106586,0.415892,0.009283,-0.012979
1.364000,0.199028,-0.035162,-0.165795,-0.103217,0.115839,0.413170,0.008881,-0.012887
1.368000,0.201955,-0.021102,-0.177635,-0.110262,0.124860,0.410513,0.008492,-0.012801
1.372000,0.204795,-0.007443,-0.189195,-0.117139,0.133653,0.407920,0.008116,-0.012722
1.376000,0.207550,0.005826,-0.200481,-0.123854,0.142225,0.405389,0.007753,-0.012649
1.380000,0.210222,0.018717,-0.211499,-0.130409,0.150582,0.402918,0.007402,-0.012582
1.384000,0.212814,0.031239,-0.222255,-0.136810,0.158728,0.400507,0.007063,-0.012521
1.388000,0.215329,0.043404,-0.232755,-0.143058,0.166668,0.398153,0.006735,-0.012465
1.392000,0.217768,0.055221,-0.243005,-0.149159,0.174409,0.395856,0.006419,-0.012414
1.396000,0.220134,0.066701,-0.253011,-0.155115,0.181956,0.393613,0.006114,-0.012368
1.400000,0.222430,0.077854,-0.262777,-0.160931,0.189313,0.391424,0.005819,-0.012326
1.404000,0.224657,0.088689,-0.272309,-0.166608,0.196485,0.389287,0.005534,-0.012288
1.408000,0.226818,0.099215,-0.281612,-0.172152,0.203477,0.387202,0.005259,-0.012254
1.412000,0.228914,0.109442,-0.290691,-0.177564,0.210293,0.385166,0.004993,-0.012224
1.416000,0.230948,0.119379,-0.299552,-0.182848,0.216939,0.383179,0.004737,-0.012197
1.420000,0.232922,0.129035,-0.308197,-0.188008,0.223419,0.381239,0.004488,-0.012173
1.424000,0.234837,0.138417,-0.316634,-0.193046,0.229737,0.379346,0.004248,-0.012152
1.428000,0.236696,0.147534,-0.324865,-0.197964,0.235897,0.377497,0.004015,-0.012133
1.432000,0.238499,0.156394,-0.332895,-0.202767,0.241904,0.375693,0.003791,-0.012117
1.436000,0.240249,0.165005,-0.340729,-0.207456,0.247761,0.373932,0.003573,-0.012102
1.440000,0.241948,0.173373,-0.348372,-0.212034,0.253472,0.372213,0.003362,-0.012090
1.444000,0.243597,0.181507,-0.355827,-0.216504,0.259041,0.370535,0.003158,-0.012079
1.448000,0.245197,0.189414,-0.363098,-0.220869,0.264472,0.368897,0.002959,-0.012069
1.452000,0.246750,0.197099,-0.370190,-0.225131,0.269769,0.367298,0.002767,-0.012061
1.456000,0.248258,0.204569,-0.377107,-0.229292,0.274934,0.365737,0.002581,-0.012054
1.460000,0.249722,0.211832,-0.383852,-0.233355,0.279972,0.364213,0.002400,-0.012048
1.464000,0.251142,0.218893,-0.390430,-0.237322,0.284885,0.362726,0.002225,-0.012043
1.468000,0.252522,0.225758,-0.396844,-0.241196,0.289677,0.361274,0.002055,-0.012038
1.472000,0.253861,0.232433,-0.403098,-0.244978,0.294350,0.359856,0.001889,-0.012034
1.476000,0.255160,0.238923,-0.409196,-0.248671,0.298909,0.358473,0.001729,-0.012031
1.480000,0.256422,0.245234,-0.415141,-0.252277,0.303356,0.357122,0.001573,-0.012029
1.484000,0.257648,0.251371,-0.420936,-0.255799,0.307693,0.355803,0.001421,-0.012026
1.488000,0.258837,0.257339,-0.426587,-0.259237,0.311924,0.354516,0.001273,-0.012024
1.492000,0.259992,0.263143,-0.432094,-0.262594,0.316051,0.353260,0.001130,-0.012023
1.496000,0.261114,0.268788,-0.437463,-0.265872,0.320077,0.352033,0.000990,-0.012021
1.500000,0.262203,0.274278,-0.442696,-0.269073,0.324004,0.350836,0.000854,-0.012020
1.504000,0.263260,0.279619,-0.447797,-0.272198,0.327835,0.349667,0.000722,-0.012019
1.508000,0.264287,0.284813,-0.452768,-0.275250,0.331573,0.348526,0.000593,-0.012018
1.512000,0.265284,0.289865,-0.457613,-0.278230,0.335219,0.347412,0.000468,-0.012017
1.516000,0.266252,0.294780,-0.462335,-0.281140,0.338777,0.346325,0.000346,-0.012016
1.520000,0.267192,0.299562,-0.466936,-0.283981,0.342247,0.345263,0.000227,-0.012015
1.524000,0.268105,0.304213,-0.471420,-0.286755,0.345634,0.344227,0.000112,-0.012014
1.528000,0.268992,0.308738,-0.475790,-0.289464,0.348937,0.343215,-0.000001,-0.012013
1.532000,0.269853,0.313141,-0.480048,-0.292109,0.352161,0.342228,-0.000111,-0.012012
1.536000,0.270689,0.317424,-0.484197,-0.294692,0.355306,0.341264,-0.000218,-0.012011
1.540000,0.271500,0.321591,-0.488239,-0.297214,0.358375,0.340323,-0.000322,-0.012010
1.544000,0.272289,0.325646,-0.492178,-0.299677,0.361369,0.339404,-0.000424,-0.012008
1.548000,0.273055,0.329592,-0.496015,-0.302081,0.364290,0.338507,-0.000523,-0.012007
1.552000,0.273798,0.333431,-0.499754,-0.304429,0.367141,0.337632,-0.000619,-0.012005
1.556000,0.274520,0.337167,-0.503396,-0.306722,0.369923,0.336777,-0.000714,-0.012004
1.560000,0.275222,0.340802,-0.506944,-0.308961,0.372637,0.335943,-0.000805,-0.012002
1.564000,0.275903,0.344339,-0.510401,-0.311147,0.375286,0.335128,-0.000895,-0.012000
1.568000,0.276564,0.347782,-0.513769,-0.313281,0.377870,0.334333,-0.000982,-0.011998
1.572000,0.277207,0.351132,-0.517049,-0.315365,0.380392,0.333557,-0.001067,-0.011996
1.576000,0.277830,0.354392,-0.520245,-0.317401,0.382853,0.332799,-0.001150,-0.011994
1.580000,0.278436,0.357565,-0.523357,-0.319388,0.385255,0.332059,-0.001231,-0.011991
1.584000,0.279025,0.360653,-0.526390,-0.321328,0.387599,0.331337,-0.001310,-0.011989
1.588000,0.279596,0.363658,-0.529343,-0.323223,0.389886,0.330632,-0.001387,-0.011986
1.592000,0.280151,0.366583,-0.532220,-0.325073,0.392118,0.329944,-0.001462,-0.011984
1.596000,0.280690,0.369430,-0.535022,-0.326880,0.394296,0.329272,-0.001535,-0.011981
1.600000,0.281214,0.372200,-0.537751,-0.328644,0.396421,0.328616,-0.001607,-0.011978
1.604000,0.281722,0.374897,-0.540409,-0.330366,0.398496,0.327976,-0.001676,-0.011975
1.608000,0.282216,0.377522,-0.542997,-0.332048,0.400520,0.327351,-0.001744,-0.011972
1.612000,0.282696,0.380077,-0.545519,-0.333690,0.402496,0.326741,-0.001811,-0.011969
1.616000,0.283161,0.382564,-0.547974,-0.335294,0.404424,0.326145,-0.001875,-0.011965
1.620000,0.283614,0.384985,-0.550366,-0.336860,0.406306,0.325563,-0.001938,-0.011962
1.624000,0.284053,0.387342,-0.552695,-0.338389,0.408142,0.324996,-0.002000,-0.011959
1.628000,0.284480,0.389635,-0.554963,-0.339882,0.409935,0.324441,-0.002060,-0.011955
1.632000,0.284894,0.391868,-0.557172,-0.341340,0.411684,0.323900,-0.002118,-0.011951
1.636000,0.285297,0.394042,-0.559323,-0.342763,0.413391,0.323372,-0.002175,-0.011948
1.640000,0.285687,0.396157,-0.561418,-0.344153,0.415057,0.322856,-0.002231,-0.011944
1.644000,0.286067,0.398217,-0.563458,-0.345510,0.416683,0.322353,-0.002285,-0.011940
1.648000,0.286436,0.400222,-0.565445,-0.346835,0.418271,0.321861,-0.002338,-0.011937
1.652000,0.286794,0.402174,-0.567379,-0.348129,0.419820,0.321381,-0.002390,-0.011933
1.656000,0.287141,0.404074,-0.569263,-0.349393,0.421331,0.320912,-0.002441,-0.011929
1.660000,0.287479,0.405924,-0.571098,-0.350627,0.422807,0.320454,-0.002490,-0.011925
1.664000,0.287807,0.407725,-0.572884,-0.351831,0.424247,0.320007,-0.002538,-0.011921
1.668000,0.288125,0.409478,-0.574623,-0.353008,0.425653,0.319569,-0.002585,-0.011917
1.672000,0.288435,0.411184,-0.576317,-0.354156,0.427025,0.319142,-0.002630,-0.011913
1.676000,0.288735,0.412846,-0.577966,-0.355278,0.428364,0.318724,-0.002675,-0.011909
1.680000,0.289027,0.414464,-0.579572,-0.356373,0.429671,0.318316,-0.002718,-0.011905
1.684000,0.289310,0.416039,-0.581136,-0.357442,0.430946,0.317917,-0.002761,-0.011900
1.688000,0.289585,0.417572,-0.582658,-0.358487,0.432192,0.317526,-0.002802,-0.011896
1.692000,0.289852,0.419065,-0.584141,-0.359506,0.433407,0.317145,-0.002843,-0.011892
1.696000,0.290112,0.420518,-0.585584,-0.360502,0.434593,0.316772,-0.002882,-0.011888
1.700000,0.290364,0.421933,-0.586989,-0.361474,0.435751,0.316407,-0.002920,-0.011884
1.704000,0.290609,0.423311,-0.588358,-0.362423,0.436881,0.316050,-0.002958,-0.011880
1.708000,0.290846,0.424652,-0.589690,-0.363350,0.437984,0.315701,-0.002994,-0.011875
1.712000,0.291077,0.425958,-0.590987,-0.364255,0.439060,0.315360,-0.003030,-0.011871
1.716000,0.291301,0.427229,-0.592251,-0.365138,0.440111,0.315026,-0.003065,-0.011867
1.720000,0.291519,0.428467,-0.593480,-0.366001,0.441137,0.314700,-0.003099,-0.011863
1.724000,0.291730,0.429672,-0.594678,-0.366844,0.442138,0.314380,-0.003132,-0.011859
1.728000,0.291935,0.430846,-0.595843,-0.367666,0.443115,0.314068,-0.003164,-0.011854
1.732000,0.292135,0.431989,-0.596978,-0.368470,0.444069,0.313763,-0.003196,-0.011850
1.736000,0.292328,0.433101,-0.598083,-0.369254,0.445000,0.313464,-0.003227,-0.011846
1.740000,0.292516,0.434184,-0.599159,-0.370020,0.445909,0.313171,-0.003257,-0.011842
1.744000,0.292698,0.435239,-0.600206,-0.370768,0.446796,0.312885,-0.003286,-0.011838
1.748000,0.292876,0.436266,-0.601226,-0.371498,0.447662,0.312606,-0.003315,-0.011834
1.752000,0.293048,0.437266,-0.602219,-0.372211,0.448507,0.312332,-0.003342,-0.011830
1.756000,0.293215,0.438239,-0.603185,-0.372907,0.449332,0.312064,-0.003370,-0.011826
1.760000,0.293377,0.439187,-0.604126,-0.373587,0.450137,0.311802,-0.003396,-0.011822
1.764000,0.293535,0.440110,-0.605043,-0.374251,0.450923,0.311546,-0.003422,-0.011818
1.768000,0.293688,0.441009,-0.605934,-0.374899,0.451690,0.311295,-0.003447,-0.011814
1.772000,0.293836,0.441884,-0.606803,-0.375532,0.452439,0.311049,-0.003472,-0.011810
1.776000,0.293981,0.442736,-0.607648,-0.376150,0.453170,0.310809,-0.003496,-0.011806
1.780000,0.294121,0.443566,-0.608471,-0.376753,0.453884,0.310575,-0.003519,-0.011802
1.784000,0.294257,0.444374,-0.609272,-0.377342,0.454580,0.310345,-0.003542,-0.011798
1.788000,0.294389,0.445161,-0.610052,-0.377917,0.455260,0.310120,-0.003565,-0.011794
1.792000,0.294517,0.445927,-0.610812,-0.378479,0.455924,0.309900,-0.003587,-0.011790
1.796000,0.294641,0.446672,-0.611551,-0.379028,0.456571,0.309685,-0.003608,-0.011786
1.800000,0.294762,0.447399,-0.612271,-0.379563,0.457204,0.309474,-0.003629,-0.011782
1.804000,0.294880,0.448106,-0.612971,-0.380086,0.457821,0.309268,-0.003649,-0.011779
1.808000,0.294994,0.448794,-0.613653,-0.380597,0.458423,0.309067,-0.003669,-0.011775
1.812000,0.295104,0.449465,-0.614317,-0.381095,0.459011,0.308869,-0.003688,-0.011771
1.816000,0.295212,0.450118,-0.614964,-0.381582,0.459586,0.308677,-0.003707,-0.011767
1.820000,0.295316,0.450754,-0.615593,-0.382058,0.460146,0.308488,-0.003725,-0.011764
1.824000,0.295417,0.451373,-0.616206,-0.382522,0.460693,0.308303,-0.003743,-0.011760
1.828000,0.295516,0.451975,-0.616802,-0.382975,0.461227,0.308122,-0.003760,-0.011757
1.832000,0.295611,0.452562,-0.617383,-0.383418,0.461748,0.307945,-0.003778,-0.011753
1.836000,0.295704,0.453134,-0.617948,-0.383851,0.462257,0.307772,-0.003794,-0.011750
1.840000,0.295794,0.453691,-0.618498,-0.384274,0.462753,0.307603,-0.003810,-0.011746
1.844000,0.295881,0.454233,-0.619034,-0.384687,0.463238,0.307437,-0.003826,-0.011743
1.848000,0.295966,0.454760,-0.619555,-0.385091,0.463711,0.307275,-0.003842,-0.011739
1.852000,0.296048,0.455274,-0.620062,-0.385486,0.464173,0.307116,-0.003857,-0.011736
1.856000,0.296128,0.455775,-0.620557,-0.385872,0.464624,0.306961,-0.003871,-0.011733
1.860000,0.296206,0.456262,-0.621038,-0.386250,0.465064,0.306809,-0.003886,-0.011730
1.864000,0.296281,0.456737,-0.621506,-0.386619,0.465494,0.306660,-0.003900,-0.011726
1.868000,0.296354,0.457199,-0.621962,-0.386980,0.465913,0.306515,-0.003913,-0.011723
1.872000,0.296425,0.457649,-0.622405,-0.387333,0.466323,0.306372,-0.003927,-0.011720
1.876000,0.296494,0.458087,-0.622837,-0.387679,0.466722,0.306233,-0.003940,-0.011716
1.880000,0.296560,0.458513,-0.623258,-0.388017,0.467113,0.306097,-0.003953,-0.011712
1.884000,0.296625,0.458929,-0.623667,-0.388347,0.467493,0.305963,-0.003965,-0.011708
1.888000,0.296688,0.459333,-0.624065,-0.388670,0.467865,0.305833,-0.003977,-0.011704
1.892000,0.296749,0.459727,-0.624453,-0.388987,0.468228,0.305705,-0.003989,-0.011700
1.896000,0.296808,0.460111,-0.624831,-0.389296,0.468582,0.305580,-0.004000,-0.011695
1.900000,0.296866,0.460484,-0.625198,-0.389599,0.468928,0.305458,-0.004012,-0.011690
1.904000,0.296922,0.460848,-0.625556,-0.389895,0.469265,0.305338,-0.004023,-0.011685
1.908000,0.296976,0.461202,-0.625905,-0.390185,0.469595,0.305221,-0.004033,-0.011680
1.912000,0.297029,0.461547,-0.626244,-0.390469,0.469917,0.305107,-0.004044,-0.011674
1.916000,0.297080,0.461883,-0.626574,-0.390746,0.470231,0.304995,-0.004054,-0.011668
1.920000,0.297129,0.462210,-0.626895,-0.391018,0.470537,0.304885,-0.004064,-0.011662
1.924000,0.297178,0.462529,-0.627208,-0.391283,0.470836,0.304778,-0.004074,-0.011656
1.928000,0.297224,0.462839,-0.627512,-0.391543,0.471128,0.304673,-0.004084,-0.011650
1.932000,0.297270,0.463141,-0.627809,-0.391798,0.471413,0.304570,-0.004093,-0.011643
1.936000,0.297314,0.463435,-0.628097,-0.392047,0.471692,0.304470,-0.004102,-0.011637
1.940000,0.297357,0.463722,-0.628378,-0.392291,0.471963,0.304372,-0.004111,-0.011630
1.944000,0.297398,0.464000,-0.628651,-0.392529,0.472228,0.304276,-0.004120,-0.011623
1.948000,0.297438,0.464272,-0.628917,-0.392762,0.472487,0.304182,-0.004128,-0.011616
1.952000,0.297477,0.464537,-0.629177,-0.392991,0.472740,0.304090,-0.004137,-0.011609
1.956000,0.297515,0.464794,-0.629429,-0.393214,0.472987,0.304000,-0.004145,-0.011601
1.960000,0.297552,0.465045,-0.629674,-0.393433,0.473228,0.303912,-0.004154,-0.011593
1.964000,0.297588,0.465289,-0.629913,-0.393647,0.473463,0.303826,-0.004162,-0.011586
1.968000,0.297623,0.465527,-0.630146,-0.393857,0.473692,0.303742,-0.004171,-0.011578
1.972000,0.297656,0.465758,-0.630372,-0.394062,0.473917,0.303660,-0.004180,-0.011570
1.976000,0.297689,0.465984,-0.630593,-0.394262,0.474136,0.303579,-0.004189,-0.011562
1.980000,0.297720,0.466203,-0.630808,-0.394459,0.474350,0.303501,-0.004198,-0.011553
1.984000,0.297751,0.466417,-0.631017,-0.394651,0.474560,0.303424,-0.004207,-0.011545
1.988000,0.297781,0.466625,-0.631220,-0.394839,0.474765,0.303349,-0.004216,-0.011536
1.992000,0.297810,0.466828,-0.631418,-0.395023,0.474965,0.303275,-0.004226,-0.011528
1.996000,0.297838,0.467025,-0.631611,-0.395204,0.475161,0.303203,-0.004235,-0.011519
2.000000,0.297865,0.467217,-0.631799,-0.395380,0.475353,0.303132,-0.004245,-0.011510
2.004000,0.297892,0.467404,-0.631981,-0.395553,0.475541,0.303064,-0.004255,-0.011501
2.008000,0.297917,0.467586,-0.632159,-0.395722,0.475725,0.302996,-0.004265,-0.011492
2.012000,0.297942,0.467763,-0.632333,-0.395887,0.475905,0.302930,-0.004275,-0.011483
2.016000,0.297966,0.467936,-0.632501,-0.396049,0.476081,0.302866,-0.004285,-0.011473
2.020000,0.297990,0.468104,-0.632665,-0.396207,0.476253,0.302803,-0.004295,-0.011464
2.024000,0.298013,0.468268,-0.632825,-0.396362,0.476422,0.302741,-0.004305,-0.011454
2.028000,0.298035,0.468427,-0.632981,-0.396514,0.476588,0.302681,-0.004315,-0.011445
2.032000,0.298056,0.468583,-0.633132,-0.396662,0.476750,0.302622,-0.004326,-0.011435
2.036000,0.298077,0.468734,-0.633279,-0.396808,0.476908,0.302564,-0.004336,-0.011425
2.040000,0.298097,0.468881,-0.633423,-0.396950,0.477064,0.302508,-0.004346,-0.011415
2.044000,0.298117,0.469025,-0.633562,-0.397089,0.477216,0.302453,-0.004357,-0.011406
2.048000,0.298136,0.469164,-0.633698,-0.397225,0.477365,0.302399,-0.004368,-0.011396
2.052000,0.298154,0.469300,-0.633831,-0.397359,0.477511,0.302346,-0.004378,-0.011386
2.056000,0.298172,0.469433,-0.633960,-0.397489,0.477654,0.302294,-0.004389,-0.011375
2.060000,0.298190,0.469561,-0.634085,-0.397617,0.477795,0.302244,-0.004400,-0.011365
2.064000,0.298207,0.469687,-0.634207,-0.397742,0.477932,0.302195,-0.004411,-0.011355
2.068000,0.298223,0.469809,-0.634326,-0.397864,0.478067,0.302146,-0.004422,-0.011345
2.072000,0.298239,0.469928,-0.634441,-0.397984,0.478199,0.302099,-0.004433,-0.011335
2.076000,0.298254,0.470044,-0.634554,-0.398101,0.478328,0.302053,-0.004444,-0.011324
2.080000,0.298269,0.470157,-0.634663,-0.398216,0.478455,0.302008,-0.004455,-0.011314
2.084000,0.298284,0.470267,-0.634770,-0.398328,0.478579,0.301964,-0.004466,-0.011303
2.088000,0.298298,0.470374,-0.634874,-0.398438,0.478701,0.301920,-0.004477,-0.011293
2.092000,0.298312,0.470479,-0.634975,-0.398546,0.478820,0.301878,-0.004488,-0.011282
2.096000,0.298325,0.470580,-0.635073,-0.398651,0.478937,0.301837,-0.004500,-0.011272
2.100000,0.298338,0.470679,-0.635169,-0.398754,0.479052,0.301796,-0.004511,-0.011261
2.104000,0.298350,0.470776,-0.635262,-0.398855,0.479164,0.301757,-0.004522,-0.011250
2.108000,0.298363,0.470870,-0.635353,-0.398954,0.479274,0.301718,-0.004533,-0.011240
2.112000,0.298374,0.470961,-0.635441,-0.399050,0.479382,0.301680,-0.004545,-0.011229
2.116000,0.298386,0.471050,-0.635527,-0.399145,0.479488,0.301643,-0.004556,-0.011218
2.120000,0.298397,0.471137,-0.635610,-0.399237,0.479592,0.301607,-0.004568,-0.011208
2.124000,0.298408,0.471221,-0.635692,-0.399328,0.479693,0.301572,-0.004579,-0.011197
2.128000,0.298418,0.471303,-0.635771,-0.399416,0.479793,0.301537,-0.004591,-0.011186
2.132000,0.298428,0.471383,-0.635848,-0.399503,0.479890,0.301503,-0.004602,-0.011175
2.136000,0.298438,0.471461,-0.635923,-0.399588,0.479986,0.301470,-0.004614,-0.011164
2.140000,0.298448,0.471537,-0.635996,-0.399671,0.480080,0.301438,-0.004625,-0.011153
2.144000,0.298457,0.471611,-0.636067,-0.399752,0.480172,0.301406,-0.004637,-0.011142
2.148000,0.298466,0.471683,-0.636136,-0.399832,0.480262,0.301375,-0.004648,-0.011131
2.152000,0.298475,0.471753,-0.636204,-0.399909,0.480350,0.301345,-0.004660,-0.011120
2.156000,0.298483,0.471822,-0.636269,-0.399986,0.480437,0.301315,-0.004671,-0.011109
2.160000,0.298492,0.471888,-0.636333,-0.400060,0.480522,0.301286,-0.004683,-0.011098
2.164000,0.298500,0.471953,-0.636395,-0.400133,0.480605,0.301258,-0.004695,-0.011087
2.168000,0.298507,0.472016,-0.636456,-0.400204,0.480687,0.301230,-0.004706,-0.011076
2.172000,0.298515,0.472078,-0.636514,-0.400274,0.480767,0.301203,-0.004718,-0.011065
2.176000,0.298522,0.472138,-0.636572,-0.400343,0.480845,0.301177,-0.004730,-0.011054
2.180000,0.298529,0.472196,-0.636627,-0.400410,0.480922,0.301151,-0.004741,-0.011043
2.184000,0.298536,0.472253,-0.636682,-0.400475,0.480997,0.301125,-0.004753,-0.011032
2.188000,0.298543,0.472308,-0.636735,-0.400539,0.481071,0.301101,-0.004765,-0.011021
2.192000,0.298549,0.472362,-0.636786,-0.400602,0.481144,0.301076,-0.004776,-0.011010
2.196000,0.298556,0.472414,-0.636836,-0.400663,0.481215,0.301052,-0.004788,-0.010999
2.200000,0.298562,0.472465,-0.636885,-0.400724,0.481284,0.301029,-0.004800,-0.010988
2.204000,0.298568,0.472515,-0.636932,-0.400782,0.481352,0.301007,-0.004812,-0.010977
2.208000,0.298573,0.472563,-0.636978,-0.400840,0.481419,0.300984,-0.004823,-0.010966
2.212000,0.298579,0.472611,-0.637023,-0.400896,0.481485,0.300963,-0.004835,-0.010954
2.216000,0.298584,0.472657,-0.637067,-0.400951,0.481549,0.300941,-0.004847,-0.010943
2.220000,0.298589,0.472701,-0.637109,-0.401005,0.481612,0.300920,-0.004858,-0.010932
2.224000,0.298594,0.472745,-0.637151,-0.401058,0.481674,0.300900,-0.004870,-0.010921
2.228000,0.298599,0.472787,-0.637191,-0.401110,0.481734,0.300880,-0.004882,-0.010910
2.232000,0.298604,0.472829,-0.637230,-0.401160,0.481794,0.300861,-0.004894,-0.010899
2.236000,0.298609,0.472869,-0.637268,-0.401210,0.481852,0.300842,-0.004905,-0.010888
2.240000,0.298613,0.472908,-0.637305,-0.401258,0.481909,0.300823,-0.004917,-0.010876
2.244000,0.298618,0.472946,-0.637342,-0.401306,0.481965,0.300805,-0.004929,-0.010865
2.248000,0.298622,0.472984,-0.637377,-0.401352,0.482020,0.300787,-0.004941,-0.010854
2.252000,0.298626,0.473020,-0.637411,-0.401398,0.482074,0.300770,-0.004952,-0.010843
2.256000,0.298630,0.473055,-0.637444,-0.401442,0.482126,0.300752,-0.004964,-0.010832
2.260000,0.298634,0.473089,-0.637477,-0.401485,0.482178,0.300736,-0.004976,-0.010821
2.264000,0.298637,0.473123,-0.637509,-0.401528,0.482229,0.300719,-0.004987,-0.010810
2.268000,0.298641,0.473156,-0.637540,-0.401570,0.482278,0.300703,-0.004999,-0.010799
2.272000,0.298645,0.473187,-0.637570,-0.401610,0.482327,0.300688,-0.005011,-0.010787
2.276000,0.298648,0.473219,-0.637600,-0.401650,0.482375,0.300672,-0.005022,-0.010776
2.280000,0.298651,0.473249,-0.637629,-0.401689,0.482421,0.300658,-0.005034,-0.010765
2.284000,0.298654,0.473278,-0.637658,-0.401728,0.482467,0.300643,-0.005046,-0.010754
2.288000,0.298658,0.473307,-0.637686,-0.401765,0.482512,0.300629,-0.005057,-0.010743
2.292000,0.298661,0.473335,-0.637714,-0.401802,0.482556,0.300615,-0.005069,-0.010732
2.296000,0.298663,0.473363,-0.637742,-0.401838,0.482599,0.300601,-0.005081,-0.010721
2.300000,0.298666,0.473389,-0.637769,-0.401873,0.482641,0.300587,-0.005092,-0.010710
2.304000,0.298669,0.473415,-0.637795,-0.401907,0.482683,0.300574,-0.005104,-0.010699
2.308000,0.298672,0.473441,-0.637822,-0.401941,0.482723,0.300562,-0.005116,-0.010688
2.312000,0.298674,0.473465,-0.637848,-0.401974,0.482763,0.300549,-0.005127,-0.010677
2.316000,0.298677,0.473489,-0.637873,-0.402006,0.482802,0.300537,-0.005139,-0.010666
2.320000,0.298679,0.473513,-0.637899,-0.402037,0.482840,0.300525,-0.005150,-0.010655
2.324000,0.298682,0.473536,-0.637924,-0.402068,0.482877,0.300513,-0.005162,-0.010643
2.328000,0.298684,0.473558,-0.637948,-0.402099,0.482914,0.300501,-0.005174,-0.010632
2.332000,0.298686,0.473579,-0.637972,-0.402128,0.482950,0.300490,-0.005185,-0.010621
2.336000,0.298688,0.473600,-0.637996,-0.402157,0.482985,0.300479,-0.005197,-0.010611
2.340000,0.298690,0.473621,-0.638020,-0.402185,0.483020,0.300468,-0.005208,-0.010600
2.344000,0.298692,0.473641,-0.638043,-0.402213,0.483054,0.300458,-0.005220,-0.010589
2.348000,0.298694,0.473660,-0.638066,-0.402240,0.483087,0.300448,-0.005231,-0.010578
2.352000,0.298696,0.473679,-0.638089,-0.402267,0.483120,0.300437,-0.005243,-0.010567
2.356000,0.298698,0.473697,-0.638111,-0.402293,0.483152,0.300428,-0.005254,-0.010556
2.360000,0.298700,0.473715,-0.638133,-0.402318,0.483183,0.300418,-0.005266,-0.010545
2.364000,0.298701,0.473732,-0.638155,-0.402343,0.483214,0.300408,-0.005277,-0.010534
2.368000,0.298703,0.473749,-0.638177,-0.402367,0.483244,0.300399,-0.005288,-0.010523
2.372000,0.298705,0.473766,-0.638198,-0.402391,0.483273,0.300390,-0.005300,-0.010512
2.376000,0.298706,0.473782,-0.638219,-0.402414,0.483302,0.300381,-0.005311,-0.010502
2.380000,0.298708,0.473797,-0.638240,-0.402437,0.483331,0.300373,-0.005322,-0.010491
2.384000,0.298709,0.473812,-0.638260,-0.402460,0.483359,0.300364,-0.005334,-0.010480
2.388000,0.298710,0.473827,-0.638281,-0.402481,0.483386,0.300356,-0.005345,-0.010469
2.392000,0.298712,0.473841,-0.638301,-0.402503,0.483413,0.300348,-0.005356,-0.010458
2.396000,0.298713,0.473855,-0.638320,-0.402524,0.483439,0.300340,-0.005368,-0.010448
2.400000,0.298714,0.473869,-0.638340,-0.402544,0.483465,0.300332,-0.005379,-0.010437
2.404000,0.305158,0.454228,-0.606660,-0.380284,0.457025,0.313410,-0.007196,-0.008621
2.408000,0.310106,0.425249,-0.564303,-0.355728,0.429775,0.327191,-0.008927,-0.006833
2.412000,0.313792,0.392500,-0.518457,-0.331005,0.403454,0.340753,-0.010209,-0.005453
2.416000,0.316643,0.358494,-0.472009,-0.306566,0.377907,0.354016,-0.011105,-0.004431
2.420000,0.318968,0.324329,-0.426162,-0.282580,0.352982,0.366973,-0.011658,-0.003736
2.424000,0.320947,0.290484,-0.381397,-0.259111,0.328601,0.379627,-0.011935,-0.003307
2.428000,0.322689,0.257163,-0.337890,-0.236183,0.304729,0.391983,-0.012006,-0.003080
2.432000,0.324263,0.224452,-0.295683,-0.213800,0.281350,0.404045,-0.011928,-0.003004
2.436000,0.325714,0.192385,-0.254768,-0.191957,0.258456,0.415820,-0.011746,-0.003034
2.440000,0.327073,0.160971,-0.215114,-0.170644,0.236041,0.427315,-0.011496,-0.003139
2.444000,0.328362,0.130210,-0.176682,-0.149851,0.214097,0.438537,-0.011203,-0.003294
2.448000,0.329599,0.100095,-0.139431,-0.129566,0.192620,0.449491,-0.010886,-0.003482
2.452000,0.330795,0.070618,-0.103322,-0.109776,0.171602,0.460185,-0.010557,-0.003689
2.456000,0.331960,0.041769,-0.068316,-0.090469,0.151036,0.470623,-0.010227,-0.003906
2.460000,0.333102,0.013539,-0.034374,-0.071632,0.130915,0.480813,-0.009901,-0.004129
2.464000,0.334226,-0.014083,-0.001462,-0.053253,0.111231,0.490761,-0.009583,-0.004352
2.468000,0.335316,-0.041108,0.030457,-0.035322,0.091976,0.500471,-0.009281,-0.004567
2.472000,0.336383,-0.067546,0.061415,-0.017825,0.073143,0.509951,-0.008993,-0.004778
2.476000,0.337436,-0.093407,0.091445,-0.000751,0.054722,0.519205,-0.008716,-0.004985
2.480000,0.338478,-0.118700,0.120578,0.015912,0.036707,0.528239,-0.008451,-0.005188
2.484000,0.339513,-0.143435,0.148844,0.032173,0.019091,0.537058,-0.008196,-0.005389
2.488000,0.340544,-0.167623,0.176272,0.048043,0.001864,0.545668,-0.007950,-0.005587
2.492000,0.341571,-0.191271,0.202890,0.063532,-0.014980,0.554073,-0.007712,-0.005784
2.496000,0.342595,-0.214390,0.228723,0.078648,-0.031449,0.562278,-0.007483,-0.005979
2.500000,0.343618,-0.236988,0.253798,0.093402,-0.047550,0.570289,-0.007260,-0.006174
2.504000,0.344640,-0.259075,0.278140,0.107802,-0.063290,0.578109,-0.007042,-0.006368
2.508000,0.345660,-0.280659,0.301772,0.121857,-0.078677,0.585743,-0.006831,-0.006562
2.512000,0.346679,-0.301748,0.324718,0.135575,-0.093718,0.593196,-0.006623,-0.006757
2.516000,0.347696,-0.322352,0.347001,0.148965,-0.108419,0.600471,-0.006420,-0.006952
2.520000,0.348711,-0.342478,0.368640,0.162034,-0.122787,0.607574,-0.006220,-0.007148
2.524000,0.349724,-0.362134,0.389658,0.174791,-0.136829,0.614509,-0.006023,-0.007345
2.528000,0.350733,-0.381330,0.410075,0.187241,-0.150552,0.621278,-0.005828,-0.007543
2.532000,0.351739,-0.400073,0.429908,0.199394,-0.163962,0.627887,-0.005636,-0.007743
2.536000,0.352741,-0.418371,0.449178,0.211256,-0.177065,0.634339,-0.005445,-0.007944
2.540000,0.353738,-0.436232,0.467903,0.222834,-0.189868,0.640638,-0.005256,-0.008146
2.544000,0.354729,-0.453664,0.486099,0.234135,-0.202376,0.646787,-0.005069,-0.008349
2.548000,0.355715,-0.470675,0.503783,0.245165,-0.214597,0.652789,-0.004883,-0.008554
2.552000,0.356695,-0.487272,0.520971,0.255930,-0.226535,0.658650,-0.004699,-0.008759
2.556000,0.357667,-0.503464,0.537680,0.266438,-0.238197,0.664371,-0.004515,-0.008965
2.560000,0.358631,-0.519257,0.553923,0.276693,-0.249588,0.669956,-0.004334,-0.009171
2.564000,0.359588,-0.534660,0.569716,0.286703,-0.260715,0.675409,-0.004154,-0.009377
2.568000,0.360535,-0.549680,0.585073,0.296473,-0.271582,0.680732,-0.003975,-0.009584
2.572000,0.361473,-0.564325,0.600006,0.306008,-0.282196,0.685928,-0.003798,-0.009790
2.576000,0.362402,-0.578601,0.614530,0.315314,-0.292560,0.691001,-0.003623,-0.009995
2.580000,0.363320,-0.592517,0.628657,0.324396,-0.302682,0.695954,-0.003450,-0.010200
2.584000,0.364227,-0.606079,0.642398,0.333261,-0.312566,0.700789,-0.003279,-0.010403
2.588000,0.365123,-0.619295,0.655765,0.341912,-0.322217,0.705508,-0.003110,-0.010605
2.592000,0.366008,-0.632172,0.668771,0.350355,-0.331641,0.710116,-0.002944,-0.010805
2.596000,0.366880,-0.644716,0.681425,0.358596,-0.340841,0.714614,-0.002780,-0.011004
2.600000,0.367740,-0.656936,0.693739,0.366638,-0.349824,0.719005,-0.002619,-0.011200
2.604000,0.368587,-0.668838,0.705722,0.374487,-0.358593,0.723292,-0.002460,-0.011393
2.608000,0.369422,-0.680428,0.717384,0.382146,-0.367154,0.727477,-0.002305,-0.011585
2.612000,0.370243,-0.691714,0.728735,0.389622,-0.375512,0.731562,-0.002153,-0.011773
2.616000,0.371051,-0.702703,0.739784,0.396917,-0.383669,0.735551,-0.002004,-0.011958
2.620000,0.371845,-0.713400,0.750540,0.404037,-0.391632,0.739444,-0.001859,-0.012140
2.624000,0.372624,-0.723813,0.761011,0.410985,-0.399404,0.743244,-0.001717,-0.012318
2.628000,0.373390,-0.733948,0.771206,0.417765,-0.406990,0.746955,-0.001578,-0.012493
2.632000,0.374142,-0.743811,0.781132,0.424383,-0.414394,0.750577,-0.001444,-0.012664
2.636000,0.374879,-0.753409,0.790798,0.430841,-0.421620,0.754112,-0.001313,-0.012832
2.640000,0.375602,-0.762748,0.800210,0.437143,-0.428672,0.757564,-0.001186,-0.012995
2.644000,0.376310,-0.771834,0.809376,0.443293,-0.435555,0.760933,-0.001062,-0.013154
2.648000,0.377004,-0.780673,0.818303,0.449295,-0.442271,0.764223,-0.000943,-0.013309
2.652000,0.377683,-0.789271,0.826998,0.455152,-0.448824,0.767433,-0.000828,-0.013460
2.656000,0.378348,-0.797634,0.835467,0.460868,-0.455219,0.770568,-0.000716,-0.013607
2.660000,0.378998,-0.805767,0.843717,0.466446,-0.461460,0.773628,-0.000609,-0.013749
2.664000,0.379633,-0.813676,0.851753,0.471889,-0.467549,0.776615,-0.000506,-0.013887
2.668000,0.380254,-0.821367,0.859581,0.477202,-0.473490,0.779530,-0.000406,-0.014021
2.672000,0.380860,-0.828845,0.867208,0.482386,-0.479287,0.782377,-0.000311,-0.014150
2.676000,0.381452,-0.836116,0.874638,0.487445,-0.484943,0.785155,-0.000220,-0.014275
2.680000,0.382030,-0.843185,0.881878,0.492381,-0.490461,0.787868,-0.000132,-0.014396
2.684000,0.382594,-0.850056,0.888932,0.497199,-0.495845,0.790515,-0.000049,-0.014512
2.688000,0.383143,-0.856736,0.895805,0.501901,-0.501098,0.793100,0.000031,-0.014623
2.692000,0.383679,-0.863228,0.902502,0.506489,-0.506222,0.795623,0.000107,-0.014731
2.696000,0.384200,-0.869538,0.909029,0.510966,-0.511222,0.798086,0.000180,-0.014834
2.700000,0.384709,-0.875671,0.915389,0.515335,-0.516099,0.800491,0.000250,-0.014934
2.704000,0.385203,-0.881630,0.921587,0.519599,-0.520856,0.802839,0.000318,-0.015029
2.708000,0.385685,-0.887422,0.927627,0.523760,-0.525498,0.805132,0.000384,-0.015120
2.712000,0.386153,-0.893049,0.933513,0.527821,-0.530025,0.807371,0.000447,-0.015207
2.716000,0.386609,-0.898517,0.939251,0.531783,-0.534442,0.809557,0.000509,-0.015290
2.720000,0.387051,-0.903830,0.944842,0.535650,-0.538750,0.811692,0.000569,-0.015369
2.724000,0.387481,-0.908992,0.950292,0.539424,-0.542953,0.813777,0.000628,-0.015445
2.728000,0.387899,-0.914007,0.955604,0.543106,-0.547053,0.815813,0.000684,-0.015516
2.732000,0.388305,-0.918879,0.960781,0.546700,-0.551051,0.817802,0.000740,-0.015584
2.736000,0.388699,-0.923611,0.965828,0.550207,-0.554952,0.819744,0.000793,-0.015649
2.740000,0.389081,-0.928209,0.970747,0.553629,-0.558757,0.821641,0.000846,-0.015710
2.744000,0.389452,-0.932675,0.975541,0.556969,-0.562468,0.823493,0.000897,-0.015768
2.748000,0.389812,-0.937013,0.980215,0.560228,-0.566088,0.825303,0.000946,-0.015824
2.752000,0.390161,-0.941227,0.984770,0.563408,-0.569619,0.827070,0.000994,-0.015877
2.756000,0.390498,-0.945320,0.989211,0.566511,-0.573063,0.828796,0.001041,-0.015928
2.760000,0.390826,-0.949295,0.993540,0.569540,-0.576423,0.830482,0.001087,-0.015977
2.764000,0.391143,-0.953156,0.997760,0.572496,-0.579699,0.832128,0.001131,-0.016025
2.768000,0.391450,-0.956905,1.001873,0.575380,-0.582895,0.833736,0.001174,-0.016072
2.772000,0.391747,-0.960547,1.005883,0.578194,-0.586012,0.835307,0.001216,-0.016117
2.776000,0.392035,-0.964084,1.009792,0.580941,-0.589053,0.836841,0.001257,-0.016161
2.780000,0.392313,-0.967518,1.013602,0.583621,-0.592018,0.838339,0.001297,-0.016204
2.784000,0.392582,-0.970854,1.017317,0.586237,-0.594911,0.839802,0.001335,-0.016246
2.788000,0.392842,-0.974094,1.020937,0.588789,-0.597732,0.841231,0.001373,-0.016286
2.792000,0.393094,-0.977240,1.024467,0.591280,-0.600483,0.842627,0.001410,-0.016326
2.796000,0.393337,-0.980295,1.027908,0.593710,-0.603167,0.843990,0.001445,-0.016365
2.800000,0.393571,-0.983261,1.031262,0.596082,-0.605785,0.845322,0.001480,-0.016402
2.804000,0.393798,-0.986142,1.034532,0.598397,-0.608338,0.846622,0.001514,-0.016439
2.808000,0.394017,-0.988940,1.037720,0.600656,-0.610828,0.847892,0.001547,-0.016475
2.812000,0.394228,-0.991657,1.040827,0.602860,-0.613257,0.849132,0.001579,-0.016510
2.816000,0.394432,-0.994295,1.043856,0.605010,-0.615626,0.850344,0.001610,-0.016544
2.820000,0.394628,-0.996858,1.046808,0.607109,-0.617937,0.851527,0.001641,-0.016578
2.824000,0.394818,-0.999345,1.049687,0.609158,-0.620190,0.852682,0.001671,-0.016610
2.828000,0.395000,-1.001761,1.052493,0.611156,-0.622388,0.853810,0.001700,-0.016642
2.832000,0.395177,-1.004108,1.055228,0.613107,-0.624532,0.854912,0.001728,-0.016673
2.836000,0.395346,-1.006386,1.057894,0.615010,-0.626623,0.855988,0.001755,-0.016703
2.840000,0.395510,-1.008598,1.060493,0.616867,-0.628663,0.857039,0.001782,-0.016733
2.844000,0.395667,-1.010746,1.063026,0.618679,-0.630652,0.858066,0.001808,-0.016762
2.848000,0.395819,-1.012833,1.065496,0.620448,-0.632593,0.859068,0.001834,-0.016790
2.852000,0.395965,-1.014859,1.067903,0.622174,-0.634485,0.860047,0.001859,-0.016818
2.856000,0.396105,-1.016826,1.070250,0.623858,-0.636331,0.861002,0.001883,-0.016845
2.860000,0.396241,-1.018736,1.072537,0.625501,-0.638131,0.861936,0.001906,-0.016872
2.864000,0.396371,-1.020591,1.074767,0.627105,-0.639887,0.862847,0.001930,-0.016898
2.868000,0.396495,-1.022393,1.076940,0.628670,-0.641600,0.863737,0.001952,-0.016923
2.872000,0.396616,-1.024142,1.079059,0.630197,-0.643270,0.864607,0.001974,-0.016948
2.876000,0.396731,-1.025841,1.081124,0.631687,-0.644900,0.865455,0.001995,-0.016972
2.880000,0.396842,-1.027491,1.083136,0.633141,-0.646489,0.866284,0.002016,-0.016996
2.884000,0.396948,-1.029093,1.085098,0.634560,-0.648039,0.867093,0.002037,-0.017019
2.888000,0.397051,-1.030649,1.087011,0.635945,-0.649551,0.867884,0.002057,-0.017042
2.892000,0.397149,-1.032160,1.088875,0.637296,-0.651026,0.868655,0.002076,-0.017064
2.896000,0.397243,-1.033627,1.090691,0.638614,-0.652464,0.869409,0.002095,-0.017086
2.900000,0.397334,-1.035052,1.092462,0.639901,-0.653867,0.870145,0.002114,-0.017108
2.904000,0.397420,-1.036436,1.094188,0.641156,-0.655236,0.870863,0.002132,-0.017129
2.908000,0.397503,-1.037780,1.095871,0.642381,-0.656571,0.871565,0.002150,-0.017149
2.912000,0.397583,-1.039085,1.097510,0.643577,-0.657873,0.872250,0.002167,-0.017169
2.916000,0.397659,-1.040353,1.099109,0.644743,-0.659143,0.872919,0.002184,-0.017189
2.920000,0.397732,-1.041584,1.100666,0.645881,-0.660381,0.873572,0.002201,-0.017208
2.924000,0.397802,-1.042780,1.102184,0.646992,-0.661590,0.874210,0.002217,-0.017227
2.928000,0.397869,-1.043941,1.103664,0.648076,-0.662768,0.874832,0.002233,-0.017246
2.932000,0.397933,-1.045069,1.105106,0.649134,-0.663918,0.875440,0.002249,-0.017264
2.936000,0.397995,-1.046164,1.106512,0.650166,-0.665039,0.876034,0.002264,-0.017282
2.940000,0.398053,-1.047228,1.107882,0.651173,-0.666133,0.876614,0.002279,-0.017300
2.944000,0.398109,-1.048261,1.109217,0.652155,-0.667200,0.877180,0.002293,-0.017317
2.948000,0.398163,-1.049265,1.110518,0.653114,-0.668241,0.877732,0.002308,-0.017334
2.952000,0.398214,-1.050240,1.111786,0.654050,-0.669256,0.878272,0.002322,-0.017351
2.956000,0.398263,-1.051186,1.113022,0.654963,-0.670246,0.878799,0.002335,-0.017367
2.960000,0.398309,-1.052106,1.114226,0.655854,-0.671212,0.879313,0.002349,-0.017383
2.964000,0.398354,-1.052999,1.115400,0.656723,-0.672154,0.879815,0.002362,-0.017399
2.968000,0.398396,-1.053866,1.116544,0.657571,-0.673073,0.880306,0.002375,-0.017415
2.972000,0.398436,-1.054709,1.117659,0.658399,-0.673969,0.880785,0.002387,-0.017430
2.976000,0.398475,-1.055528,1.118745,0.659207,-0.674844,0.881252,0.002400,-0.017445
2.980000,0.398511,-1.056323,1.119804,0.659995,-0.675697,0.881709,0.002412,-0.017460
2.984000,0.398546,-1.057095,1.120836,0.660764,-0.676529,0.882154,0.002424,-0.017475
2.988000,0.398579,-1.057845,1.121842,0.661514,-0.677341,0.882589,0.002435,-0.017489
2.992000,0.398610,-1.058574,1.122821,0.662246,-0.678132,0.883014,0.002447,-0.017503
2.996000,0.398640,-1.059282,1.123776,0.662961,-0.678905,0.883429,0.002458,-0.017517
3.000000,0.398669,-1.059969,1.124707,0.663658,-0.679658,0.883834,0.002469,-0.017531
3.004000,0.398695,-1.060637,1.125614,0.664338,-0.680393,0.884229,0.002480,-0.017544
3.008000,0.398721,-1.061286,1.126497,0.665002,-0.681110,0.884616,0.002491,-0.017557
3.012000,0.398745,-1.061917,1.127359,0.665650,-0.681809,0.884992,0.002501,-0.017570
3.016000,0.398768,-1.062529,1.128198,0.666282,-0.682491,0.885360,0.002511,-0.017583
3.020000,0.398789,-1.063124,1.129015,0.666899,-0.683157,0.885720,0.002521,-0.017596
3.024000,0.398810,-1.063702,1.129812,0.667500,-0.683806,0.886071,0.002531,-0.017609
3.028000,0.398829,-1.064263,1.130589,0.668088,-0.684439,0.886413,0.002541,-0.017621
3.032000,0.398847,-1.064809,1.131345,0.668661,-0.685057,0.886747,0.002550,-0.017633
3.036000,0.398864,-1.065339,1.132082,0.669220,-0.685660,0.887074,0.002560,-0.017645
3.040000,0.398880,-1.065854,1.132801,0.669765,-0.686248,0.887393,0.002569,-0.017657
3.044000,0.398895,-1.066354,1.133501,0.670297,-0.686821,0.887704,0.002578,-0.017668
3.048000,0.398910,-1.066840,1.134183,0.670817,-0.687381,0.888008,0.002587,-0.017680
3.052000,0.398923,-1.067312,1.134847,0.671324,-0.687926,0.888304,0.002596,-0.017691
3.056000,0.398935,-1.067771,1.135495,0.671818,-0.688459,0.888594,0.002605,-0.017703
3.060000,0.398947,-1.068216,1.136126,0.672301,-0.688978,0.888877,0.002613,-0.017714
3.064000,0.398958,-1.068649,1.136741,0.672771,-0.689485,0.889153,0.002622,-0.017724
3.068000,0.398968,-1.069070,1.137340,0.673231,-0.689979,0.889422,0.002630,-0.017735
3.072000,0.398977,-1.069479,1.137924,0.673679,-0.690461,0.889686,0.002638,-0.017746
3.076000,0.398986,-1.069876,1.138492,0.674117,-0.690932,0.889943,0.002646,-0.017756
3.080000,0.398994,-1.070262,1.139047,0.674543,-0.691391,0.890193,0.002654,-0.017767
3.084000,0.399002,-1.070637,1.139587,0.674960,-0.691838,0.890438,0.002662,-0.017777
3.088000,0.399009,-1.071001,1.140113,0.675366,-0.692275,0.890677,0.002669,-0.017787
3.092000,0.399015,-1.071355,1.140625,0.675763,-0.692701,0.890911,0.002677,-0.017797
3.096000,0.399021,-1.071700,1.141125,0.676149,-0.693117,0.891139,0.002684,-0.017807
3.100000,0.399026,-1.072034,1.141611,0.676527,-0.693522,0.891361,0.002692,-0.017817
3.104000,0.399031,-1.072359,1.142085,0.676895,-0.693918,0.891579,0.002699,-0.017827
3.108000,0.399035,-1.072674,1.142547,0.677255,-0.694304,0.891791,0.002706,-0.017836
3.112000,0.399039,-1.072981,1.142997,0.677605,-0.694680,0.891998,0.002713,-0.017846
3.116000,0.399042,-1.073279,1.143436,0.677948,-0.695047,0.892200,0.002720,-0.017855
3.120000,0.399045,-1.073569,1.143863,0.678281,-0.695406,0.892398,0.002727,-0.017865
3.124000,0.399048,-1.073850,1.144279,0.678607,-0.695755,0.892590,0.002734,-0.017874
3.128000,0.399050,-1.074124,1.144685,0.678925,-0.696096,0.892778,0.002740,-0.017883
3.132000,0.399052,-1.074390,1.145080,0.679235,-0.696429,0.892962,0.002747,-0.017892
3.136000,0.399053,-1.074648,1.145465,0.679538,-0.696754,0.893141,0.002754,-0.017901
3.140000,0.399055,-1.074899,1.145840,0.679833,-0.697070,0.893317,0.002760,-0.017910
3.144000,0.399056,-1.075143,1.146205,0.680121,-0.697379,0.893488,0.002766,-0.017919
3.148000,0.399056,-1.075380,1.146561,0.680402,-0.697681,0.893655,0.002773,-0.017927
3.152000,0.399057,-1.075611,1.146908,0.680677,-0.697976,0.893817,0.002779,-0.017936
3.156000,0.399057,-1.075835,1.147246,0.680944,-0.698264,0.893977,0.002785,-0.017945
3.160000,0.399056,-1.076052,1.147575,0.681205,-0.698545,0.894132,0.002792,-0.017953
3.164000,0.399056,-1.076264,1.147896,0.681460,-0.698819,0.894284,0.002798,-0.017962
3.168000,0.399055,-1.076469,1.148208,0.681709,-0.699088,0.894432,0.002804,-0.017971
3.172000,0.399055,-1.076669,1.148512,0.681951,-0.699350,0.894576,0.002810,-0.017979
3.176000,0.399053,-1.076863,1.148809,0.682188,-0.699606,0.894717,0.002816,-0.017988
3.180000,0.399052,-1.077051,1.149098,0.682419,-0.699857,0.894855,0.002823,-0.017996
3.184000,0.399051,-1.077235,1.149380,0.682645,-0.700102,0.894990,0.002829,-0.018004
3.188000,0.399049,-1.077413,1.149654,0.682864,-0.700341,0.895121,0.002835,-0.018013
3.192000,0.399047,-1.077586,1.149921,0.683079,-0.700575,0.895249,0.002841,-0.018021
3.196000,0.399045,-1.077754,1.150181,0.683289,-0.700805,0.895375,0.002846,-0.018029
3.200000,0.399043,-1.077918,1.150435,0.683494,-0.701029,0.895497,0.002852,-0.018037
3.204000,0.399041,-1.078077,1.150682,0.683694,-0.701248,0.895616,0.002858,-0.018045
3.208000,0.399039,-1.078231,1.150922,0.683890,-0.701462,0.895733,0.002863,-0.018053
3.212000,0.399036,-1.078381,1.151157,0.684082,-0.701672,0.895847,0.002869,-0.018061
3.216000,0.399034,-1.078527,1.151385,0.684269,-0.701877,0.895958,0.002874,-0.018068
3.220000,0.399031,-1.078669,1.151607,0.684453,-0.702078,0.896067,0.002879,-0.018076
3.224000,0.399028,-1.078807,1.151824,0.684633,-0.702274,0.896173,0.002884,-0.018083
3.228000,0.399025,-1.078942,1.152035,0.684809,-0.702466,0.896276,0.002889,-0.018090
3.232000,0.399022,-1.079072,1.152241,0.684981,-0.702654,0.896378,0.002894,-0.018097
3.236000,0.399019,-1.079199,1.152441,0.685150,-0.702838,0.896476,0.002899,-0.018105
3.240000,0.399016,-1.079322,1.152636,0.685316,-0.703018,0.896573,0.002904,-0.018112
3.244000,0.399013,-1.079442,1.152826,0.685478,-0.703195,0.896667,0.002909,-0.018119
3.248000,0.399010,-1.079559,1.153011,0.685636,-0.703367,0.896759,0.002913,-0.018126
3.252000,0.399006,-1.079672,1.153191,0.685792,-0.703536,0.896849,0.002918,-0.018132
3.256000,0.399003,-1.079782,1.153367,0.685944,-0.703701,0.896937,0.002922,-0.018139
3.260000,0.399000,-1.079889,1.153538,0.686094,-0.703862,0.897022,0.002927,-0.018146
3.264000,0.398997,-1.079993,1.153705,0.686240,-0.704020,0.897106,0.002932,-0.018153
3.268000,0.398993,-1.080094,1.153867,0.686383,-0.704175,0.897188,0.002936,-0.018159
3.272000,0.398990,-1.080193,1.154025,0.686524,-0.704326,0.897267,0.002940,-0.018166
3.276000,0.398987,-1.080288,1.154179,0.686661,-0.704474,0.897345,0.002945,-0.018173
3.280000,0.398984,-1.080381,1.154329,0.686796,-0.704619,0.897421,0.002949,-0.018179
3.284000,0.398980,-1.080472,1.154475,0.686929,-0.704760,0.897495,0.002954,-0.018186
3.288000,0.398977,-1.080560,1.154618,0.687058,-0.704899,0.897568,0.002958,-0.018192
3.292000,0.398974,-1.080645,1.154756,0.687185,-0.705035,0.897638,0.002962,-0.018199
3.296000,0.398971,-1.080728,1.154891,0.687310,-0.705167,0.897707,0.002966,-0.018205
3.300000,0.398967,-1.080809,1.155023,0.687431,-0.705297,0.897775,0.002971,-0.018211
3.304000,0.398964,-1.080887,1.155151,0.687551,-0.705424,0.897841,0.002975,-0.018218
3.308000,0.398961,-1.080964,1.155276,0.687668,-0.705549,0.897905,0.002979,-0.018224
3.312000,0.398958,-1.081038,1.155397,0.687783,-0.705671,0.897968,0.002983,-0.018230
3.316000,0.398955,-1.081110,1.155516,0.687895,-0.705790,0.898029,0.002987,-0.018237
3.320000,0.398952,-1.081180,1.155631,0.688006,-0.705906,0.898089,0.002991,-0.018243
3.324000,0.398948,-1.081248,1.155744,0.688114,-0.706020,0.898147,0.002995,-0.018249
3.328000,0.398945,-1.081315,1.155853,0.688219,-0.706132,0.898204,0.003000,-0.018255
3.332000,0.398942,-1.081379,1.155960,0.688323,-0.706241,0.898259,0.003004,-0.018261
3.336000,0.398939,-1.081442,1.156064,0.688425,-0.706348,0.898314,0.003008,-0.018267
3.340000,0.398936,-1.081503,1.156165,0.688525,-0.706453,0.898367,0.003012,-0.018274
3.344000,0.398934,-1.081562,1.156263,0.688622,-0.706555,0.898418,0.003016,-0.018280
3.348000,0.398931,-1.081619,1.156359,0.688718,-0.706655,0.898469,0.003020,-0.018286
3.352000,0.398928,-1.081675,1.156453,0.688812,-0.706753,0.898518,0.003024,-0.018292
3.356000,0.398925,-1.081730,1.156544,0.688904,-0.706850,0.898566,0.003027,-0.018298
3.360000,0.398922,-1.081783,1.156633,0.688994,-0.706943,0.898613,0.003031,-0.018304
3.364000,0.398920,-1.081834,1.156719,0.689082,-0.707035,0.898659,0.003035,-0.018310
3.368000,0.398917,-1.081884,1.156803,0.689168,-0.707125,0.898704,0.003039,-0.018316
3.372000,0.398915,-1.081933,1.156885,0.689253,-0.707214,0.898747,0.003043,-0.018321
3.376000,0.398913,-1.081980,1.156965,0.689336,-0.707300,0.898790,0.003047,-0.018327
3.380000,0.398911,-1.082026,1.157043,0.689418,-0.707384,0.898831,0.003051,-0.018333
3.384000,0.398909,-1.082071,1.157119,0.689497,-0.707467,0.898872,0.003054,-0.018339
3.388000,0.398907,-1.082114,1.157192,0.689576,-0.707548,0.898912,0.003058,-0.018345
3.392000,0.398905,-1.082157,1.157264,0.689652,-0.707627,0.898950,0.003062,-0.018351
3.396000,0.398904,-1.082198,1.157334,0.689727,-0.707704,0.898988,0.003066,-0.018356
3.400000,0.398902,-1.082238,1.157403,0.689801,-0.707780,0.899025,0.003069,-0.018362
3.404000,0.398901,-1.082277,1.157469,0.689873,-0.707854,0.899061,0.003073,-0.018368
3.408000,0.398900,-1.082314,1.157534,0.689943,-0.707927,0.899096,0.003077,-0.018373
3.412000,0.398898,-1.082351,1.157597,0.690013,-0.707998,0.899130,0.003080,-0.018379
3.416000,0.398897,-1.082387,1.157659,0.690080,-0.708068,0.899164,0.003084,-0.018385
3.420000,0.398896,-1.082422,1.157719,0.690147,-0.708136,0.899197,0.003088,-0.018390
3.424000,0.398896,-1.082456,1.157778,0.690212,-0.708202,0.899228,0.003091,-0.018396
3.428000,0.398895,-1.082489,1.157836,0.690276,-0.708267,0.899260,0.003095,-0.018401
3.432000,0.398894,-1.082521,1.157892,0.690339,-0.708331,0.899290,0.003098,-0.018407
3.436000,0.398894,-1.082553,1.157947,0.690400,-0.708393,0.899320,0.003102,-0.018412
3.440000,0.398893,-1.082583,1.158001,0.690460,-0.708454,0.899349,0.003105,-0.018418
3.444000,0.398893,-1.082613,1.158053,0.690519,-0.708514,0.899377,0.003109,-0.018423
3.448000,0.398893,-1.082642,1.158105,0.690577,-0.708573,0.899404,0.003112,-0.018429
3.452000,0.398892,-1.082670,1.158155,0.690633,-0.708630,0.899431,0.003116,-0.018434
3.456000,0.398892,-1.082697,1.158205,0.690689,-0.708686,0.899458,0.003119,-0.018440
3.460000,0.398892,-1.082724,1.158253,0.690743,-0.708741,0.899483,0.003123,-0.018445
3.464000,0.398892,-1.082750,1.158301,0.690796,-0.708794,0.899508,0.003126,-0.018450
3.468000,0.398892,-1.082775,1.158347,0.690848,-0.708847,0.899533,0.003130,-0.018456
3.472000,0.398893,-1.082800,1.158392,0.690899,-0.708898,0.899557,0.003133,-0.018461
3.476000,0.398893,-1.082823,1.158437,0.690950,-0.708948,0.899580,0.003137,-0.018466
3.480000,0.398893,-1.082847,1.158481,0.690999,-0.708998,0.899603,0.003140,-0.018472
3.484000,0.398894,-1.082869,1.158524,0.691047,-0.709046,0.899625,0.003143,-0.018477
3.488000,0.398894,-1.082891,1.158566,0.691094,-0.709093,0.899646,0.003147,-0.018482
3.492000,0.398895,-1.082913,1.158607,0.691140,-0.709139,0.899668,0.003150,-0.018487
3.496000,0.398895,-1.082933,1.158647,0.691185,-0.709185,0.899688,0.003154,-0.018493
3.500000,0.398896,-1.082954,1.158687,0.691229,-0.709229,0.899708,0.003157,-0.018498
3.504000,0.398897,-1.082973,1.158726,0.691273,-0.709272,0.899728,0.003160,-0.018503
3.508000,0.398898,-1.082992,1.158764,0.691315,-0.709315,0.899747,0.003164,-0.018508
3.512000,0.398898,-1.083011,1.158802,0.691357,-0.709357,0.899766,0.003167,-0.018514
3.516000,0.398899,-1.083029,1.158839,0.691398,-0.709398,0.899784,0.003170,-0.018519
3.520000,0.398900,-1.083046,1.158875,0.691438,-0.709438,0.899802,0.003174,-0.018524
3.524000,0.398901,-1.083063,1.158910,0.691477,-0.709477,0.899820,0.003177,-0.018529
3.528000,0.398902,-1.083080,1.158945,0.691515,-0.709515,0.899837,0.003180,-0.018534
3.532000,0.398903,-1.083096,1.158980,0.691553,-0.709553,0.899853,0.003183,-0.018539
3.536000,0.398905,-1.083111,1.159013,0.691590,-0.709590,0.899870,0.003187,-0.018544
3.540000,0.398906,-1.083127,1.159046,0.691626,-0.709626,0.899885,0.003190,-0.018549
3.544000,0.398907,-1.083141,1.159079,0.691661,-0.709661,0.899901,0.003193,-0.018554
3.548000,0.398908,-1.083156,1.159111,0.691696,-0.709696,0.899916,0.003196,-0.018559
3.552000,0.398910,-1.083169,1.159142,0.691730,-0.709730,0.899931,0.003200,-0.018564
3.556000,0.398911,-1.083183,1.159173,0.691763,-0.709763,0.899945,0.003203,-0.018569
3.560000,0.398912,-1.083196,1.159204,0.691795,-0.709795,0.899959,0.003206,-0.018574
3.564000,0.398914,-1.083209,1.159233,0.691827,-0.709827,0.899973,0.003209,-0.018579
3.568000,0.398915,-1.083221,1.159263,0.691858,-0.709859,0.899987,0.003212,-0.018584
3.572000,0.398917,-1.083233,1.159292,0.691889,-0.709889,0.900000,0.003216,-0.018589
3.576000,0.398918,-1.083245,1.159320,0.691919,-0.709919,0.900012,0.003219,-0.018594
3.580000,0.398920,-1.083256,1.159348,0.691948,-0.709949,0.900025,0.003222,-0.018599
3.584000,0.398921,-1.083267,1.159375,0.691977,-0.709978,0.900037,0.003225,-0.018604
3.588000,0.398923,-1.083278,1.159402,0.692005,-0.710006,0.900049,0.003228,-0.018609
3.592000,0.398925,-1.083289,1.159429,0.692032,-0.710034,0.900061,0.003231,-0.018614
3.596000,0.398926,-1.083299,1.159455,0.692059,-0.710061,0.900072,0.003234,-0.018618
3.600000,0.398928,-1.083309,1.159480,0.692086,-0.710087,0.900083,0.003237,-0.018623
3.604000,0.399428,-1.066831,1.128776,0.679033,-0.695499,0.880048,0.002562,-0.017707
3.608000,0.398253,-1.047526,1.095421,0.663767,-0.680794,0.859294,0.002400,-0.017102
3.612000,0.395492,-1.027432,1.062744,0.648383,-0.666464,0.838951,0.002683,-0.016806
3.616000,0.391398,-1.007009,1.031189,0.633217,-0.652285,0.819073,0.003270,-0.016721
3.620000,0.386195,-0.986432,1.000789,0.618322,-0.638221,0.799652,0.004022,-0.016743
3.624000,0.380072,-0.965804,0.971498,0.603711,-0.624285,0.780680,0.004843,-0.016799
3.628000,0.373194,-0.945201,0.943261,0.589389,-0.610495,0.762151,0.005672,-0.016845
3.632000,0.365705,-0.924680,0.916023,0.575361,-0.596865,0.744056,0.006470,-0.016856
3.636000,0.357732,-0.904293,0.889733,0.561629,-0.583411,0.726388,0.007220,-0.016820
3.640000,0.349384,-0.884080,0.864342,0.548192,-0.570148,0.709139,0.007911,-0.016735
3.644000,0.340756,-0.864075,0.839806,0.535050,-0.557086,0.692302,0.008541,-0.016602
3.648000,0.331932,-0.844308,0.816082,0.522200,-0.544238,0.675867,0.009113,-0.016426
3.652000,0.322982,-0.824801,0.793130,0.509642,-0.531613,0.659827,0.009629,-0.016214
3.656000,0.313971,-0.805577,0.770914,0.497371,-0.519218,0.644173,0.010097,-0.015976
3.660000,0.304950,-0.786652,0.749400,0.485384,-0.507060,0.628897,0.010521,-0.015722
3.664000,0.295965,-0.768041,0.728553,0.473677,-0.495145,0.613983,0.010906,-0.015458
3.668000,0.287055,-0.749756,0.708345,0.462245,-0.483476,0.599423,0.011259,-0.015187
3.672000,0.278252,-0.731807,0.688745,0.451085,-0.472055,0.585209,0.011582,-0.014914
3.676000,0.269583,-0.714202,0.669727,0.440191,-0.460883,0.571333,0.011881,-0.014639
3.680000,0.261070,-0.696948,0.651266,0.429559,-0.449961,0.557787,0.012159,-0.014366
3.684000,0.252731,-0.680049,0.633340,0.419182,-0.439288,0.544563,0.012418,-0.014094
3.688000,0.244581,-0.663509,0.615924,0.409057,-0.428862,0.531653,0.012661,-0.013825
3.692000,0.236630,-0.647330,0.599001,0.399178,-0.418682,0.519051,0.012890,-0.013559
3.696000,0.228886,-0.631512,0.582549,0.389539,-0.408744,0.506749,0.013106,-0.013296
3.700000,0.221356,-0.616056,0.566552,0.380136,-0.399045,0.494739,0.013310,-0.013038
3.704000,0.214043,-0.600960,0.550992,0.370964,-0.389582,0.483015,0.013503,-0.012785
3.708000,0.206949,-0.586223,0.535853,0.362016,-0.380351,0.471570,0.013687,-0.012536
3.712000,0.200074,-0.571841,0.521122,0.353287,-0.371348,0.460398,0.013860,-0.012291
3.716000,0.193418,-0.557811,0.506783,0.344774,-0.362569,0.449492,0.014024,-0.012052
3.720000,0.186979,-0.544129,0.492823,0.336470,-0.354009,0.438845,0.014178,-0.011817
3.724000,0.180752,-0.530791,0.479231,0.328370,-0.345663,0.428452,0.014323,-0.011588
3.728000,0.174736,-0.517792,0.465994,0.320469,-0.337528,0.418306,0.014459,-0.011364
3.732000,0.168925,-0.505126,0.453101,0.312763,-0.329599,0.408402,0.014586,-0.011144
3.736000,0.163314,-0.492788,0.440541,0.305247,-0.321870,0.398733,0.014703,-0.010930
3.740000,0.157899,-0.480772,0.428305,0.297916,-0.314338,0.389295,0.014811,-0.010721
3.744000,0.152675,-0.469073,0.416383,0.290765,-0.306997,0.380081,0.014909,-0.010517
3.748000,0.147634,-0.457683,0.404766,0.283790,-0.299843,0.371086,0.014999,-0.010319
3.752000,0.142773,-0.446597,0.393444,0.276987,-0.292871,0.362306,0.015078,-0.010125
3.756000,0.138085,-0.435807,0.382411,0.270351,-0.286077,0.353734,0.015149,-0.009936
3.760000,0.133563,-0.425308,0.371657,0.263877,-0.279456,0.345367,0.015210,-0.009752
3.764000,0.129203,-0.415094,0.361174,0.257562,-0.273005,0.337199,0.015262,-0.009573
3.768000,0.124999,-0.405156,0.350957,0.251402,-0.266718,0.329225,0.015305,-0.009398
3.772000,0.120945,-0.395489,0.340997,0.245393,-0.260592,0.321440,0.015340,-0.009228
3.776000,0.117036,-0.386087,0.331288,0.239531,-0.254622,0.313841,0.015365,-0.009063
3.780000,0.113265,-0.376942,0.321823,0.233813,-0.248804,0.306423,0.015382,-0.008902
3.784000,0.109629,-0.368048,0.312596,0.228233,-0.243135,0.299181,0.015391,-0.008746
3.788000,0.106121,-0.359399,0.303600,0.222790,-0.237610,0.292112,0.015392,-0.008593
3.792000,0.102737,-0.350989,0.294830,0.217480,-0.232226,0.285210,0.015385,-0.008445
3.796000,0.099473,-0.342811,0.286280,0.212299,-0.226979,0.278473,0.015370,-0.008300
3.800000,0.096323,-0.334860,0.277945,0.207245,-0.221866,0.271896,0.015349,-0.008160
3.804000,0.093283,-0.327129,0.269818,0.202313,-0.216882,0.265476,0.015320,-0.008023
3.808000,0.090349,-0.319612,0.261896,0.197501,-0.212024,0.259208,0.015284,-0.007889
3.812000,0.087517,-0.312303,0.254171,0.192806,-0.207288,0.253089,0.015242,-0.007759
3.816000,0.084782,-0.305198,0.246641,0.188225,-0.202671,0.247116,0.015194,-0.007632
3.820000,0.082142,-0.298290,0.239300,0.183755,-0.198171,0.241285,0.015140,-0.007509
3.824000,0.079592,-0.291573,0.232142,0.179393,-0.193784,0.235593,0.015080,-0.007389
3.828000,0.077130,-0.285044,0.225165,0.175137,-0.189507,0.230035,0.015015,-0.007271
3.832000,0.074751,-0.278695,0.218363,0.170984,-0.185337,0.224611,0.014945,-0.007157
3.836000,0.072452,-0.272524,0.211732,0.166931,-0.181271,0.219315,0.014872,-0.007045
3.840000,0.070232,-0.266523,0.205268,0.162976,-0.177308,0.214145,0.014796,-0.006936
3.844000,0.068086,-0.260689,0.198967,0.159117,-0.173443,0.209098,0.014721,-0.006830
3.848000,0.066013,-0.255017,0.192825,0.155351,-0.169676,0.204171,0.014646,-0.006726
3.852000,0.064009,-0.249502,0.186837,0.151676,-0.166002,0.199361,0.014571,-0.006624
3.856000,0.062071,-0.244140,0.181001,0.148090,-0.162419,0.194665,0.014498,-0.006525
3.860000,0.060198,-0.238927,0.175312,0.144590,-0.158927,0.190081,0.014426,-0.006428
3.864000,0.058387,-0.233858,0.169767,0.141174,-0.155521,0.185606,0.014356,-0.006333
3.868000,0.056635,-0.228929,0.164362,0.137841,-0.152199,0.181238,0.014287,-0.006241
3.872000,0.054941,-0.224137,0.159094,0.134588,-0.148961,0.176973,0.014221,-0.006150
3.876000,0.053301,-0.219477,0.153959,0.131413,-0.145802,0.172810,0.014155,-0.006061
3.880000,0.051715,-0.214946,0.148954,0.128314,-0.142722,0.168745,0.014092,-0.005975
3.884000,0.050181,-0.210540,0.144077,0.125290,-0.139719,0.164778,0.014030,-0.005890
3.888000,0.048695,-0.206256,0.139323,0.122338,-0.136789,0.160904,0.013970,-0.005806
3.892000,0.047257,-0.202090,0.134690,0.119458,-0.133933,0.157123,0.013911,-0.005722
3.896000,0.045865,-0.198038,0.130175,0.116646,-0.131146,0.153432,0.013855,-0.005638
3.900000,0.044517,-0.194098,0.125774,0.113902,-0.128429,0.149828,0.013799,-0.005553
3.904000,0.043212,-0.190267,0.121486,0.111224,-0.125779,0.146310,0.013745,-0.005468
3.908000,0.041948,-0.186541,0.117307,0.108610,-0.123194,0.142875,0.013693,-0.005381
3.912000,0.040724,-0.182918,0.113234,0.106058,-0.120673,0.139523,0.013641,-0.005294
3.916000,0.039539,-0.179393,0.109266,0.103568,-0.118214,0.136250,0.013592,-0.005205
3.920000,0.038390,-0.175966,0.105399,0.101138,-0.115815,0.133054,0.013543,-0.005116
3.924000,0.037278,-0.172633,0.101630,0.098765,-0.113476,0.129935,0.013496,-0.005025
3.928000,0.036200,-0.169390,0.097958,0.096450,-0.111194,0.126890,0.013449,-0.004934
3.932000,0.035156,-0.166237,0.094380,0.094190,-0.108967,0.123917,0.013404,-0.004842
3.936000,0.034144,-0.163170,0.090894,0.091984,-0.106796,0.121015,0.013360,-0.004749
3.940000,0.033164,-0.160186,0.087497,0.089830,-0.104678,0.118182,0.013317,-0.004656
3.944000,0.032214,-0.157284,0.084187,0.087728,-0.102611,0.115416,0.013275,-0.004562
3.948000,0.031294,-0.154462,0.080962,0.085677,-0.100596,0.112716,0.013234,-0.004467
3.952000,0.030402,-0.151716,0.077820,0.083675,-0.098629,0.110080,0.013194,-0.004373
3.956000,0.029537,-0.149045,0.074759,0.081720,-0.096711,0.107506,0.013155,-0.004278
3.960000,0.028699,-0.146446,0.071776,0.079812,-0.094839,0.104994,0.013117,-0.004182
3.964000,0.027887,-0.143919,0.068870,0.077950,-0.093014,0.102542,0.013079,-0.004087
3.968000,0.027099,-0.141460,0.066039,0.076132,-0.091232,0.100148,0.013042,-0.003992
3.972000,0.026336,-0.139068,0.063281,0.074358,-0.089495,0.097810,0.013007,-0.003896
3.976000,0.025596,-0.136740,0.060594,0.072626,-0.087799,0.095529,0.012972,-0.003801
3.980000,0.024878,-0.134476,0.057976,0.070935,-0.086145,0.093301,0.012937,-0.003706
3.984000,0.024183,-0.132274,0.055426,0.069285,-0.084532,0.091126,0.012904,-0.003611
3.988000,0.023508,-0.130131,0.052942,0.067674,-0.082957,0.089004,0.012871,-0.003517
3.992000,0.022854,-0.128046,0.050522,0.066101,-0.081421,0.086931,0.012838,-0.003422
3.996000,0.022220,-0.126017,0.048164,0.064566,-0.079923,0.084908,0.012807,-0.003328
4.000000,0.021605,-0.124043,0.045867,0.063068,-0.078460,0.082933,0.012776,-0.003235
4.004000,0.021008,-0.122123,0.043630,0.061605,-0.077034,0.081004,0.012745,-0.003142
4.008000,0.020430,-0.120254,0.041451,0.060178,-0.075642,0.079122,0.012716,-0.003050
4.012000,0.019868,-0.118436,0.039328,0.058784,-0.074283,0.077284,0.012686,-0.002958
4.016000,0.019324,-0.116668,0.037260,0.057423,-0.072958,0.075490,0.012658,-0.002866
4.020000,0.018796,-0.114946,0.035246,0.056095,-0.071665,0.073739,0.012630,-0.002776
4.024000,0.018284,-0.113271,0.033283,0.054799,-0.070403,0.072029,0.012602,-0.002685
4.028000,0.017787,-0.111642,0.031372,0.053534,-0.069172,0.070360,0.012575,-0.002596
4.032000,0.017305,-0.110056,0.029510,0.052298,-0.067971,0.068730,0.012548,-0.002508
4.036000,0.016838,-0.108513,0.027697,0.051092,-0.066799,0.067139,0.012522,-0.002420
4.040000,0.016384,-0.107011,0.025931,0.049915,-0.065655,0.065586,0.012496,-0.002333
4.044000,0.015944,-0.105550,0.024210,0.048766,-0.064539,0.064070,0.012471,-0.002246
4.048000,0.015517,-0.104128,0.022535,0.047644,-0.063450,0.062590,0.012446,-0.002161
4.052000,0.015102,-0.102745,0.020902,0.046549,-0.062387,0.061145,0.012422,-0.002076
4.056000,0.014700,-0.101398,0.019312,0.045480,-0.061350,0.059735,0.012398,-0.001992
4.060000,0.014310,-0.100088,0.017764,0.044437,-0.060338,0.058358,0.012374,-0.001909
4.064000,0.013931,-0.098813,0.016256,0.043418,-0.059350,0.057013,0.012351,-0.001827
4.068000,0.013564,-0.097572,0.014787,0.042424,-0.058386,0.055701,0.012328,-0.001746
4.072000,0.013208,-0.096364,0.013356,0.041453,-0.057445,0.054419,0.012306,-0.001666
4.076000,0.012861,-0.095189,0.011962,0.040506,-0.056526,0.053169,0.012284,-0.001587
4.080000,0.012526,-0.094045,0.010605,0.039581,-0.055629,0.051947,0.012262,-0.001508
4.084000,0.012200,-0.092932,0.009283,0.038678,-0.054754,0.050755,0.012240,-0.001431
4.088000,0.011883,-0.091849,0.007995,0.037796,-0.053899,0.049592,0.012219,-0.001354
4.092000,0.011576,-0.090795,0.006741,0.036935,-0.053065,0.048455,0.012198,-0.001279
4.096000,0.011278,-0.089769,0.005520,0.036095,-0.052251,0.047346,0.012178,-0.001204
4.100000,0.010989,-0.088771,0.004331,0.035275,-0.051455,0.046263,0.012158,-0.001131
4.104000,0.010708,-0.087799,0.003172,0.034475,-0.050679,0.045205,0.012138,-0.001058
4.108000,0.010436,-0.086853,0.002044,0.033693,-0.049921,0.044172,0.012118,-0.000986
4.112000,0.010171,-0.085933,0.000945,0.032930,-0.049181,0.043163,0.012099,-0.000916
4.116000,0.009914,-0.085037,-0.000125,0.032185,-0.048459,0.042178,0.012080,-0.000846
4.120000,0.009665,-0.084165,-0.001168,0.031458,-0.047753,0.041216,0.012061,-0.000777
4.124000,0.009423,-0.083317,-0.002183,0.030749,-0.047064,0.040276,0.012042,-0.000709
4.128000,0.009188,-0.082491,-0.003171,0.030056,-0.046392,0.039358,0.012024,-0.000643
4.132000,0.008960,-0.081687,-0.004134,0.029379,-0.045735,0.038461,0.012006,-0.000577
4.136000,0.008739,-0.080905,-0.005072,0.028719,-0.045094,0.037585,0.011988,-0.000512
4.140000,0.008524,-0.080143,-0.005985,0.028074,-0.044467,0.036729,0.011971,-0.000448
4.144000,0.008315,-0.079402,-0.006874,0.027445,-0.043856,0.035893,0.011953,-0.000385
4.148000,0.008112,-0.078681,-0.007740,0.026831,-0.043258,0.035077,0.011936,-0.000323
4.152000,0.007915,-0.077979,-0.008583,0.026231,-0.042675,0.034279,0.011919,-0.000261
4.156000,0.007724,-0.077296,-0.009405,0.025645,-0.042105,0.033499,0.011903,-0.000201
4.160000,0.007539,-0.076630,-0.010205,0.025074,-0.041549,0.032737,0.011886,-0.000142
4.164000,0.007359,-0.075983,-0.010984,0.024516,-0.041006,0.031993,0.011870,-0.000084
4.168000,0.007184,-0.075353,-0.011742,0.023971,-0.040475,0.031266,0.011854,-0.000026
4.172000,0.007014,-0.074739,-0.012481,0.023439,-0.039957,0.030556,0.011838,0.000030
4.176000,0.006849,-0.074142,-0.013200,0.022920,-0.039450,0.029862,0.011822,0.000086
4.180000,0.006689,-0.073561,-0.013901,0.022413,-0.038956,0.029184,0.011806,0.000141
4.184000,0.006533,-0.072996,-0.014583,0.021919,-0.038473,0.028521,0.011791,0.000195
4.188000,0.006382,-0.072445,-0.015248,0.021436,-0.038001,0.027873,0.011776,0.000248
4.192000,0.006236,-0.071909,-0.015895,0.020964,-0.037541,0.027241,0.011761,0.000300
4.196000,0.006093,-0.071388,-0.016525,0.020504,-0.037091,0.026622,0.011746,0.000351
4.200000,0.005955,-0.070880,-0.017138,0.020054,-0.036651,0.026018,0.011731,0.000401
4.204000,0.005820,-0.070386,-0.017736,0.019615,-0.036222,0.025428,0.011716,0.000451
4.208000,0.005690,-0.069905,-0.018318,0.019187,-0.035802,0.024851,0.011702,0.000500
4.212000,0.005563,-0.069436,-0.018885,0.018768,-0.035393,0.024287,0.011688,0.000548
4.216000,0.005440,-0.068980,-0.019436,0.018358,-0.034992,0.023736,0.011673,0.000595
4.220000,0.005321,-0.068537,-0.019974,0.017959,-0.034601,0.023198,0.011660,0.000641
4.224000,0.005205,-0.068105,-0.020497,0.017568,-0.034219,0.022672,0.011646,0.000687
4.228000,0.005092,-0.067684,-0.021007,0.017186,-0.033846,0.022157,0.011632,0.000731
4.232000,0.004983,-0.067275,-0.021503,0.016812,-0.033482,0.021655,0.011619,0.000775
4.236000,0.004876,-0.066877,-0.021986,0.016447,-0.033126,0.021164,0.011605,0.000819
4.240000,0.004773,-0.066489,-0.022457,0.016090,-0.032778,0.020684,0.011592,0.000861
4.244000,0.004673,-0.066112,-0.022915,0.015741,-0.032438,0.020214,0.011579,0.000903
4.248000,0.004575,-0.065744,-0.023361,0.015400,-0.032106,0.019756,0.011566,0.000944
4.252000,0.004481,-0.065387,-0.023796,0.015066,-0.031781,0.019308,0.011553,0.000984
4.256000,0.004389,-0.065038,-0.024219,0.014740,-0.031464,0.018870,0.011540,0.001023
4.260000,0.004300,-0.064699,-0.024631,0.014421,-0.031154,0.018442,0.011527,0.001062
4.264000,0.004213,-0.064370,-0.025032,0.014108,-0.030852,0.018024,0.011515,0.001100
4.268000,0.004129,-0.064048,-0.025423,0.013803,-0.030556,0.017615,0.011502,0.001138
4.272000,0.004047,-0.063736,-0.025803,0.013504,-0.030267,0.017216,0.011490,0.001175
4.276000,0.003968,-0.063432,-0.026174,0.013212,-0.029985,0.016825,0.011478,0.001211
4.280000,0.003890,-0.063135,-0.026534,0.012926,-0.029709,0.016444,0.011466,0.001246
4.284000,0.003815,-0.062847,-0.026886,0.012646,-0.029440,0.016071,0.011453,0.001281
4.288000,0.003743,-0.062566,-0.027228,0.012373,-0.029176,0.015707,0.011441,0.001315
4.292000,0.003672,-0.062293,-0.027561,0.012105,-0.028919,0.015351,0.011430,0.001349
4.296000,0.003603,-0.062027,-0.027885,0.011843,-0.028668,0.015003,0.011418,0.001381
4.300000,0.003536,-0.061768,-0.028201,0.011587,-0.028422,0.014663,0.011406,0.001414
4.304000,0.003471,-0.061516,-0.028509,0.011336,-0.028182,0.014330,0.011394,0.001445
4.308000,0.003408,-0.061271,-0.028808,0.011091,-0.027947,0.014005,0.011383,0.001477
4.312000,0.003347,-0.061032,-0.029100,0.010851,-0.027718,0.013688,0.011371,0.001507
4.316000,0.003288,-0.060799,-0.029384,0.010616,-0.027494,0.013378,0.011360,0.001537
4.320000,0.003230,-0.060573,-0.029661,0.010386,-0.027275,0.013075,0.011349,0.001566
4.324000,0.003174,-0.060353,-0.029930,0.010162,-0.027061,0.012779,0.011337,0.001595
4.328000,0.003119,-0.060138,-0.030192,0.009942,-0.026852,0.012489,0.011326,0.001624
4.332000,0.003067,-0.059929,-0.030448,0.009726,-0.026648,0.012207,0.011315,0.001651
4.336000,0.003015,-0.059726,-0.030696,0.009516,-0.026448,0.011930,0.011304,0.001679
4.340000,0.002965,-0.059528,-0.030938,0.009309,-0.026253,0.011660,0.011293,0.001705
4.344000,0.002917,-0.059336,-0.031174,0.009108,-0.026062,0.011396,0.011282,0.001732
4.348000,0.002869,-0.059148,-0.031404,0.008910,-0.025876,0.011139,0.011272,0.001757
4.352000,0.002824,-0.058966,-0.031627,0.008717,-0.025694,0.010887,0.011261,0.001782
4.356000,0.002779,-0.058788,-0.031845,0.008528,-0.025516,0.010640,0.011250,0.001807
4.360000,0.002736,-0.058615,-0.032057,0.008343,-0.025342,0.010400,0.011239,0.001832
4.364000,0.002694,-0.058447,-0.032263,0.008162,-0.025172,0.010165,0.011229,0.001855
4.368000,0.002653,-0.058283,-0.032464,0.007985,-0.025006,0.009935,0.011218,0.001879
4.372000,0.002613,-0.058123,-0.032660,0.007812,-0.024843,0.009710,0.011208,0.001902
4.376000,0.002575,-0.057968,-0.032851,0.007642,-0.024685,0.009491,0.011198,0.001924
4.380000,0.002537,-0.057817,-0.033036,0.007476,-0.024529,0.009276,0.011187,0.001946
4.384000,0.002501,-0.057670,-0.033217,0.007314,-0.024378,0.009067,0.011177,0.001968
4.388000,0.002466,-0.057526,-0.033393,0.007155,-0.024230,0.008862,0.011167,0.001989
4.392000,0.002431,-0.057387,-0.033565,0.006999,-0.024085,0.008662,0.011157,0.002010
4.396000,0.002398,-0.057251,-0.033731,0.006847,-0.023943,0.008467,0.011147,0.002030
4.400000,0.002366,-0.057119,-0.033894,0.006698,-0.023805,0.008276,0.011137,0.002050
4.404000,0.002334,-0.056990,-0.034052,0.006552,-0.023669,0.008089,0.011127,0.002069
4.408000,0.002304,-0.056865,-0.034206,0.006409,-0.023537,0.007906,0.011117,0.002089
4.412000,0.002274,-0.056743,-0.034356,0.006270,-0.023408,0.007728,0.011107,0.002107
4.416000,0.002245,-0.056624,-0.034502,0.006133,-0.023281,0.007554,0.011097,0.002126
4.420000,0.002217,-0.056509,-0.034645,0.005999,-0.023158,0.007384,0.011087,0.002144
4.424000,0.002190,-0.056396,-0.034783,0.005869,-0.023037,0.007218,0.011078,0.002162
4.428000,0.002163,-0.056287,-0.034918,0.005741,-0.022919,0.007055,0.011068,0.002180
4.432000,0.002137,-0.056180,-0.035049,0.005615,-0.022803,0.006896,0.011058,0.002197
4.436000,0.002112,-0.056077,-0.035177,0.005493,-0.022691,0.006741,0.011049,0.002215
4.440000,0.002088,-0.055976,-0.035302,0.005373,-0.022580,0.006589,0.011039,0.002232
4.444000,0.002064,-0.055877,-0.035423,0.005255,-0.022472,0.006441,0.011030,0.002249
4.448000,0.002041,-0.055782,-0.035541,0.005140,-0.022367,0.006296,0.011020,0.002267
4.452000,0.002019,-0.055688,-0.035656,0.005028,-0.022264,0.006155,0.011011,0.002284
4.456000,0.001997,-0.055598,-0.035768,0.004918,-0.022163,0.006017,0.011002,0.002301
4.460000,0.001976,-0.055509,-0.035877,0.004810,-0.022065,0.005881,0.010992,0.002318
4.464000,0.001955,-0.055423,-0.035983,0.004705,-0.021968,0.005749,0.010983,0.002335
4.468000,0.001935,-0.055340,-0.036087,0.004601,-0.021874,0.005620,0.010974,0.002351
4.472000,0.001916,-0.055258,-0.036188,0.004500,-0.021782,0.005494,0.010965,0.002368
4.476000,0.001897,-0.055179,-0.036286,0.004402,-0.021692,0.005371,0.010956,0.002385
4.480000,0.001879,-0.055102,-0.036381,0.004305,-0.021604,0.005251,0.010947,0.002402
4.484000,0.001861,-0.055027,-0.036474,0.004210,-0.021518,0.005133,0.010938,0.002418
4.488000,0.001844,-0.054954,-0.036565,0.004118,-0.021434,0.005018,0.010929,0.002435
4.492000,0.001827,-0.054882,-0.036653,0.004027,-0.021352,0.004906,0.010920,0.002451
4.496000,0.001811,-0.054813,-0.036739,0.003939,-0.021271,0.004796,0.010911,0.002467
4.500000,0.001795,-0.054746,-0.036822,0.003852,-0.021193,0.004689,0.010902,0.002484
4.504000,0.001780,-0.054680,-0.036903,0.003767,-0.021116,0.004584,0.010893,0.002500
4.508000,0.001765,-0.054616,-0.036983,0.003684,-0.021040,0.004481,0.010884,0.002516
4.512000,0.001750,-0.054554,-0.037060,0.003602,-0.020967,0.004381,0.010876,0.002532
4.516000,0.001736,-0.054493,-0.037135,0.003523,-0.020895,0.004283,0.010867,0.002548
4.520000,0.001722,-0.054434,-0.037208,0.003445,-0.020825,0.004188,0.010858,0.002565
4.524000,0.001709,-0.054377,-0.037280,0.003369,-0.020756,0.004094,0.010850,0.002581
4.528000,0.001696,-0.054321,-0.037349,0.003294,-0.020689,0.004003,0.010841,0.002596
4.532000,0.001683,-0.054267,-0.037416,0.003221,-0.020623,0.003914,0.010832,0.002612
4.536000,0.001671,-0.054214,-0.037482,0.003150,-0.020559,0.003827,0.010824,0.002628
4.540000,0.001659,-0.054162,-0.037546,0.003080,-0.020496,0.003741,0.010815,0.002644
4.544000,0.001648,-0.054112,-0.037609,0.003012,-0.020434,0.003658,0.010807,0.002660
4.548000,0.001636,-0.054063,-0.037669,0.002945,-0.020374,0.003577,0.010799,0.002675
4.552000,0.001626,-0.054015,-0.037729,0.002879,-0.020315,0.003497,0.010790,0.002691
4.556000,0.001615,-0.053969,-0.037786,0.002815,-0.020258,0.003420,0.010782,0.002706
4.560000,0.001605,-0.053924,-0.037842,0.002752,-0.020202,0.003344,0.010773,0.002722
4.564000,0.001595,-0.053880,-0.037897,0.002691,-0.020147,0.003269,0.010765,0.002737
4.568000,0.001585,-0.053838,-0.037950,0.002631,-0.020093,0.003197,0.010757,0.002753
4.572000,0.001575,-0.053796,-0.038002,0.002572,-0.020040,0.003126,0.010749,0.002768
4.576000,0.001566,-0.053756,-0.038052,0.002515,-0.019989,0.003057,0.010741,0.002783
4.580000,0.001557,-0.053716,-0.038102,0.002458,-0.019938,0.002989,0.010732,0.002798
4.584000,0.001549,-0.053678,-0.038149,0.002403,-0.019889,0.002923,0.010724,0.002813
4.588000,0.001540,-0.053640,-0.038196,0.002349,-0.019841,0.002858,0.010716,0.002829
4.592000,0.001532,-0.053604,-0.038241,0.002297,-0.019794,0.002795,0.010708,0.002844
4.596000,0.001524,-0.053569,-0.038285,0.002245,-0.019748,0.002733,0.010700,0.002859
4.600000,0.001516,-0.053534,-0.038328,0.002194,-0.019703,0.002673,0.010692,0.002874
4.604000,0.001509,-0.053501,-0.038370,0.002145,-0.019659,0.002614,0.010684,0.002889
4.608000,0.001502,-0.053468,-0.038411,0.002097,-0.019616,0.002557,0.010676,0.002903
4.612000,0.001495,-0.053436,-0.038451,0.002049,-0.019573,0.002500,0.010668,0.002918
4.616000,0.001488,-0.053405,-0.038490,0.002003,-0.019532,0.002445,0.010660,0.002933
4.620000,0.001481,-0.053375,-0.038528,0.001958,-0.019492,0.002391,0.010652,0.002948
4.624000,0.001475,-0.053346,-0.038565,0.001913,-0.019453,0.002339,0.010645,0.002962
4.628000,0.001468,-0.053317,-0.038602,0.001870,-0.019414,0.002288,0.010637,0.002977
4.632000,0.001462,-0.053289,-0.038638,0.001828,-0.019377,0.002237,0.010629,0.002992
4.636000,0.001456,-0.053261,-0.038673,0.001786,-0.019340,0.002188,0.010621,0.003006
4.640000,0.001450,-0.053235,-0.038708,0.001745,-0.019304,0.002140,0.010614,0.003021
4.644000,0.001445,-0.053209,-0.038742,0.001705,-0.019269,0.002094,0.010606,0.003035
4.648000,0.001439,-0.053183,-0.038775,0.001667,-0.019235,0.002048,0.010598,0.003049
4.652000,0.001434,-0.053159,-0.038808,0.001628,-0.019202,0.002003,0.010591,0.003064
4.656000,0.001429,-0.053135,-0.038841,0.001591,-0.019169,0.001959,0.010583,0.003078
4.660000,0.001423,-0.053111,-0.038872,0.001555,-0.019137,0.001917,0.010575,0.003092
4.664000,0.001418,-0.053088,-0.038904,0.001519,-0.019106,0.001875,0.010568,0.003106
4.668000,0.001413,-0.053066,-0.038934,0.001484,-0.019075,0.001834,0.010560,0.003120
4.672000,0.001408,-0.053045,-0.038965,0.001450,-0.019045,0.001794,0.010553,0.003135
4.676000,0.001403,-0.053024,-0.038994,0.001416,-0.019016,0.001755,0.010545,0.003149
4.680000,0.001398,-0.053003,-0.039024,0.001383,-0.018988,0.001717,0.010538,0.003163
4.684000,0.001393,-0.052983,-0.039053,0.001351,-0.018960,0.001680,0.010531,0.003177
4.688000,0.001388,-0.052964,-0.039081,0.001320,-0.018932,0.001643,0.010523,0.003190
4.692000,0.001383,-0.052945,-0.039109,0.001289,-0.018905,0.001608,0.010516,0.003204
4.696000,0.001378,-0.052927,-0.039137,0.001259,-0.018879,0.001573,0.010509,0.003218
4.700000,0.001373,-0.052909,-0.039164,0.001230,-0.018854,0.001539,0.010501,0.003232
4.704000,0.001369,-0.052892,-0.039191,0.001201,-0.018828,0.001506,0.010494,0.003246
4.708000,0.001364,-0.052875,-0.039217,0.001173,-0.018804,0.001473,0.010487,0.003259
4.712000,0.001359,-0.052859,-0.039243,0.001146,-0.018780,0.001442,0.010480,0.003273
4.716000,0.001354,-0.052843,-0.039269,0.001119,-0.018756,0.001411,0.010472,0.003287
4.720000,0.001349,-0.052827,-0.039294,0.001092,-0.018733,0.001380,0.010465,0.003300
4.724000,0.001345,-0.052812,-0.039319,0.001066,-0.018711,0.001351,0.010458,0.003314
4.728000,0.001340,-0.052798,-0.039343,0.001041,-0.018689,0.001322,0.010451,0.003327
4.732000,0.001335,-0.052783,-0.039367,0.001016,-0.018667,0.001293,0.010444,0.003341
4.736000,0.001331,-0.052769,-0.039391,0.000992,-0.018646,0.001266,0.010437,0.003354
4.740000,0.001326,-0.052756,-0.039415,0.000969,-0.018625,0.001239,0.010430,0.003367
4.744000,0.001322,-0.052743,-0.039438,0.000945,-0.018605,0.001212,0.010423,0.003381
4.748000,0.001317,-0.052730,-0.039461,0.000923,-0.018585,0.001186,0.010416,0.003394
4.752000,0.001313,-0.052718,-0.039483,0.000901,-0.018565,0.001161,0.010409,0.003407
4.756000,0.001308,-0.052706,-0.039505,0.000879,-0.018546,0.001137,0.010402,0.003420
4.760000,0.001304,-0.052694,-0.039527,0.000858,-0.018528,0.001112,0.010395,0.003433
4.764000,0.001299,-0.052683,-0.039549,0.000837,-0.018509,0.001089,0.010388,0.003447
4.768000,0.001295,-0.052672,-0.039570,0.000816,-0.018492,0.001066,0.010381,0.003460
4.772000,0.001290,-0.052661,-0.039591,0.000797,-0.018474,0.001043,0.010374,0.003473
4.776000,0.001286,-0.052650,-0.039611,0.000777,-0.018457,0.001021,0.010367,0.003486
4.780000,0.001281,-0.052640,-0.039632,0.000758,-0.018440,0.001000,0.010360,0.003499
4.784000,0.001277,-0.052630,-0.039652,0.000739,-0.018424,0.000979,0.010353,0.003512
4.788000,0.001273,-0.052621,-0.039672,0.000721,-0.018408,0.000958,0.010347,0.003524
4.792000,0.001268,-0.052611,-0.039691,0.000703,-0.018392,0.000938,0.010340,0.003537
4.796000,0.001264,-0.052602,-0.039711,0.000686,-0.018376,0.000918,0.010333,0.003550
4.800000,0.001260,-0.052593,-0.039730,0.000669,-0.018361,0.000899,0.010326,0.003563
