# https://github.com/mikedh/trimesh

o link_gripper_right.STL
v 0.04802069 -0.00076576 -0.01438581
v 0.04802739 -0.00095711 -0.01442327
v 0.04750001 -0.00095711 -0.01447000
v 0.04750001 -0.00076576 -0.01443194
v -0.01350001 -0.00095711 -0.01447000
v 0.04750001 -0.00748621 -0.01447000
v 0.04816225 -0.00741235 -0.01439600
v 0.02041724 -0.01200000 -0.01447000
v 0.02044507 -0.01233713 -0.01441147
v 0.04755690 -0.00782761 -0.01440819
v -0.01350001 -0.01200000 -0.01447000
v -0.01355356 -0.00095641 -0.01446857
v -0.01350001 -0.00093248 -0.01446514
v -0.01383135 -0.01200000 -0.01438122
v -0.01350001 -0.01233838 -0.01437934
v -0.01374999 -0.01243301 -0.01433604
v -0.01393301 -0.01225000 -0.01433604
v -0.01374328 -0.00093304 -0.01442187
v -0.01373762 -0.00090194 -0.01443963
v -0.01350001 -0.00076686 -0.01443239
v -0.01395282 -0.00081643 -0.01435413
v -0.01385558 -0.00066187 -0.01433523
v -0.01368445 -0.00073003 -0.01440339
v -0.01350001 -0.00075464 -0.01442425
v 0.04800164 -0.00060355 -0.01427911
v 0.04750001 -0.00060355 -0.01432355
v -0.01357508 -0.00059784 -0.01431786
v -0.01350001 -0.00060355 -0.01432355
v 0.04852518 -0.00076576 -0.01424886
v 0.04853835 -0.00095711 -0.01428457
v 0.04823190 -0.00740460 -0.01437189
v -0.01383636 -0.00092157 -0.01439898
v 0.02044576 -0.01234535 -0.01440682
v 0.02046945 -0.01263101 -0.01424576
v 0.04755890 -0.00783965 -0.01440038
v 0.04827106 -0.00772263 -0.01431449
v -0.01350001 -0.01250000 -0.01433604
v -0.01361978 -0.00058226 -0.01430227
v 0.02047515 -0.01269981 -0.01417045
v 0.04760754 -0.00813148 -0.01421099
v 0.04827705 -0.00802629 -0.01413776
v -0.01391593 -0.00091177 -0.01437940
v -0.01400000 -0.01200000 -0.01433604
v 0.04848766 -0.00060355 -0.01414718
v -0.01398108 -0.00088838 -0.01433243
v -0.01417968 -0.01200000 -0.01415636
v 0.04853251 -0.00737110 -0.01426788
v 0.04876276 -0.00764068 -0.01414229
v -0.01416305 -0.00064654 -0.01418425
v -0.01402968 -0.00052080 -0.01419418
v -0.01350001 -0.01268301 -0.01415302
v -0.01425001 -0.01243301 -0.01397000
v -0.01393301 -0.01275000 -0.01397000
v -0.01374850 -0.00053743 -0.01425742
v -0.01419971 -0.00080989 -0.01417483
v -0.01350001 -0.00014645 -0.01386644
v 0.04750001 -0.00014645 -0.01386644
v 0.04873868 -0.00794935 -0.01397608
v -0.01386652 -0.00042560 -0.01414560
v 0.04909691 -0.00076576 -0.01396461
v 0.04911741 -0.00095711 -0.01399665
v 0.04929641 -0.00728643 -0.01387270
v 0.04920366 -0.00729669 -0.01392864
v 0.04878750 -0.00734269 -0.01417966
v 0.04873910 -0.00734808 -0.01419641
v 0.04796752 -0.00014645 -0.01382040
v 0.04858762 -0.00060355 -0.01409750
v 0.04761624 -0.00818369 -0.01417710
v -0.01410857 -0.00040572 -0.01406427
v -0.01426742 -0.00047346 -0.01399647
v -0.01417065 -0.00041583 -0.01405417
v -0.01423127 -0.00079855 -0.01415210
v -0.01424972 -0.00078382 -0.01412271
v -0.01425851 -0.00077680 -0.01410870
v -0.01438630 -0.00057062 -0.01389931
v -0.01435617 -0.00052633 -0.01394357
v 0.04921713 -0.00756495 -0.01388444
v 0.02048590 -0.01282963 -0.01402830
v 0.04763305 -0.00828453 -0.01401742
v 0.04825917 -0.00819976 -0.01395236
v -0.01436603 -0.01200000 -0.01397000
v -0.01350001 -0.01286602 -0.01397000
v -0.01440877 -0.01200000 -0.01381041
v 0.04841709 -0.00014645 -0.01368402
v -0.01391989 -0.00037500 -0.01409499
v -0.01384864 -0.00028804 -0.01400803
v -0.01384568 -0.00028620 -0.01400621
v -0.01356957 -0.00015862 -0.01387863
v 0.04916519 -0.00787827 -0.01373406
v 0.04868927 -0.00812807 -0.01380174
v -0.01443219 -0.00063806 -0.01383193
v 0.04903847 -0.00060355 -0.01387332
v -0.01411605 -0.00023636 -0.01377408
v -0.01399005 -0.00023418 -0.01390754
v 0.02212432 -0.01266024 -0.01381333
v 0.02194887 -0.01268687 -0.01139282
v 0.02181387 -0.01270135 -0.01133271
v 0.02143862 -0.01274160 -0.01116555
v 0.02109345 -0.01277534 -0.01087512
v 0.02101242 -0.01278326 -0.01080693
v 0.02070215 -0.01281126 -0.01034643
v 0.02063834 -0.01281672 -0.01015727
v 0.02053791 -0.01282530 -0.00985949
v 0.02050000 -0.01282847 0.00353001
v 0.02050000 -0.01282847 0.00952999
v 0.02050000 -0.01282847 -0.00947000
v 0.02050000 -0.01282847 -0.00346999
v 0.02048590 -0.01282963 0.01408832
v 0.01884192 -0.01293189 0.01387335
v 0.01884192 -0.01293190 -0.01381336
v 0.04765424 -0.00841163 -0.01381610
v -0.01366979 -0.00017615 -0.01389615
v -0.01379451 -0.00010438 -0.01377775
v 0.04959440 -0.00076576 -0.01356439
v 0.04962131 -0.00095711 -0.01359134
v 0.04961082 -0.00725162 -0.01358007
v -0.01419950 -0.00029266 -0.01365958
v -0.01424995 -0.00036333 -0.01369484
v 0.04908651 -0.00806186 -0.01357631
v -0.01350001 -0.01290933 -0.01380839
v -0.01436603 -0.01250000 -0.01347001
v -0.01400000 -0.01286602 -0.01347001
v 0.04951778 -0.00060355 -0.01348777
v 0.04820570 -0.00835354 -0.01363902
v -0.01441255 -0.00059105 -0.01380847
v -0.01360795 -0.00005136 -0.01372473
v 0.04976138 -0.00747424 -0.01339625
v 0.04967588 -0.00779316 -0.01327600
v -0.01350001 -0.00004576 -0.01371537
v 0.04883140 -0.00014645 -0.01346256
v 0.04750001 -0.00003806 -0.01370423
v 0.04793587 -0.00003806 -0.01366131
v -0.01443625 -0.00065225 -0.01381774
v 0.04835501 -0.00003806 -0.01353417
v -0.01448292 -0.00081592 -0.01365407
v -0.01425004 -0.00034659 0.01374645
v -0.01423386 -0.00032068 0.01373352
v -0.01443625 -0.00065225 0.01387773
v -0.01443222 -0.00063809 0.01389192
v -0.01425943 -0.00036161 0.01375396
v -0.01448292 -0.00081594 0.01371406
v -0.01443684 -0.00065429 0.01387571
v 0.04765752 -0.00843130 -0.01370446
v 0.02458182 -0.01231970 -0.01347001
v 0.02252000 -0.01261932 -0.01376145
v 0.01844489 -0.01295659 0.01382144
v 0.01844504 -0.01295659 -0.01376145
v 0.02250000 -0.01262181 -0.01147001
v -0.01449999 -0.01200000 -0.01347001
v -0.01449999 -0.00100000 -0.01347001
v -0.01350001 -0.01300000 -0.01347001
v 0.04893031 -0.00823276 -0.01330967
v -0.01387692 -0.00007810 -0.01361583
v -0.01419029 -0.00027973 -0.01365312
v -0.01418308 -0.00026966 -0.01364811
v 0.02458182 -0.01231970 -0.01147001
v 0.01636186 -0.01300000 0.01353000
v 0.01636186 -0.01300000 -0.01347001
v 0.04956194 -0.00798262 -0.01314984
v -0.01350001 -0.00003761 -0.01370315
v -0.01363948 -0.00001081 -0.01354854
v 0.04766440 -0.00847260 -0.01347001
v 0.04792994 -0.00842834 -0.01345225
v 0.04789856 -0.00000000 -0.01347365
v -0.01350001 -0.00000487 -0.01353754
v 0.04580000 -0.00000000 -0.01351290
v 0.04750001 -0.00000000 -0.01351290
v -0.01419929 -0.00029571 0.01372103
v 0.04874128 -0.00003806 -0.01332770
v 0.04828179 -0.00000000 -0.01335739
v -0.01449999 -0.00100000 0.01353000
v -0.01386893 -0.00007054 -0.01354836
v 0.04813903 -0.00839349 -0.01337020
v -0.01383823 -0.00006467 -0.01354541
v 0.04999458 -0.00076576 -0.01306690
v 0.05002665 -0.00095711 -0.01308741
v 0.05006876 -0.00720069 -0.01299451
v 0.04976761 -0.00723427 -0.01343419
v 0.04934623 -0.00816345 -0.01293664
v 0.04990330 -0.00060355 -0.01300846
v -0.01350001 -0.00000000 -0.01351290
v -0.01364044 -0.00002685 -0.01352640
v -0.01398096 -0.00013790 0.01364197
v -0.01391480 -0.00009009 0.01361804
v -0.01374358 -0.00004818 0.01359703
v -0.01355234 -0.00000137 0.01357357
v -0.01383642 -0.00007090 0.01360841
v 0.01425001 -0.00000000 -0.01351290
v 0.02160000 -0.00000000 -0.01351290
v 0.02380001 -0.00000000 -0.01351290
v 0.02599999 -0.00000000 -0.01351290
v 0.02820000 -0.00000000 -0.01351290
v 0.03040000 -0.00000000 -0.01351290
v 0.03260001 -0.00000000 -0.01351290
v 0.03700000 -0.00000000 -0.01351290
v 0.03920000 -0.00000000 -0.01351290
v 0.04140001 -0.00000000 -0.01351290
v 0.04359999 -0.00000000 -0.01351290
v -0.01350001 -0.00000000 -0.01080646
v 0.04680001 -0.00000000 -0.01301290
v 0.04699999 -0.00000000 -0.01301290
v 0.04719135 -0.00000000 -0.01297484
v 0.04499134 -0.00000000 -0.01297484
v 0.04515355 -0.00000000 -0.01286645
v 0.04526195 -0.00000000 -0.01270424
v 0.04530000 -0.00000000 -0.01251291
v 0.04580000 -0.00000000 -0.01080646
v 0.04460001 -0.00000000 -0.01301290
v 0.04480001 -0.00000000 -0.01301290
v 0.04636699 -0.00000000 -0.01276289
v 0.04655000 -0.00000000 -0.01294591
v 0.04629999 -0.00000000 -0.01080646
v 0.04629999 -0.00000000 -0.01251291
v 0.04279133 -0.00000000 -0.01297484
v 0.04295355 -0.00000000 -0.01286645
v 0.04306194 -0.00000000 -0.01270424
v 0.04310000 -0.00000000 -0.01251291
v 0.04359999 -0.00000000 -0.01080646
v 0.04240000 -0.00000000 -0.01301290
v 0.04260000 -0.00000000 -0.01301290
v 0.04410001 -0.00000000 -0.01080646
v 0.04410001 -0.00000000 -0.01251291
v 0.04416698 -0.00000000 -0.01276289
v 0.04434999 -0.00000000 -0.01294591
v 0.04059136 -0.00000000 -0.01297484
v 0.04075354 -0.00000000 -0.01286645
v 0.04086193 -0.00000000 -0.01270424
v 0.04089999 -0.00000000 -0.01251291
v 0.04140001 -0.00000000 -0.01080646
v 0.04019999 -0.00000000 -0.01301290
v 0.04039999 -0.00000000 -0.01301290
v 0.04190001 -0.00000000 -0.01080646
v 0.04190001 -0.00000000 -0.01251291
v 0.04196700 -0.00000000 -0.01276289
v 0.04214999 -0.00000000 -0.01294591
v 0.03839135 -0.00000000 -0.01297484
v 0.03855356 -0.00000000 -0.01286645
v 0.03866195 -0.00000000 -0.01270424
v 0.03870001 -0.00000000 -0.01251291
v 0.03920000 -0.00000000 -0.01080646
v 0.03800001 -0.00000000 -0.01301290
v 0.03819999 -0.00000000 -0.01301290
v 0.03973806 -0.00000000 -0.01270424
v 0.03984645 -0.00000000 -0.01286645
v 0.03970000 -0.00000000 -0.01080646
v 0.03970000 -0.00000000 -0.01251291
v 0.04000866 -0.00000000 -0.01297484
v 0.03619134 -0.00000000 -0.01297484
v 0.03635355 -0.00000000 -0.01286645
v 0.03580001 -0.00000000 -0.01301290
v 0.03600001 -0.00000000 -0.01301290
v 0.03646195 -0.00000000 -0.01270424
v 0.03650000 -0.00000000 -0.01251291
v 0.03700000 -0.00000000 -0.01080646
v 0.03749999 -0.00000000 -0.01080646
v 0.03749999 -0.00000000 -0.01251291
v 0.03756699 -0.00000000 -0.01276289
v 0.03775000 -0.00000000 -0.01294591
v 0.03313806 -0.00000000 -0.01270424
v 0.03324645 -0.00000000 -0.01286645
v 0.03340867 -0.00000000 -0.01297484
v 0.03360000 -0.00000000 -0.01301290
v 0.03380000 -0.00000000 -0.01301290
v 0.03399133 -0.00000000 -0.01297484
v 0.03533807 -0.00000000 -0.01270424
v 0.03544643 -0.00000000 -0.01286645
v 0.03560865 -0.00000000 -0.01297484
v 0.03260001 -0.00000000 -0.01080646
v 0.03310001 -0.00000000 -0.01080646
v 0.03310001 -0.00000000 -0.01251291
v 0.03179136 -0.00000000 -0.01297484
v 0.03195354 -0.00000000 -0.01286645
v 0.03206193 -0.00000000 -0.01270424
v 0.03209999 -0.00000000 -0.01251291
v 0.03139999 -0.00000000 -0.01301290
v 0.03159999 -0.00000000 -0.01301290
v 0.02959135 -0.00000000 -0.01297484
v 0.02975356 -0.00000000 -0.01286645
v 0.02986195 -0.00000000 -0.01270424
v 0.02990001 -0.00000000 -0.01251291
v 0.03040000 -0.00000000 -0.01080646
v 0.02920001 -0.00000000 -0.01301290
v 0.02939999 -0.00000000 -0.01301290
v 0.03093806 -0.00000000 -0.01270424
v 0.03104645 -0.00000000 -0.01286645
v 0.03090000 -0.00000000 -0.01080646
v 0.03090000 -0.00000000 -0.01251291
v 0.03120866 -0.00000000 -0.01297484
v 0.02739134 -0.00000000 -0.01297484
v 0.02755355 -0.00000000 -0.01286645
v 0.02766195 -0.00000000 -0.01270424
v 0.02770000 -0.00000000 -0.01251291
v 0.02820000 -0.00000000 -0.01080646
v 0.02700001 -0.00000000 -0.01301290
v 0.02720001 -0.00000000 -0.01301290
v 0.02869999 -0.00000000 -0.01080646
v 0.02869999 -0.00000000 -0.01251291
v 0.02876699 -0.00000000 -0.01276289
v 0.02895000 -0.00000000 -0.01294591
v 0.02653807 -0.00000000 -0.01270424
v 0.02664643 -0.00000000 -0.01286645
v 0.02599999 -0.00000000 -0.01080646
v 0.02650001 -0.00000000 -0.01080646
v 0.02650001 -0.00000000 -0.01251291
v 0.02680865 -0.00000000 -0.01297484
v 0.02519133 -0.00000000 -0.01297484
v 0.02535355 -0.00000000 -0.01286645
v 0.02546194 -0.00000000 -0.01270424
v 0.02550000 -0.00000000 -0.01251291
v 0.02480000 -0.00000000 -0.01301290
v 0.02500000 -0.00000000 -0.01301290
v 0.02433806 -0.00000000 -0.01270424
v 0.02444645 -0.00000000 -0.01286645
v 0.02380001 -0.00000000 -0.01080646
v 0.02430001 -0.00000000 -0.01080646
v 0.02430001 -0.00000000 -0.01251291
v 0.02460867 -0.00000000 -0.01297484
v 0.02299136 -0.00000000 -0.01297484
v 0.02315354 -0.00000000 -0.01286645
v 0.02326193 -0.00000000 -0.01270424
v 0.02329999 -0.00000000 -0.01251291
v 0.02259999 -0.00000000 -0.01301290
v 0.02279999 -0.00000000 -0.01301290
v 0.02160000 -0.00000000 -0.01080646
v 0.02210000 -0.00000000 -0.01080646
v 0.02210000 -0.00000000 -0.01251291
v 0.02216699 -0.00000000 -0.01276289
v 0.02235001 -0.00000000 -0.01294591
v 0.02079135 -0.00000000 -0.01297484
v 0.02095356 -0.00000000 -0.01286645
v 0.02040001 -0.00000000 -0.01301290
v 0.02059999 -0.00000000 -0.01301290
v 0.02106195 -0.00000000 -0.01270424
v 0.02110001 -0.00000000 -0.01251291
v 0.01425001 -0.00000000 -0.01080646
v 0.01989999 -0.00000000 -0.01080646
v 0.01989999 -0.00000000 -0.01251291
v 0.01996699 -0.00000000 -0.01276289
v 0.02015000 -0.00000000 -0.01294591
v 0.04919454 -0.00014645 -0.01316454
v 0.04735356 -0.00000000 -0.01286645
v -0.00693548 -0.01300000 -0.00834726
v -0.00737906 -0.01300000 -0.00857528
v 0.00857529 -0.01300000 0.00315095
v 0.00856068 -0.01300000 0.00265239
v 0.00830710 -0.01300000 0.00222288
v 0.00857529 -0.01300000 -0.00737907
v 0.00856068 -0.01300000 -0.00787760
v 0.00830710 -0.01300000 -0.00830712
v 0.00787762 -0.01300000 -0.00856070
v 0.00857529 -0.01300000 -0.00309093
v 0.00856068 -0.01300000 -0.00259240
v 0.00737905 -0.01300000 -0.00857528
v 0.00356453 -0.01300000 -0.00834726
v 0.00760001 -0.01300000 -0.00860001
v 0.00312096 -0.01300000 -0.00857528
v 0.00290000 -0.01300000 -0.00860001
v 0.00262239 -0.01300000 -0.00856070
v -0.00290001 -0.01300000 -0.00860001
v -0.00312093 -0.01300000 -0.00857528
v -0.01400000 -0.01286602 0.01353000
v -0.01350001 -0.01300000 0.01353000
v -0.00787762 -0.01300000 -0.00856070
v -0.00830710 -0.01300000 -0.00830712
v -0.00760001 -0.01300000 -0.00860001
v -0.00856069 -0.01300000 -0.00787760
v -0.00857529 -0.01300000 -0.00737907
v -0.01436603 -0.01250000 0.01353000
v -0.01449999 -0.01200000 0.01353000
v -0.01449999 -0.00650000 -0.00372000
v -0.01449999 -0.00506494 -0.00343455
v -0.01449999 -0.00384835 -0.00262164
v -0.01449999 -0.00303545 -0.00140508
v -0.01449999 -0.00275000 0.00003000
v -0.01449999 -0.01025000 0.00003000
v -0.01449999 -0.00996455 -0.00140508
v -0.01449999 -0.00915165 -0.00262164
v -0.01449999 -0.00793506 -0.00343455
v 0.04907983 -0.00003806 -0.01304986
v 0.05006718 -0.00742328 -0.01297249
v 0.04996267 -0.00774535 -0.01287855
v 0.04881805 -0.00828032 -0.01310371
v 0.04746195 -0.00000000 -0.01270424
v 0.04852146 -0.00000000 -0.01322930
v 0.04894453 -0.00000000 -0.01291455
v 0.04863497 -0.00000000 -0.01316859
v 0.04982885 -0.00793814 -0.01278000
v 0.04750001 -0.00000000 -0.01251291
v 0.04852146 -0.00000000 -0.01080646
v 0.04949256 -0.00014645 -0.01280139
v 0.04935771 -0.00003806 -0.01271127
v 0.04913261 -0.00822790 -0.01274200
v 0.05027887 -0.00076576 -0.01249518
v 0.05031457 -0.00095711 -0.01250835
v 0.05030161 -0.00717478 -0.01250310
v 0.05029738 -0.00717525 -0.01251353
v 0.05015075 -0.00719155 -0.01287483
v 0.04919859 -0.00000000 -0.01260497
v 0.04680001 0.00025000 -0.01294591
v 0.04699999 0.00025000 -0.01294591
v 0.04716572 0.00025000 -0.01291294
v 0.04655000 0.00021651 -0.01288788
v 0.04460001 0.00025000 -0.01294591
v 0.04480001 0.00025000 -0.01294591
v 0.04496571 0.00025000 -0.01291294
v 0.04434999 0.00021651 -0.01288788
v 0.04240000 0.00025000 -0.01294591
v 0.04260000 0.00025000 -0.01294591
v 0.04276570 0.00025000 -0.01291294
v 0.04214999 0.00021651 -0.01288788
v 0.04019999 0.00025000 -0.01294591
v 0.04039999 0.00025000 -0.01294591
v 0.04056570 0.00025000 -0.01291294
v 0.03800001 0.00025000 -0.01294591
v 0.03819999 0.00025000 -0.01294591
v 0.03836572 0.00025000 -0.01291294
v 0.03775000 0.00021651 -0.01288788
v 0.03580001 0.00025000 -0.01294591
v 0.03600001 0.00025000 -0.01294591
v 0.03616571 0.00025000 -0.01291294
v 0.03360000 0.00025000 -0.01294591
v 0.03380000 0.00025000 -0.01294591
v 0.03396570 0.00025000 -0.01291294
v 0.03139999 0.00025000 -0.01294591
v 0.03159999 0.00025000 -0.01294591
v 0.03176570 0.00025000 -0.01291294
v 0.02920001 0.00025000 -0.01294591
v 0.02939999 0.00025000 -0.01294591
v 0.02956572 0.00025000 -0.01291294
v 0.02895000 0.00021651 -0.01288788
v 0.02700001 0.00025000 -0.01294591
v 0.02720001 0.00025000 -0.01294591
v 0.02736571 0.00025000 -0.01291294
v 0.02480000 0.00025000 -0.01294591
v 0.02500000 0.00025000 -0.01294591
v 0.02516570 0.00025000 -0.01291294
v 0.02259999 0.00025000 -0.01294591
v 0.02279999 0.00025000 -0.01294591
v 0.02296570 0.00025000 -0.01291294
v 0.02235001 0.00021651 -0.01288788
v 0.02040001 0.00025000 -0.01294591
v 0.02059999 0.00025000 -0.01294591
v 0.02076572 0.00025000 -0.01291294
v 0.02015000 0.00021651 -0.01288788
v 0.05012747 -0.00060355 -0.01255761
v 0.04730618 0.00025000 -0.01281907
v 0.04510620 0.00025000 -0.01281907
v 0.04290619 0.00025000 -0.01281907
v 0.04070618 0.00025000 -0.01281907
v 0.04003429 0.00025000 -0.01291294
v 0.03850618 0.00025000 -0.01281907
v 0.03630620 0.00025000 -0.01281907
v 0.03563431 0.00025000 -0.01291294
v 0.03415355 -0.00000000 -0.01286645
v 0.03410619 0.00025000 -0.01281907
v 0.03343430 0.00025000 -0.01291294
v 0.03190618 0.00025000 -0.01281907
v 0.03123429 0.00025000 -0.01291294
v 0.02970618 0.00025000 -0.01281907
v 0.02750620 0.00025000 -0.01281907
v 0.02683431 0.00025000 -0.01291294
v 0.02530619 0.00025000 -0.01281907
v 0.02463430 0.00025000 -0.01291294
v 0.02310618 0.00025000 -0.01281907
v 0.02090618 0.00025000 -0.01281907
v 0.05029365 -0.00738553 -0.01249947
v 0.05017504 -0.00770996 -0.01243503
v 0.04680001 0.00043301 -0.01276289
v 0.04699999 0.00043301 -0.01276289
v 0.04709568 0.00043301 -0.01274388
v 0.04655000 0.00037500 -0.01272939
v 0.04636699 0.00012500 -0.01272939
v 0.04460001 0.00043301 -0.01276289
v 0.04480001 0.00043301 -0.01276289
v 0.04489568 0.00043301 -0.01274388
v 0.04434999 0.00037500 -0.01272939
v 0.04416698 0.00012500 -0.01272939
v 0.04240000 0.00043301 -0.01276289
v 0.04260000 0.00043301 -0.01276289
v 0.04269567 0.00043301 -0.01274388
v 0.04214999 0.00037500 -0.01272939
v 0.04196700 0.00012500 -0.01272939
v 0.04019999 0.00043301 -0.01276289
v 0.04039999 0.00043301 -0.01276289
v 0.04049566 0.00043301 -0.01274388
v 0.03800001 0.00043301 -0.01276289
v 0.03819999 0.00043301 -0.01276289
v 0.03829568 0.00043301 -0.01274388
v 0.03775000 0.00037500 -0.01272939
v 0.03756699 0.00012500 -0.01272939
v 0.03580001 0.00043301 -0.01276289
v 0.03600001 0.00043301 -0.01276289
v 0.03609568 0.00043301 -0.01274388
v 0.03360000 0.00043301 -0.01276289
v 0.03380000 0.00043301 -0.01276289
v 0.03389567 0.00043301 -0.01274388
v 0.03139999 0.00043301 -0.01276289
v 0.03159999 0.00043301 -0.01276289
v 0.03169566 0.00043301 -0.01274388
v 0.02920001 0.00043301 -0.01276289
v 0.02939999 0.00043301 -0.01276289
v 0.02949568 0.00043301 -0.01274388
v 0.02895000 0.00037500 -0.01272939
v 0.02876699 0.00012500 -0.01272939
v 0.02700001 0.00043301 -0.01276289
v 0.02720001 0.00043301 -0.01276289
v 0.02729568 0.00043301 -0.01274388
v 0.02480000 0.00043301 -0.01276289
v 0.02500000 0.00043301 -0.01276289
v 0.02509567 0.00043301 -0.01274388
v 0.02259999 0.00043301 -0.01276289
v 0.02279999 0.00043301 -0.01276289
v 0.02289566 0.00043301 -0.01274388
v 0.02235001 0.00037500 -0.01272939
v 0.02216699 0.00012500 -0.01272939
v 0.02040001 0.00043301 -0.01276289
v 0.02059999 0.00043301 -0.01276289
v 0.02069568 0.00043301 -0.01274388
v 0.02015000 0.00037500 -0.01272939
v 0.01996699 0.00012500 -0.01272939
v 0.04944247 -0.00817626 -0.01238568
v 0.04975199 -0.00809582 -0.01225312
v 0.04717677 0.00043301 -0.01268967
v 0.04497677 0.00043301 -0.01268967
v 0.04277679 0.00043301 -0.01268967
v 0.04057678 0.00043301 -0.01268967
v 0.03989380 0.00025000 -0.01281907
v 0.04010433 0.00043301 -0.01274388
v 0.03837677 0.00043301 -0.01268967
v 0.03617677 0.00043301 -0.01268967
v 0.03549382 0.00025000 -0.01281907
v 0.03570434 0.00043301 -0.01274388
v 0.03397679 0.00043301 -0.01268967
v 0.03329381 0.00025000 -0.01281907
v 0.03350433 0.00043301 -0.01274388
v 0.03177678 0.00043301 -0.01268967
v 0.03109380 0.00025000 -0.01281907
v 0.03130433 0.00043301 -0.01274388
v 0.02957677 0.00043301 -0.01268967
v 0.02737677 0.00043301 -0.01268967
v 0.02669382 0.00025000 -0.01281907
v 0.02690434 0.00043301 -0.01274388
v 0.02517679 0.00043301 -0.01268967
v 0.02449381 0.00025000 -0.01281907
v 0.02470433 0.00043301 -0.01274388
v 0.02297678 0.00043301 -0.01268967
v 0.02077677 0.00043301 -0.01268967
v 0.04636699 0.00021651 -0.01263790
v 0.04416698 0.00021651 -0.01263790
v 0.04196700 0.00021651 -0.01263790
v 0.03756699 0.00021651 -0.01263790
v 0.02876699 0.00021651 -0.01263790
v 0.02216699 0.00021651 -0.01263790
v 0.01996699 0.00021651 -0.01263790
v 0.05002641 -0.00790522 -0.01236741
v 0.04740005 0.00025000 -0.01267861
v 0.04520005 0.00025000 -0.01267861
v 0.04300004 0.00025000 -0.01267861
v 0.04080006 0.00025000 -0.01267861
v 0.03860005 0.00025000 -0.01267861
v 0.03640005 0.00025000 -0.01267861
v 0.03426194 -0.00000000 -0.01270424
v 0.03420004 0.00025000 -0.01267861
v 0.03200006 0.00025000 -0.01267861
v 0.02980005 0.00025000 -0.01267861
v 0.02760005 0.00025000 -0.01267861
v 0.02540004 0.00025000 -0.01267861
v 0.02320006 0.00025000 -0.01267861
v 0.02100005 0.00025000 -0.01267861
v 0.04723096 0.00043301 -0.01260857
v 0.04503098 0.00043301 -0.01260857
v 0.04283097 0.00043301 -0.01260857
v 0.04063096 0.00043301 -0.01260857
v 0.03979995 0.00025000 -0.01267861
v 0.04002323 0.00043301 -0.01268967
v 0.03843096 0.00043301 -0.01260857
v 0.03623098 0.00043301 -0.01260857
v 0.03539994 0.00025000 -0.01267861
v 0.03562322 0.00043301 -0.01268967
v 0.03403097 0.00043301 -0.01260857
v 0.03319996 0.00025000 -0.01267861
v 0.03342321 0.00043301 -0.01268967
v 0.03183096 0.00043301 -0.01260857
v 0.03099995 0.00025000 -0.01267861
v 0.03122323 0.00043301 -0.01268967
v 0.02963096 0.00043301 -0.01260857
v 0.02743098 0.00043301 -0.01260857
v 0.02659994 0.00025000 -0.01267861
v 0.02682322 0.00043301 -0.01268967
v 0.02523097 0.00043301 -0.01260857
v 0.02439996 0.00025000 -0.01267861
v 0.02462321 0.00043301 -0.01268967
v 0.02303096 0.00043301 -0.01260857
v 0.02083096 0.00043301 -0.01260857
v 0.04971403 -0.00014645 -0.01238708
v 0.04956415 -0.00003806 -0.01232500
v 0.04680001 0.00050000 -0.01251291
v 0.04699999 0.00050000 -0.01251291
v 0.04655000 0.00043301 -0.01251291
v 0.04460001 0.00050000 -0.01251291
v 0.04480001 0.00050000 -0.01251291
v 0.04434999 0.00043301 -0.01251291
v 0.04240000 0.00050000 -0.01251291
v 0.04260000 0.00050000 -0.01251291
v 0.04214999 0.00043301 -0.01251291
v 0.04019999 0.00050000 -0.01251291
v 0.04039999 0.00050000 -0.01251291
v 0.03800001 0.00050000 -0.01251291
v 0.03819999 0.00050000 -0.01251291
v 0.03775000 0.00043301 -0.01251291
v 0.03580001 0.00050000 -0.01251291
v 0.03600001 0.00050000 -0.01251291
v 0.03360000 0.00050000 -0.01251291
v 0.03380000 0.00050000 -0.01251291
v 0.03139999 0.00050000 -0.01251291
v 0.03159999 0.00050000 -0.01251291
v 0.02920001 0.00050000 -0.01251291
v 0.02939999 0.00050000 -0.01251291
v 0.02895000 0.00043301 -0.01251291
v 0.02700001 0.00050000 -0.01251291
v 0.02720001 0.00050000 -0.01251291
v 0.02480000 0.00050000 -0.01251291
v 0.02500000 0.00050000 -0.01251291
v 0.02259999 0.00050000 -0.01251291
v 0.02279999 0.00050000 -0.01251291
v 0.02235001 0.00043301 -0.01251291
v 0.02040001 0.00050000 -0.01251291
v 0.02059999 0.00050000 -0.01251291
v 0.02015000 0.00043301 -0.01251291
v 0.04949736 -0.00816711 -0.01215915
v 0.04636699 0.00025000 -0.01251291
v 0.04416698 0.00025000 -0.01251291
v 0.04196700 0.00025000 -0.01251291
v 0.03756699 0.00025000 -0.01251291
v 0.02876699 0.00025000 -0.01251291
v 0.02216699 0.00025000 -0.01251291
v 0.01996699 0.00025000 -0.01251291
v 0.04938739 -0.00000000 -0.01225178
v 0.04743301 0.00025000 -0.01251291
v 0.04523301 0.00025000 -0.01251291
v 0.04303300 0.00025000 -0.01251291
v 0.04084962 0.00018804 -0.01251291
v 0.03975039 0.00018804 -0.01251291
v 0.03863302 0.00025000 -0.01251291
v 0.03644961 0.00018804 -0.01251291
v 0.03530001 -0.00000000 -0.01251291
v 0.03535038 0.00018804 -0.01251291
v 0.03430000 -0.00000000 -0.01251291
v 0.03424960 0.00018804 -0.01251291
v 0.03315037 0.00018804 -0.01251291
v 0.03204962 0.00018804 -0.01251291
v 0.03095039 0.00018804 -0.01251291
v 0.02983302 0.00025000 -0.01251291
v 0.02764961 0.00018804 -0.01251291
v 0.02655038 0.00018804 -0.01251291
v 0.02544960 0.00018804 -0.01251291
v 0.02435037 0.00018804 -0.01251291
v 0.02323302 0.00025000 -0.01251291
v 0.02103302 0.00025000 -0.01251291
v 0.03996902 0.00043301 -0.01260857
v 0.03556904 0.00043301 -0.01260857
v 0.03336903 0.00043301 -0.01260857
v 0.03116902 0.00043301 -0.01260857
v 0.02676904 0.00043301 -0.01260857
v 0.02456903 0.00043301 -0.01260857
v 0.04725000 0.00043301 -0.01251291
v 0.04504999 0.00043301 -0.01251291
v 0.04285001 0.00043301 -0.01251291
v 0.04065001 0.00043301 -0.01251291
v 0.04074150 0.00034151 -0.01251291
v 0.04083302 0.00025000 -0.01251291
v 0.03976699 0.00025000 -0.01251291
v 0.03985849 0.00034151 -0.01251291
v 0.03845000 0.00043301 -0.01251291
v 0.03624999 0.00043301 -0.01251291
v 0.03634151 0.00034151 -0.01251291
v 0.03643301 0.00025000 -0.01251291
v 0.03536698 0.00025000 -0.01251291
v 0.03545850 0.00034151 -0.01251291
v 0.03405001 0.00043301 -0.01251291
v 0.03414151 0.00034151 -0.01251291
v 0.03423300 0.00025000 -0.01251291
v 0.03316700 0.00025000 -0.01251291
v 0.03325849 0.00034151 -0.01251291
v 0.03185001 0.00043301 -0.01251291
v 0.03194150 0.00034151 -0.01251291
v 0.03203302 0.00025000 -0.01251291
v 0.03096699 0.00025000 -0.01251291
v 0.03105849 0.00034151 -0.01251291
v 0.02965000 0.00043301 -0.01251291
v 0.02744999 0.00043301 -0.01251291
v 0.02754151 0.00034151 -0.01251291
v 0.02763301 0.00025000 -0.01251291
v 0.02656698 0.00025000 -0.01251291
v 0.02665850 0.00034151 -0.01251291
v 0.02525001 0.00043301 -0.01251291
v 0.02534151 0.00034151 -0.01251291
v 0.02543300 0.00025000 -0.01251291
v 0.02436700 0.00025000 -0.01251291
v 0.02445849 0.00034151 -0.01251291
v 0.02305001 0.00043301 -0.01251291
v 0.02085000 0.00043301 -0.01251291
v 0.04058805 0.00044962 -0.01251291
v 0.03995001 0.00043301 -0.01251291
v 0.04001197 0.00044962 -0.01251291
v 0.03618803 0.00044962 -0.01251291
v 0.03554999 0.00043301 -0.01251291
v 0.03561195 0.00044962 -0.01251291
v 0.03398803 0.00044962 -0.01251291
v 0.03334999 0.00043301 -0.01251291
v 0.03341195 0.00044962 -0.01251291
v 0.03178805 0.00044962 -0.01251291
v 0.03115001 0.00043301 -0.01251291
v 0.03121197 0.00044962 -0.01251291
v 0.02738803 0.00044962 -0.01251291
v 0.02674999 0.00043301 -0.01251291
v 0.02681195 0.00044962 -0.01251291
v 0.02518803 0.00044962 -0.01251291
v 0.02454999 0.00043301 -0.01251291
v 0.02461195 0.00044962 -0.01251291
v 0.05017718 -0.00060355 -0.01245765
v 0.04750001 -0.00000000 -0.01080646
v 0.04743301 0.00025000 0.01257290
v 0.04725000 0.00043301 0.01257290
v 0.04680001 0.00050000 0.01257290
v 0.04699999 0.00050000 0.01257290
v 0.04655000 0.00043301 0.01257290
v 0.04636699 0.00025000 0.01257290
v 0.04530000 -0.00000000 -0.01080646
v 0.04523301 0.00025000 0.01257290
v 0.04504999 0.00043301 0.01257290
v 0.04460001 0.00050000 0.01257290
v 0.04480001 0.00050000 0.01257290
v 0.04434999 0.00043301 0.01257290
v 0.04416698 0.00025000 0.01257290
v 0.04310000 -0.00000000 -0.01080646
v 0.04303300 0.00025000 0.01257290
v 0.04285001 0.00043301 0.01257290
v 0.04240000 0.00050000 0.01257290
v 0.04260000 0.00050000 0.01257290
v 0.04214999 0.00043301 0.01257290
v 0.04196700 0.00025000 0.01257290
v 0.04089999 -0.00000000 -0.01080646
v 0.04084962 0.00018804 0.01257290
v 0.04083302 0.00025000 0.01257290
v 0.04074150 0.00034151 0.01257290
v 0.04065001 0.00043301 0.01257290
v 0.04058805 0.00044962 0.01257290
v 0.04019999 0.00050000 0.01257290
v 0.04039999 0.00050000 0.01257290
v 0.03995001 0.00043301 0.01257290
v 0.04001197 0.00044962 0.01257290
v 0.03985849 0.00034151 0.01257290
v 0.03976699 0.00025000 0.01257290
v 0.03975039 0.00018804 0.01257290
v 0.03870001 -0.00000000 -0.01080646
v 0.03863302 0.00025000 0.01257290
v 0.03845000 0.00043301 0.01257290
v 0.03800001 0.00050000 0.01257290
v 0.03819999 0.00050000 0.01257290
v 0.03775000 0.00043301 0.01257290
v 0.03756699 0.00025000 0.01257290
v 0.03650000 -0.00000000 -0.01080646
v 0.03644961 0.00018804 0.01257290
v 0.03643301 0.00025000 0.01257290
v 0.03634151 0.00034151 0.01257290
v 0.03624999 0.00043301 0.01257290
v 0.03618803 0.00044962 0.01257290
v 0.03580001 0.00050000 0.01257290
v 0.03600001 0.00050000 0.01257290
v 0.03554999 0.00043301 0.01257290
v 0.03561195 0.00044962 0.01257290
v 0.03545850 0.00034151 0.01257290
v 0.03536698 0.00025000 0.01257290
v 0.03535038 0.00018804 0.01257290
v 0.03530001 -0.00000000 -0.01080646
v 0.03430000 -0.00000000 -0.01080646
v 0.03424960 0.00018804 0.01257290
v 0.03423300 0.00025000 0.01257290
v 0.03414151 0.00034151 0.01257290
v 0.03405001 0.00043301 0.01257290
v 0.03398803 0.00044962 0.01257290
v 0.03360000 0.00050000 0.01257290
v 0.03380000 0.00050000 0.01257290
v 0.03334999 0.00043301 0.01257290
v 0.03341195 0.00044962 0.01257290
v 0.03325849 0.00034151 0.01257290
v 0.03316700 0.00025000 0.01257290
v 0.03315037 0.00018804 0.01257290
v 0.03209999 -0.00000000 -0.01080646
v 0.03204962 0.00018804 0.01257290
v 0.03203302 0.00025000 0.01257290
v 0.03194150 0.00034151 0.01257290
v 0.03185001 0.00043301 0.01257290
v 0.03178805 0.00044962 0.01257290
v 0.03139999 0.00050000 0.01257290
v 0.03159999 0.00050000 0.01257290
v 0.03115001 0.00043301 0.01257290
v 0.03121197 0.00044962 0.01257290
v 0.03105849 0.00034151 0.01257290
v 0.03096699 0.00025000 0.01257290
v 0.03095039 0.00018804 0.01257290
v 0.02990001 -0.00000000 -0.01080646
v 0.02983302 0.00025000 0.01257290
v 0.02965000 0.00043301 0.01257290
v 0.02920001 0.00050000 0.01257290
v 0.02939999 0.00050000 0.01257290
v 0.02895000 0.00043301 0.01257290
v 0.02876699 0.00025000 0.01257290
v 0.02770000 -0.00000000 -0.01080646
v 0.02764961 0.00018804 0.01257290
v 0.02763301 0.00025000 0.01257290
v 0.02754151 0.00034151 0.01257290
v 0.02744999 0.00043301 0.01257290
v 0.02738803 0.00044962 0.01257290
v 0.02700001 0.00050000 0.01257290
v 0.02720001 0.00050000 0.01257290
v 0.02674999 0.00043301 0.01257290
v 0.02681195 0.00044962 0.01257290
v 0.02665850 0.00034151 0.01257290
v 0.02656698 0.00025000 0.01257290
v 0.02655038 0.00018804 0.01257290
v 0.02550000 -0.00000000 -0.01080646
v 0.02544960 0.00018804 0.01257290
v 0.02543300 0.00025000 0.01257290
v 0.02534151 0.00034151 0.01257290
v 0.02525001 0.00043301 0.01257290
v 0.02518803 0.00044962 0.01257290
v 0.02480000 0.00050000 0.01257290
v 0.02500000 0.00050000 0.01257290
v 0.02454999 0.00043301 0.01257290
v 0.02461195 0.00044962 0.01257290
v 0.02445849 0.00034151 0.01257290
v 0.02436700 0.00025000 0.01257290
v 0.02435037 0.00018804 0.01257290
v 0.02329999 -0.00000000 -0.01080646
v 0.02323302 0.00025000 0.01257290
v 0.02305001 0.00043301 0.01257290
v 0.02259999 0.00050000 0.01257290
v 0.02279999 0.00050000 0.01257290
v 0.02235001 0.00043301 0.01257290
v 0.02216699 0.00025000 0.01257290
v 0.02110001 -0.00000000 -0.01080646
v 0.02103302 0.00025000 0.01257290
v 0.02085000 0.00043301 0.01257290
v 0.02040001 0.00050000 0.01257290
v 0.02059999 0.00050000 0.01257290
v 0.02015000 0.00043301 0.01257290
v 0.01996699 0.00025000 0.01257290
v 0.05041581 -0.00076576 -0.01199071
v 0.05045327 -0.00095711 -0.01199739
v 0.05043420 -0.00716010 -0.01199995
v 0.05038005 -0.00716605 -0.01230981
v 0.05043256 -0.00736238 -0.01199342
v 0.05030524 -0.00768826 -0.01196061
v 0.05030912 -0.00060355 -0.01197164
v 0.04985040 -0.00014645 -0.01193751
v 0.05014750 -0.00788503 -0.01192622
v 0.04969132 -0.00003806 -0.01190586
v 0.05010143 -0.00795180 -0.01147001
v 0.04950365 -0.00000000 -0.01186855
v 0.04988202 -0.00804591 -0.01147001
v 0.04966440 -0.00813927 -0.01147001
v 0.05049961 -0.00719997 -0.01147001
v 0.05049419 -0.00715350 -0.01165666
v 0.05046194 -0.00076576 -0.01147001
v 0.05050000 -0.00095711 -0.01147001
v 0.05047300 -0.00735346 -0.01147001
v 0.05045256 -0.00747138 -0.01147001
v 0.05035355 -0.00060355 -0.01147001
v 0.05040553 -0.00757716 -0.01147001
v 0.05034288 -0.00767697 -0.01147001
v 0.05027583 -0.00778381 -0.01147001
v 0.04989645 -0.00014645 -0.01147001
v 0.04973423 -0.00003806 -0.01147001
v 0.05018329 -0.00787294 -0.01147001
v 0.04954290 -0.00000000 -0.01147001
v 0.05050000 -0.00715288 -0.01147001
v 0.05050000 -0.00095711 0.01153000
v 0.05050000 -0.00715288 0.01153000
v 0.05049961 -0.00719997 0.01153000
v 0.05048310 -0.00729518 0.01153000
v 0.05046194 -0.00076576 0.01153000
v 0.05040556 -0.00757708 -0.00146999
v 0.05045256 -0.00747138 0.01153000
v 0.05026835 -0.00776300 -0.00146999
v 0.05026835 -0.00776300 -0.01147001
v 0.05035355 -0.00060355 0.01153000
v 0.05013361 -0.00787229 -0.01147001
v 0.05013361 -0.00787229 -0.00146999
v 0.04997849 -0.00794996 -0.01147001
v 0.04997849 -0.00794996 -0.00146999
v 0.04969999 -0.00800000 -0.00146999
v 0.04969999 -0.00800000 -0.01147001
v 0.04989645 -0.00014645 0.01153000
v 0.04954290 -0.00000000 -0.01080646
v 0.04973423 -0.00003806 0.01153000
v 0.02250000 -0.00800000 -0.01147001
v 0.02180776 -0.00800000 -0.01134639
v 0.02050000 -0.00800000 -0.00346999
v 0.02050000 -0.00800000 -0.00947000
v 0.02250000 -0.00800000 -0.00146999
v 0.02108580 -0.00800000 -0.01088421
v 0.02062362 -0.00800000 -0.01016222
v 0.04954290 -0.00000000 0.01153000
v 0.04852146 -0.00000000 0.01328929
v 0.04750001 -0.00000000 0.01257290
v 0.04629999 -0.00000000 0.01257290
v 0.04580000 -0.00000000 0.01357289
v 0.04530000 -0.00000000 0.01257290
v 0.04410001 -0.00000000 0.01257290
v 0.04359999 -0.00000000 0.01357289
v 0.04310000 -0.00000000 0.01257290
v 0.04190001 -0.00000000 0.01257290
v 0.04140001 -0.00000000 0.01357289
v 0.04089999 -0.00000000 0.01257290
v 0.03970000 -0.00000000 0.01257290
v 0.03920000 -0.00000000 0.01357289
v 0.03870001 -0.00000000 0.01257290
v 0.03749999 -0.00000000 0.01257290
v 0.03700000 -0.00000000 0.01357289
v 0.03650000 -0.00000000 0.01257290
v 0.03530001 -0.00000000 0.01257290
v 0.03430000 -0.00000000 0.01257290
v 0.03310001 -0.00000000 0.01257290
v 0.03260001 -0.00000000 0.01357289
v 0.03209999 -0.00000000 0.01257290
v 0.03090000 -0.00000000 0.01257290
v 0.03040000 -0.00000000 0.01357289
v 0.02990001 -0.00000000 0.01257290
v 0.02869999 -0.00000000 0.01257290
v 0.02820000 -0.00000000 0.01357289
v 0.02770000 -0.00000000 0.01257290
v 0.02650001 -0.00000000 0.01257290
v 0.02599999 -0.00000000 0.01357289
v 0.02550000 -0.00000000 0.01257290
v 0.02430001 -0.00000000 0.01257290
v 0.02380001 -0.00000000 0.01357289
v 0.02329999 -0.00000000 0.01257290
v 0.02210000 -0.00000000 0.01257290
v 0.02160000 -0.00000000 0.01357289
v 0.02110001 -0.00000000 0.01257290
v 0.01989999 -0.00000000 0.01257290
v 0.00312096 -0.00000000 -0.00857528
v 0.00356453 -0.00000000 -0.00834726
v -0.00737906 -0.00000000 -0.00857528
v -0.00693548 -0.00000000 -0.00834726
v 0.00787762 -0.00000000 -0.00856070
v 0.00830710 -0.00000000 -0.00830712
v 0.00830710 -0.00000000 0.00222288
v 0.00856068 -0.00000000 0.00265239
v 0.01425001 -0.00000000 0.01357289
v 0.00856068 -0.00000000 -0.00787760
v 0.00857529 -0.00000000 -0.00737907
v 0.00834727 -0.00000000 -0.00693546
v 0.00737905 -0.00000000 -0.00857528
v 0.00760001 -0.00000000 -0.00860001
v -0.00290001 -0.00000000 -0.00860001
v 0.00290000 -0.00000000 -0.00860001
v 0.00857529 -0.00000000 -0.00309093
v 0.00856068 -0.00000000 -0.00259240
v -0.00857529 -0.00000000 -0.00737907
v -0.00856069 -0.00000000 -0.00787760
v -0.00859893 -0.00000000 0.00288396
v -0.00845826 -0.00000000 0.00241677
v -0.00811324 -0.00000000 0.00207175
v -0.00830710 -0.00000000 -0.00830712
v -0.00787762 -0.00000000 -0.00856070
v -0.00760001 -0.00000000 -0.00860001
v -0.01350001 -0.00000000 0.01357289
v -0.00857529 -0.00000000 0.00737907
v -0.00834725 -0.00000000 0.00693546
v -0.00859893 -0.00000000 -0.00282393
v -0.00845826 -0.00000000 -0.00235675
v 0.00262239 -0.00000000 -0.00856070
v -0.00312093 -0.00000000 -0.00857528
v -0.00262240 -0.00000000 -0.00856070
v 0.00219288 -0.00000000 -0.00830712
v 0.00219288 -0.01300000 -0.00830712
v -0.00262240 -0.01300000 -0.00856070
v 0.00693547 -0.00000000 -0.00834726
v 0.00693547 -0.01300000 -0.00834726
v -0.00356454 -0.00000000 -0.00834726
v -0.00356454 -0.01300000 -0.00834726
v -0.00219289 -0.00000000 -0.00830712
v 0.00193929 -0.00000000 -0.00787760
v 0.00193929 -0.01300000 -0.00787760
v -0.00219289 -0.01300000 -0.00830712
v 0.00665718 -0.00000000 -0.00793333
v 0.00665718 -0.01300000 -0.00793333
v 0.00384280 -0.01300000 -0.00793333
v 0.00384280 -0.00000000 -0.00793333
v -0.00384280 -0.00000000 -0.00793333
v -0.00384280 -0.01300000 -0.00793333
v -0.00665719 -0.00000000 -0.00793333
v -0.00665719 -0.01300000 -0.00793333
v -0.00193930 -0.00000000 -0.00787760
v -0.00193930 -0.01300000 -0.00787760
v 0.00618580 -0.00000000 -0.00760000
v 0.00655159 -0.00000000 -0.00775911
v 0.00431421 -0.00000000 -0.00760000
v 0.00655159 -0.01300000 -0.00775911
v 0.00638523 -0.01300000 -0.00764151
v 0.00618580 -0.01300000 -0.00760000
v 0.00411477 -0.00000000 -0.00764151
v 0.00394842 -0.00000000 -0.00775911
v 0.00394842 -0.01300000 -0.00775911
v 0.00431421 -0.01300000 -0.00760000
v -0.00431422 -0.00000000 -0.00760000
v -0.00394842 -0.00000000 -0.00775911
v -0.00618577 -0.00000000 -0.00760000
v -0.00431422 -0.01300000 -0.00760000
v -0.00411475 -0.01300000 -0.00764151
v -0.00394842 -0.01300000 -0.00775911
v -0.00638524 -0.00000000 -0.00764151
v -0.00655157 -0.00000000 -0.00775911
v -0.00655157 -0.01300000 -0.00775911
v -0.00618577 -0.01300000 -0.00760000
v 0.00192472 -0.00000000 -0.00737907
v 0.00192472 -0.01300000 -0.00737907
v -0.00192473 -0.01300000 -0.00737907
v -0.00192473 -0.00000000 -0.00737907
v 0.00638523 -0.00000000 -0.00764151
v 0.00411477 -0.01300000 -0.00764151
v -0.00411475 -0.00000000 -0.00764151
v -0.00638524 -0.01300000 -0.00764151
v 0.00834727 -0.01300000 -0.00693546
v -0.00215274 -0.00000000 -0.00693546
v -0.00256667 -0.00000000 -0.00665720
v -0.00285849 -0.00000000 -0.00638525
v 0.00215274 -0.00000000 -0.00693546
v 0.00215274 -0.01300000 -0.00693546
v -0.00290001 -0.01300000 -0.00618579
v -0.00285849 -0.01300000 -0.00638525
v -0.00274086 -0.01300000 -0.00655158
v -0.00256667 -0.01300000 -0.00665720
v -0.00215274 -0.01300000 -0.00693546
v -0.00834725 -0.00000000 -0.00693546
v -0.00834725 -0.01300000 -0.00693546
v 0.00793335 -0.00000000 -0.00665720
v 0.00793335 -0.00000000 -0.00381281
v 0.00834727 -0.00000000 -0.00353454
v 0.00834727 -0.01300000 -0.00353454
v 0.00793335 -0.01300000 -0.00381281
v 0.00793335 -0.01300000 -0.00665720
v -0.00290001 -0.00000000 -0.00462000
v -0.00276602 -0.00000000 -0.00412001
v -0.00189999 -0.00000000 -0.00362001
v 0.00256666 -0.00000000 -0.00665720
v -0.00290001 -0.00000000 -0.00618579
v 0.00256666 -0.01300000 -0.00665720
v 0.00190001 -0.01300000 -0.00362001
v -0.00290001 -0.01300000 -0.00462000
v -0.00240001 -0.01300000 -0.00375398
v -0.00189999 -0.01300000 -0.00362001
v -0.00850183 -0.00000000 -0.00330211
v -0.00819004 -0.00000000 -0.00367738
v -0.00793332 -0.00000000 -0.00665720
v -0.00793332 -0.01300000 -0.00665720
v -0.00819004 -0.01300000 -0.00367738
v -0.00850183 -0.01300000 -0.00330211
v -0.00859893 -0.01300000 -0.00282393
v 0.00760001 -0.00000000 -0.00618579
v 0.00764149 -0.00000000 -0.00638525
v 0.00775912 -0.00000000 -0.00655158
v 0.00775912 -0.01300000 -0.00655158
v 0.00760001 -0.01300000 -0.00618579
v 0.00760001 -0.01300000 -0.00428422
v 0.00290000 -0.00000000 -0.00618579
v 0.00274089 -0.00000000 -0.00655158
v 0.00290000 -0.00000000 -0.00462000
v 0.00190001 -0.00000000 -0.00362001
v 0.00290000 -0.01300000 -0.00618579
v 0.00285849 -0.01300000 -0.00638525
v 0.00274089 -0.01300000 -0.00655158
v -0.00274086 -0.00000000 -0.00655158
v -0.00793332 -0.00000000 -0.00381281
v -0.00760001 -0.00000000 -0.00618579
v -0.00775913 -0.00000000 -0.00655158
v -0.00760001 -0.00000000 -0.00428422
v -0.00793332 -0.01300000 -0.00381281
v -0.00760001 -0.01300000 -0.00618579
v -0.00764150 -0.01300000 -0.00638525
v -0.00775913 -0.01300000 -0.00655158
v 0.00764149 -0.01300000 -0.00638525
v 0.00285849 -0.00000000 -0.00638525
v -0.00764150 -0.00000000 -0.00638525
v 0.00760001 -0.00000000 -0.00428422
v 0.00290000 -0.01300000 -0.00462000
v -0.00760001 -0.01300000 -0.00428422
v 0.00276604 -0.00000000 -0.00412001
v 0.00276604 -0.01300000 -0.00412001
v 0.00240001 -0.01300000 -0.00375398
v -0.00276602 -0.01300000 -0.00412001
v 0.00764149 -0.00000000 -0.00408475
v 0.00775912 -0.00000000 -0.00391842
v 0.00764149 -0.01300000 -0.00408475
v -0.00764150 -0.00000000 -0.00408475
v -0.00764150 -0.01300000 -0.00408475
v -0.00775913 -0.01300000 -0.00391842
v 0.00240001 -0.00000000 -0.00375398
v -0.00240001 -0.00000000 -0.00375398
v 0.00775912 -0.01300000 -0.00391842
v -0.00775913 -0.00000000 -0.00391842
v -0.01350001 -0.00711085 -0.00239421
v -0.01350001 -0.00588915 -0.00239421
v -0.01350001 -0.00650000 -0.00372000
v -0.01350001 -0.00793506 -0.00343455
v -0.01350001 -0.00506494 -0.00343455
v 0.02057701 -0.01282201 -0.00291951
v 0.02062362 -0.00800000 -0.00277777
v 0.02180776 -0.00800000 -0.00159361
v -0.01350001 -0.00384835 -0.00262164
v -0.01350001 -0.00818668 -0.00181530
v -0.01350001 -0.00915165 -0.00262164
v 0.02063736 -0.01281676 -0.00278388
v 0.00464999 -0.00000000 -0.00287001
v 0.00365001 -0.00000000 -0.00186999
v 0.00618580 -0.00000000 -0.00287001
v 0.00665718 -0.00000000 -0.00253667
v 0.00638523 -0.00000000 -0.00282849
v 0.00464999 -0.01300000 -0.00287001
v 0.00618580 -0.01300000 -0.00287001
v 0.00638523 -0.01300000 -0.00282849
v 0.00655159 -0.01300000 -0.00271086
v 0.00665718 -0.01300000 -0.00253667
v 0.00415000 -0.00000000 -0.00273602
v 0.00378397 -0.00000000 -0.00236999
v 0.00415000 -0.01300000 -0.00273602
v 0.00365001 -0.01300000 -0.00186999
v -0.00618577 -0.00000000 -0.00287001
v -0.00665719 -0.00000000 -0.00253667
v -0.00465000 -0.00000000 -0.00287001
v -0.00365001 -0.00000000 -0.00186999
v -0.00415001 -0.00000000 -0.00273602
v -0.00465000 -0.01300000 -0.00287001
v -0.00618577 -0.01300000 -0.00287001
v -0.00415001 -0.01300000 -0.00273602
v -0.00378397 -0.01300000 -0.00236999
v -0.00365001 -0.01300000 -0.00186999
v -0.00638524 -0.00000000 -0.00282849
v -0.00655157 -0.00000000 -0.00271086
v -0.00638524 -0.01300000 -0.00282849
v -0.00665719 -0.01300000 -0.00253667
v 0.00655159 -0.00000000 -0.00271086
v -0.00655157 -0.01300000 -0.00271086
v -0.00845504 -0.00579707 -0.00235881
v -0.00847683 -0.00589015 -0.00239135
v -0.00848380 -0.00591987 -0.00240175
v -0.00851652 -0.00649891 -0.00247000
v -0.00811324 -0.01300000 0.00207175
v -0.00845826 -0.01300000 0.00241677
v -0.00859893 -0.01300000 0.00288396
v -0.00845826 -0.01300000 -0.00235675
v -0.00848973 -0.00703060 -0.00241305
v -0.00847304 -0.00710856 -0.00238727
v 0.02080401 -0.01280228 -0.00240929
v 0.02108580 -0.00800000 -0.00205578
v 0.00378397 -0.01300000 -0.00236999
v -0.00378397 -0.00000000 -0.00236999
v -0.01350001 -0.00481333 -0.00181530
v -0.01350001 -0.00303545 -0.00140508
v -0.01350001 -0.00885971 -0.00079571
v -0.01350001 -0.00996455 -0.00140508
v 0.00830710 -0.00000000 -0.00216289
v 0.00830710 -0.01300000 -0.00216289
v 0.00693547 -0.00000000 -0.00212275
v 0.00693547 -0.01300000 -0.00212275
v 0.00693547 -0.01300000 0.00218274
v -0.00365001 -0.00000000 0.00193001
v -0.00679261 -0.00000000 -0.00227998
v -0.00679261 -0.01300000 -0.00227998
v 0.02109485 -0.01277528 -0.00206341
v 0.02143862 -0.01274160 0.00183444
v 0.02109345 -0.01277534 0.00212489
v 0.02101242 -0.01278326 0.00219308
v 0.02070215 -0.01281126 0.00265358
v 0.02063834 -0.01281672 0.00284274
v 0.02053791 -0.01282530 0.00314052
v -0.00845471 -0.00719428 -0.00235893
v -0.00838292 -0.00752990 -0.00224800
v -0.00837091 -0.00543788 -0.00223316
v -0.00811324 -0.00000000 -0.00201176
v -0.00810948 -0.00507123 -0.00201921
v -0.00817439 -0.00511508 -0.00205134
v -0.00811324 -0.01300000 -0.00201176
v -0.00818202 -0.00787672 -0.00205676
v -0.00378397 -0.00000000 0.00243001
v -0.00716791 -0.00000000 -0.00196816
v -0.00365001 -0.01300000 0.00193001
v -0.00716791 -0.01300000 -0.00196816
v 0.00787762 -0.00000000 0.00196932
v 0.00787762 -0.00000000 -0.00190930
v 0.00787762 -0.01300000 0.00196932
v 0.00787762 -0.01300000 -0.00190930
v 0.00693547 -0.00000000 0.00218274
v 0.00737905 -0.00000000 -0.00189473
v 0.00737905 -0.01300000 -0.00189473
v 0.02116269 -0.01276899 -0.00198276
v -0.00810910 -0.00792746 -0.00201981
v 0.02162405 -0.01272232 -0.00167193
v -0.00791186 -0.00806462 -0.00191985
v -0.00790337 -0.00493194 -0.00191711
v -0.00764606 -0.00000000 0.00193106
v -0.00764606 -0.00000000 -0.00187106
v -0.00764585 -0.00487785 -0.00187223
v -0.00764606 -0.01300000 0.00193106
v -0.00764606 -0.01300000 -0.00187106
v 0.02194887 -0.01268687 0.00160716
v 0.02181387 -0.01270135 0.00166731
v -0.00415001 -0.00000000 0.00279604
v -0.00465000 -0.00000000 0.00293000
v -0.00760001 -0.00000000 -0.00186999
v -0.00760001 -0.00000000 0.00193001
v -0.00716791 -0.00000000 0.00202818
v -0.00728667 -0.00806400 -0.00192036
v -0.00728667 -0.00493600 -0.00192036
v -0.00729332 -0.00493330 -0.00191818
v -0.00760001 -0.00487522 -0.00187002
v -0.00378397 -0.01300000 0.00243001
v -0.00465000 -0.01300000 0.00293000
v -0.00679261 -0.01300000 0.00233997
v -0.00716791 -0.01300000 0.00202818
v -0.00760001 -0.01300000 0.00193001
v -0.00760001 -0.01300000 -0.00186999
v -0.00760001 -0.00812481 -0.00186999
v -0.00737951 -0.00488555 -0.00187881
v -0.00745759 -0.00817871 -0.00182252
v -0.00764507 -0.00811611 -0.00187720
v 0.00760001 -0.00000000 0.00193001
v 0.00760001 -0.00000000 -0.00186999
v 0.00760001 -0.01300000 -0.00186999
v 0.00737905 -0.00000000 0.00195472
v 0.00737905 -0.01300000 0.00195472
v 0.00760001 -0.01300000 0.00193001
v -0.00744582 -0.00481552 -0.00181292
v -0.00746441 -0.00818642 -0.00181501
v -0.00763706 -0.00487601 -0.00187071
v 0.00665718 -0.00000000 0.00259666
v 0.00365001 -0.00000000 0.00193001
v 0.00365001 -0.01300000 0.00193001
v -0.00746006 -0.00818036 -0.00182112
v -0.00756181 -0.00469297 -0.00169762
v -0.00757873 -0.00464055 -0.00163503
v -0.00762999 -0.00448188 -0.00144555
v -0.01350001 -0.00414029 -0.00079571
v -0.00761730 -0.00843115 -0.00155754
v -0.00759331 -0.00836614 -0.00163354
v -0.00759018 -0.00836179 -0.00163795
v -0.00762999 -0.00885971 -0.00079571
v -0.00762999 -0.00851811 -0.00144555
v 0.02181270 -0.01270143 -0.00160824
v 0.02210909 -0.01266860 -0.00150819
v 0.02250000 -0.01262181 -0.00146999
v 0.02250000 -0.01262181 0.00153001
v 0.05027759 -0.00778165 -0.00146999
v 0.05040556 -0.00757708 0.00153001
v 0.05010432 -0.00794961 -0.00146999
v 0.05027759 -0.00778165 0.00153001
v 0.04966440 -0.00813927 -0.00146999
v 0.05010432 -0.00794961 0.00153001
v 0.04966440 -0.00813927 0.00153001
v 0.02458182 -0.01231970 -0.00146999
v 0.02458182 -0.01231970 0.00153001
v -0.00762999 -0.00414029 -0.00079571
v -0.01350001 -0.00275000 0.00003000
v -0.01350001 -0.00900000 0.00003000
v -0.01350001 -0.01025000 0.00003000
v -0.00762999 -0.00400000 0.00003000
v -0.01350001 -0.00400000 0.00003000
v -0.00762999 -0.00414029 0.00085570
v -0.00762999 -0.00900000 0.00003000
v -0.01350001 -0.00414029 0.00085570
v -0.00762999 -0.00885971 0.00085570
v -0.01350001 -0.00303545 0.00146507
v -0.01449999 -0.00303545 0.00146507
v -0.01350001 -0.00885971 0.00085570
v -0.01350001 -0.00996455 0.00146507
v -0.01449999 -0.00996455 0.00146507
v -0.01350001 -0.00481333 0.00187530
v -0.00762999 -0.00448188 0.00150554
v -0.00762999 -0.00851811 0.00150554
v -0.01350001 -0.00384835 0.00268166
v -0.01350001 -0.00818668 0.00187530
v -0.01449999 -0.00384835 0.00268166
v -0.01350001 -0.00915165 0.00268166
v -0.01449999 -0.00915165 0.00268166
v -0.00761730 -0.00456885 0.00161757
v -0.00757873 -0.00835945 0.00169502
v -0.00759018 -0.00463821 0.00169794
v -0.00759331 -0.00463386 0.00169353
v 0.05026835 -0.00776300 0.00153001
v 0.05040550 -0.00757720 0.01153000
v 0.05034366 -0.00767507 0.01153000
v 0.05013361 -0.00787229 0.00153001
v 0.05026835 -0.00776300 0.01153000
v 0.04997849 -0.00794996 0.00153001
v 0.04997849 -0.00794996 0.01153000
v 0.04969999 -0.00800000 0.00153001
v 0.04969999 -0.00800000 0.01153000
v 0.02250000 -0.00800000 0.00153001
v 0.02180776 -0.00800000 0.00165363
v 0.02050000 -0.00800000 0.00952999
v 0.02050000 -0.00800000 0.00353001
v 0.02250000 -0.00800000 0.01153000
v 0.02108580 -0.00800000 0.00211580
v -0.00756181 -0.00830703 0.00175764
v -0.00746006 -0.00481964 0.00188111
v -0.00746441 -0.00481358 0.00187500
v -0.00744582 -0.00818449 0.00187294
v -0.00745759 -0.00482129 0.00188254
v -0.00737951 -0.00811445 0.00193883
v -0.00761035 -0.00812475 0.00193004
v -0.00760001 -0.00487519 0.00193001
v -0.00764525 -0.00488307 0.00193657
v -0.00788504 -0.00492481 0.00197132
v -0.00810996 -0.00506967 0.00207846
v -0.00816486 -0.00510502 0.00210462
v -0.00837660 -0.00545313 0.00230025
v -0.00845456 -0.00580422 0.00241907
v -0.01350001 -0.00588915 0.00245424
v -0.01350001 -0.00506494 0.00349455
v -0.00845525 -0.00721048 0.00241865
v -0.00835899 -0.00759194 0.00227894
v -0.00817952 -0.00787958 0.00211488
v -0.00810936 -0.00792867 0.00207911
v -0.00791973 -0.00806135 0.00198246
v -0.00764522 -0.00811760 0.00193597
v -0.01350001 -0.00711085 0.00245424
v -0.00847888 -0.00711072 0.00245328
v -0.00847835 -0.00711899 0.00245215
v -0.00728667 -0.00493600 0.00198035
v 0.00464999 -0.00000000 0.00293000
v 0.00415000 -0.00000000 0.00279604
v 0.00378397 -0.00000000 0.00243001
v 0.00378397 -0.01300000 0.00243001
v 0.00464999 -0.01300000 0.00293000
v 0.00618580 -0.01300000 0.00293000
v 0.00665718 -0.01300000 0.00259666
v -0.00733832 -0.00808317 0.00196482
v -0.00728667 -0.00806400 0.00198035
v -0.00679261 -0.00000000 0.00233997
v 0.02062362 -0.00800000 0.00283776
v -0.00665719 -0.00000000 0.00259666
v -0.00665719 -0.01300000 0.00259666
v -0.00848761 -0.00595298 0.00246940
v -0.00847388 -0.00589109 0.00244848
v 0.00415000 -0.01300000 0.00279604
v -0.00415001 -0.01300000 0.00279604
v -0.00851640 -0.00654280 0.00252964
v -0.01350001 -0.00650000 0.00377999
v -0.01350001 -0.00793506 0.00349455
v 0.00618580 -0.00000000 0.00293000
v 0.00655159 -0.00000000 0.00277089
v 0.00655159 -0.01300000 0.00277089
v 0.00638523 -0.01300000 0.00288849
v -0.00655157 -0.00000000 0.00277089
v -0.00638524 -0.00000000 0.00288849
v -0.00618577 -0.00000000 0.00293000
v -0.00655157 -0.01300000 0.00277089
v -0.00618577 -0.01300000 0.00293000
v 0.00857529 -0.00000000 0.00315095
v -0.01449999 -0.00506494 0.00349455
v -0.01449999 -0.00793506 0.00349455
v 0.00638523 -0.00000000 0.00288849
v -0.00638524 -0.01300000 0.00288849
v -0.00850183 -0.00000000 0.00336210
v -0.00850183 -0.01300000 0.00336210
v -0.00834725 -0.01300000 0.00693546
v -0.00857529 -0.01300000 0.00737907
v 0.00834727 -0.00000000 0.00359453
v 0.00834727 -0.01300000 0.00359453
v -0.00819004 -0.00000000 0.00373737
v -0.00819004 -0.01300000 0.00373737
v -0.01449999 -0.00650000 0.00377999
v 0.00857529 -0.00000000 0.00737907
v 0.00793335 -0.00000000 0.00387280
v 0.00793335 -0.00000000 0.00665720
v 0.00834727 -0.00000000 0.00693546
v 0.00857529 -0.01300000 0.00737907
v 0.00834727 -0.01300000 0.00693546
v 0.00793335 -0.01300000 0.00665720
v 0.00793335 -0.01300000 0.00387280
v 0.00215274 -0.00000000 0.00693546
v 0.00256666 -0.00000000 0.00665720
v 0.00190001 -0.00000000 0.00368000
v 0.00290000 -0.00000000 0.00467999
v 0.00240001 -0.00000000 0.00381397
v 0.00290000 -0.00000000 0.00618578
v -0.00189999 -0.00000000 0.00368000
v -0.00189999 -0.01300000 0.00368000
v 0.00190001 -0.01300000 0.00368000
v 0.00240001 -0.01300000 0.00381397
v 0.00276604 -0.01300000 0.00418000
v 0.00256666 -0.01300000 0.00665720
v 0.00290000 -0.01300000 0.00467999
v -0.00240001 -0.00000000 0.00381397
v -0.00240001 -0.01300000 0.00381397
v -0.00276602 -0.01300000 0.00418000
v 0.00215274 -0.01300000 0.00693546
v -0.00793332 -0.00000000 0.00665720
v -0.00793332 -0.00000000 0.00387280
v -0.00793332 -0.01300000 0.00387280
v -0.00793332 -0.01300000 0.00665720
v 0.00276604 -0.00000000 0.00418000
v -0.00276602 -0.00000000 0.00418000
v -0.00290001 -0.00000000 0.00467999
v 0.00760001 -0.00000000 0.00434421
v 0.00764149 -0.00000000 0.00414477
v 0.00775912 -0.00000000 0.00397842
v 0.00775912 -0.01300000 0.00397842
v 0.00760001 -0.01300000 0.00434421
v 0.00760001 -0.01300000 0.00618578
v -0.00760001 -0.00000000 0.00434421
v -0.00775913 -0.00000000 0.00397842
v -0.00760001 -0.00000000 0.00618578
v -0.00760001 -0.01300000 0.00434421
v -0.00764150 -0.01300000 0.00414477
v -0.00775913 -0.01300000 0.00397842
v 0.00764149 -0.01300000 0.00414477
v -0.00764150 -0.00000000 0.00414477
v -0.00290001 -0.01300000 0.00467999
v 0.00760001 -0.00000000 0.00618578
v -0.00760001 -0.01300000 0.00618578
v 0.00290000 -0.01300000 0.00618578
v -0.00290001 -0.00000000 0.00618578
v -0.00290001 -0.01300000 0.00618578
v 0.00764149 -0.00000000 0.00638525
v 0.00775912 -0.00000000 0.00655158
v 0.00764149 -0.01300000 0.00638525
v 0.00285849 -0.00000000 0.00638525
v 0.00285849 -0.01300000 0.00638525
v 0.00274089 -0.01300000 0.00655158
v 0.00192472 -0.00000000 0.00737907
v -0.00285849 -0.00000000 0.00638525
v -0.00285849 -0.01300000 0.00638525
v -0.00764150 -0.00000000 0.00638525
v -0.00764150 -0.01300000 0.00638525
v -0.00775913 -0.01300000 0.00655158
v 0.00775912 -0.01300000 0.00655158
v 0.00274089 -0.00000000 0.00655158
v -0.00274086 -0.00000000 0.00655158
v -0.00274086 -0.01300000 0.00655158
v -0.00256667 -0.01300000 0.00665720
v 0.00192472 -0.01300000 0.00737907
v -0.00775913 -0.00000000 0.00655158
v -0.00256667 -0.00000000 0.00665720
v -0.00215274 -0.00000000 0.00693546
v -0.00215274 -0.01300000 0.00693546
v -0.00192473 -0.00000000 0.00737907
v -0.00192473 -0.01300000 0.00737907
v 0.00856068 -0.00000000 0.00787760
v 0.00856068 -0.01300000 0.00787760
v 0.00193929 -0.00000000 0.00787760
v 0.00193929 -0.01300000 0.00787760
v -0.00193930 -0.01300000 0.00787760
v -0.00193930 -0.00000000 0.00787760
v -0.00856069 -0.00000000 0.00787760
v -0.00856069 -0.01300000 0.00787760
v 0.00431421 -0.00000000 0.00759999
v 0.00384280 -0.00000000 0.00793333
v 0.00618580 -0.00000000 0.00759999
v 0.00665718 -0.00000000 0.00793333
v 0.00638523 -0.00000000 0.00764151
v 0.00431421 -0.01300000 0.00759999
v 0.00618580 -0.01300000 0.00759999
v 0.00638523 -0.01300000 0.00764151
v 0.00655159 -0.01300000 0.00775911
v 0.00665718 -0.01300000 0.00793333
v 0.00411477 -0.00000000 0.00764151
v 0.00394842 -0.00000000 0.00775911
v 0.00411477 -0.01300000 0.00764151
v 0.00384280 -0.01300000 0.00793333
v -0.00618577 -0.00000000 0.00759999
v -0.00665719 -0.00000000 0.00793333
v -0.00431422 -0.00000000 0.00759999
v -0.00384280 -0.00000000 0.00793333
v -0.00411475 -0.00000000 0.00764151
v -0.00618577 -0.01300000 0.00759999
v -0.00431422 -0.01300000 0.00759999
v -0.00411475 -0.01300000 0.00764151
v -0.00394842 -0.01300000 0.00775911
v -0.00384280 -0.01300000 0.00793333
v -0.00638524 -0.00000000 0.00764151
v -0.00655157 -0.00000000 0.00775911
v -0.00638524 -0.01300000 0.00764151
v -0.00665719 -0.01300000 0.00793333
v 0.00655159 -0.00000000 0.00775911
v 0.00394842 -0.01300000 0.00775911
v -0.00394842 -0.00000000 0.00775911
v -0.00655157 -0.01300000 0.00775911
v 0.00830710 -0.00000000 0.00830711
v 0.00830710 -0.01300000 0.00830711
v 0.00219288 -0.00000000 0.00830711
v -0.00219289 -0.00000000 0.00830711
v -0.00262240 -0.00000000 0.00856070
v 0.00219288 -0.01300000 0.00830711
v -0.00262240 -0.01300000 0.00856070
v -0.00219289 -0.01300000 0.00830711
v -0.00830710 -0.00000000 0.00830711
v -0.00830710 -0.01300000 0.00830711
v 0.00693547 -0.00000000 0.00834726
v 0.00693547 -0.01300000 0.00834726
v 0.00356453 -0.01300000 0.00834726
v 0.00356453 -0.00000000 0.00834726
v -0.00356454 -0.00000000 0.00834726
v -0.00356454 -0.01300000 0.00834726
v -0.00693548 -0.01300000 0.00834726
v -0.00693548 -0.00000000 0.00834726
v 0.00787762 -0.00000000 0.00856070
v 0.00787762 -0.01300000 0.00856070
v 0.00262239 -0.00000000 0.00856070
v 0.00262239 -0.01300000 0.00856070
v -0.00290001 -0.01300000 0.00860001
v -0.00787762 -0.00000000 0.00856070
v -0.00787762 -0.01300000 0.00856070
v 0.00737905 -0.00000000 0.00857527
v 0.00737905 -0.01300000 0.00857527
v 0.00312096 -0.00000000 0.00857527
v 0.00312096 -0.01300000 0.00857527
v -0.00312093 -0.00000000 0.00857527
v -0.00312093 -0.01300000 0.00857527
v -0.00290001 -0.00000000 0.00860001
v -0.00737906 -0.00000000 0.00857527
v -0.00737906 -0.01300000 0.00857527
v 0.00760001 -0.00000000 0.00860001
v 0.00760001 -0.01300000 0.00860001
v 0.00290000 -0.00000000 0.00860001
v 0.00290000 -0.01300000 0.00860001
v -0.00760001 -0.00000000 0.00860001
v -0.00760001 -0.01300000 0.00860001
v 0.02057701 -0.01282201 0.01008047
v 0.02062362 -0.00800000 0.01022224
v 0.02180776 -0.00800000 0.01140638
v 0.02063736 -0.01281676 0.01021613
v 0.02080401 -0.01280228 0.01059072
v 0.02108580 -0.00800000 0.01094420
v 0.02109485 -0.01277528 0.01093657
v 0.02116269 -0.01276899 0.01101725
v 0.02162405 -0.01272232 0.01132809
v 0.02181270 -0.01270143 0.01139177
v 0.02210909 -0.01266860 0.01149182
v 0.02212432 -0.01266024 0.01387335
v 0.02250000 -0.01262181 0.01153000
v 0.02251982 -0.01261935 0.01382147
v 0.05041581 -0.00076576 0.01205070
v 0.05045327 -0.00095711 0.01205738
v 0.05042833 -0.00716073 0.01215209
v 0.05042505 -0.00730707 0.01214556
v 0.05030912 -0.00060355 0.01203166
v 0.05033394 -0.00760838 0.01211558
v 0.05039501 -0.00759796 0.01153000
v 0.05037900 -0.00762967 0.01153000
v 0.05024218 -0.00782305 0.01153000
v 0.05020880 -0.00785229 0.01153000
v 0.05015507 -0.00786488 0.01206855
v 0.05006635 -0.00797704 0.01153000
v 0.04994928 -0.00802429 0.01153000
v 0.04990637 -0.00805090 0.01200919
v 0.04966440 -0.00813927 0.01153000
v 0.04964360 -0.00814274 0.01181777
v 0.04985040 -0.00014645 0.01199753
v 0.04969132 -0.00003806 0.01196588
v 0.04950365 -0.00000000 0.01192854
v 0.02458182 -0.01231970 0.01153000
v 0.04766440 -0.00847260 0.01353000
v 0.04836174 -0.00835638 0.01335768
v 0.02458182 -0.01231970 0.01353000
v 0.04959735 -0.00815044 0.01193575
v 0.04938739 -0.00000000 0.01231177
v 0.04895162 -0.00825806 0.01298384
v 0.04933601 -0.00819400 0.01260243
v 0.04959312 -0.00810311 0.01277326
v 0.04956415 -0.00003806 0.01238499
v 0.05017718 -0.00060355 0.01251767
v 0.04971403 -0.00014645 0.01244707
v 0.05027887 -0.00076576 0.01255517
v 0.05031457 -0.00095711 0.01256834
v 0.05042141 -0.00716149 0.01221208
v 0.05001768 -0.00788778 0.01251410
v 0.05018454 -0.00763328 0.01259996
v 0.05026805 -0.00733324 0.01265471
v 0.05029517 -0.00717549 0.01256137
v 0.04863497 -0.00000000 0.01322861
v 0.04919859 -0.00000000 0.01266496
v 0.04935771 -0.00003806 0.01277126
v 0.04949256 -0.00014645 0.01286139
v 0.04990330 -0.00060355 0.01306845
v 0.05012747 -0.00060355 0.01261760
v 0.04980325 -0.00792352 0.01292683
v 0.04999458 -0.00076576 0.01312689
v 0.05025869 -0.00717954 0.01266228
v 0.05002665 -0.00095711 0.01314743
v 0.04828179 -0.00000000 0.01341738
v 0.04743301 -0.00000000 0.01282288
v 0.04743301 0.00021651 0.01269789
v 0.04743301 0.00012500 0.01278941
v 0.04725000 0.00037500 0.01278941
v 0.04699999 0.00043301 0.01282288
v 0.04680001 0.00043301 0.01282288
v 0.04658350 0.00043301 0.01269789
v 0.04667499 0.00043301 0.01278941
v 0.04642501 0.00025000 0.01278941
v 0.04636699 -0.00000000 0.01282288
v 0.04523301 -0.00000000 0.01282288
v 0.04523301 0.00021651 0.01269789
v 0.04523301 0.00012500 0.01278941
v 0.04504999 0.00037500 0.01278941
v 0.04480001 0.00043301 0.01282288
v 0.04460001 0.00043301 0.01282288
v 0.04438349 0.00043301 0.01269789
v 0.04447499 0.00043301 0.01278941
v 0.04422500 0.00025000 0.01278941
v 0.04416698 -0.00000000 0.01282288
v 0.04303300 -0.00000000 0.01282288
v 0.04303300 0.00021651 0.01269789
v 0.04303300 0.00012500 0.01278941
v 0.04285001 0.00037500 0.01278941
v 0.04260000 0.00043301 0.01282288
v 0.04240000 0.00043301 0.01282288
v 0.04218348 0.00043301 0.01269789
v 0.04227501 0.00043301 0.01278941
v 0.04202500 0.00025000 0.01278941
v 0.04196700 -0.00000000 0.01282288
v 0.04086193 -0.00000000 0.01276423
v 0.04080006 0.00025000 0.01273860
v 0.04063096 0.00043301 0.01266856
v 0.04019999 0.00043301 0.01282288
v 0.04039999 0.00043301 0.01282288
v 0.04049566 0.00043301 0.01280387
v 0.04057678 0.00043301 0.01274966
v 0.03998351 0.00043301 0.01269789
v 0.04007500 0.00043301 0.01278941
v 0.03982499 0.00025000 0.01278941
v 0.03976699 -0.00000000 0.01282288
v 0.03863302 -0.00000000 0.01282288
v 0.03863302 0.00021651 0.01269789
v 0.03863302 0.00012500 0.01278941
v 0.03845000 0.00037500 0.01278941
v 0.03819999 0.00043301 0.01282288
v 0.03800001 0.00043301 0.01282288
v 0.03778350 0.00043301 0.01269789
v 0.03787499 0.00043301 0.01278941
v 0.03762501 0.00025000 0.01278941
v 0.03756699 -0.00000000 0.01282288
v 0.03646195 -0.00000000 0.01276423
v 0.03640005 0.00025000 0.01273860
v 0.03623098 0.00043301 0.01266856
v 0.03580001 0.00043301 0.01282288
v 0.03600001 0.00043301 0.01282288
v 0.03609568 0.00043301 0.01280387
v 0.03617677 0.00043301 0.01274966
v 0.03558349 0.00043301 0.01269789
v 0.03567499 0.00043301 0.01278941
v 0.03542500 0.00025000 0.01278941
v 0.03536698 -0.00000000 0.01282288
v 0.03426194 -0.00000000 0.01276423
v 0.03420004 0.00025000 0.01273860
v 0.03403097 0.00043301 0.01266856
v 0.03389567 0.00043301 0.01280387
v 0.03397679 0.00043301 0.01274966
v 0.03380000 0.00043301 0.01282288
v 0.03360000 0.00043301 0.01282288
v 0.03338348 0.00043301 0.01269789
v 0.03347501 0.00043301 0.01278941
v 0.03322500 0.00025000 0.01278941
v 0.03316700 -0.00000000 0.01282288
v 0.03206193 -0.00000000 0.01276423
v 0.03200006 0.00025000 0.01273860
v 0.03183096 0.00043301 0.01266856
v 0.03139999 0.00043301 0.01282288
v 0.03159999 0.00043301 0.01282288
v 0.03169566 0.00043301 0.01280387
v 0.03177678 0.00043301 0.01274966
v 0.03118351 0.00043301 0.01269789
v 0.03127500 0.00043301 0.01278941
v 0.03102499 0.00025000 0.01278941
v 0.03096699 -0.00000000 0.01282288
v 0.02983302 -0.00000000 0.01282288
v 0.02983302 0.00021651 0.01269789
v 0.02983302 0.00012500 0.01278941
v 0.02965000 0.00037500 0.01278941
v 0.02939999 0.00043301 0.01282288
v 0.02920001 0.00043301 0.01282288
v 0.02898350 0.00043301 0.01269789
v 0.02907499 0.00043301 0.01278941
v 0.02882501 0.00025000 0.01278941
v 0.02876699 -0.00000000 0.01282288
v 0.02766195 -0.00000000 0.01276423
v 0.02760005 0.00025000 0.01273860
v 0.02743098 0.00043301 0.01266856
v 0.02700001 0.00043301 0.01282288
v 0.02720001 0.00043301 0.01282288
v 0.02729568 0.00043301 0.01280387
v 0.02737677 0.00043301 0.01274966
v 0.02678349 0.00043301 0.01269789
v 0.02687499 0.00043301 0.01278941
v 0.02662500 0.00025000 0.01278941
v 0.02656698 -0.00000000 0.01282288
v 0.02546194 -0.00000000 0.01276423
v 0.02540004 0.00025000 0.01273860
v 0.02523097 0.00043301 0.01266856
v 0.02480000 0.00043301 0.01282288
v 0.02500000 0.00043301 0.01282288
v 0.02509567 0.00043301 0.01280387
v 0.02517679 0.00043301 0.01274966
v 0.02458348 0.00043301 0.01269789
v 0.02467501 0.00043301 0.01278941
v 0.02442500 0.00025000 0.01278941
v 0.02436700 -0.00000000 0.01282288
v 0.02323302 -0.00000000 0.01282288
v 0.02323302 0.00021651 0.01269789
v 0.02323302 0.00012500 0.01278941
v 0.02305001 0.00037500 0.01278941
v 0.02279999 0.00043301 0.01282288
v 0.02259999 0.00043301 0.01282288
v 0.02238351 0.00043301 0.01269789
v 0.02247500 0.00043301 0.01278941
v 0.02222499 0.00025000 0.01278941
v 0.02216699 -0.00000000 0.01282288
v 0.02103302 -0.00000000 0.01282288
v 0.02103302 0.00021651 0.01269789
v 0.02103302 0.00012500 0.01278941
v 0.02085000 0.00037500 0.01278941
v 0.02059999 0.00043301 0.01282288
v 0.02040001 0.00043301 0.01282288
v 0.02018350 0.00043301 0.01269789
v 0.02027499 0.00043301 0.01278941
v 0.02002501 0.00025000 0.01278941
v 0.01996699 -0.00000000 0.01282288
v 0.04995155 -0.00767212 0.01304848
v 0.04931193 -0.00819801 0.01266383
v 0.05018228 -0.00718802 0.01287363
v 0.05002316 -0.00737406 0.01312609
v 0.04894453 -0.00000000 0.01297454
v 0.04725000 0.00021651 0.01294790
v 0.04658350 0.00025000 0.01294790
v 0.04504999 0.00021651 0.01294790
v 0.04438349 0.00025000 0.01294790
v 0.04285001 0.00021651 0.01294790
v 0.04218348 0.00025000 0.01294790
v 0.03998351 0.00025000 0.01294790
v 0.03845000 0.00021651 0.01294790
v 0.03778350 0.00025000 0.01294790
v 0.03558349 0.00025000 0.01294790
v 0.03338348 0.00025000 0.01294790
v 0.03118351 0.00025000 0.01294790
v 0.02965000 0.00021651 0.01294790
v 0.02898350 0.00025000 0.01294790
v 0.02678349 0.00025000 0.01294790
v 0.02458348 0.00025000 0.01294790
v 0.02305001 0.00021651 0.01294790
v 0.02238351 0.00025000 0.01294790
v 0.02085000 0.00021651 0.01294790
v 0.02018350 0.00025000 0.01294790
v 0.04070618 0.00025000 0.01287909
v 0.03630620 0.00025000 0.01287909
v 0.03410619 0.00025000 0.01287909
v 0.03190618 0.00025000 0.01287909
v 0.02750620 0.00025000 0.01287909
v 0.02530619 0.00025000 0.01287909
v 0.04075354 -0.00000000 0.01292644
v 0.03635355 -0.00000000 0.01292644
v 0.03415355 -0.00000000 0.01292644
v 0.03195354 -0.00000000 0.01292644
v 0.02755355 -0.00000000 0.01292644
v 0.02535355 -0.00000000 0.01292644
v 0.04907983 -0.00003806 0.01310985
v 0.04917916 -0.00817210 0.01325704
v 0.04725000 -0.00000000 0.01300590
v 0.04699999 0.00025000 0.01300590
v 0.04680001 0.00025000 0.01300590
v 0.04655000 -0.00000000 0.01300590
v 0.04504999 -0.00000000 0.01300590
v 0.04480001 0.00025000 0.01300590
v 0.04460001 0.00025000 0.01300590
v 0.04434999 -0.00000000 0.01300590
v 0.04285001 -0.00000000 0.01300590
v 0.04260000 0.00025000 0.01300590
v 0.04240000 0.00025000 0.01300590
v 0.04214999 -0.00000000 0.01300590
v 0.04019999 0.00025000 0.01300590
v 0.03995001 -0.00000000 0.01300590
v 0.03845000 -0.00000000 0.01300590
v 0.03819999 0.00025000 0.01300590
v 0.03800001 0.00025000 0.01300590
v 0.03775000 -0.00000000 0.01300590
v 0.03580001 0.00025000 0.01300590
v 0.03554999 -0.00000000 0.01300590
v 0.03360000 0.00025000 0.01300590
v 0.03334999 -0.00000000 0.01300590
v 0.03139999 0.00025000 0.01300590
v 0.03115001 -0.00000000 0.01300590
v 0.02965000 -0.00000000 0.01300590
v 0.02939999 0.00025000 0.01300590
v 0.02920001 0.00025000 0.01300590
v 0.02895000 -0.00000000 0.01300590
v 0.02700001 0.00025000 0.01300590
v 0.02674999 -0.00000000 0.01300590
v 0.02480000 0.00025000 0.01300590
v 0.02454999 -0.00000000 0.01300590
v 0.02305001 -0.00000000 0.01300590
v 0.02279999 0.00025000 0.01300590
v 0.02259999 0.00025000 0.01300590
v 0.02235001 -0.00000000 0.01300590
v 0.02085000 -0.00000000 0.01300590
v 0.02059999 0.00025000 0.01300590
v 0.02040001 0.00025000 0.01300590
v 0.02015000 -0.00000000 0.01300590
v 0.04056570 0.00025000 0.01297294
v 0.03616571 0.00025000 0.01297294
v 0.03396570 0.00025000 0.01297294
v 0.03176570 0.00025000 0.01297294
v 0.02736571 0.00025000 0.01297294
v 0.02516570 0.00025000 0.01297294
v 0.04789856 -0.00000000 0.01353364
v 0.04039999 0.00025000 0.01300590
v 0.03600001 0.00025000 0.01300590
v 0.03399133 -0.00000000 0.01303483
v 0.03380000 0.00025000 0.01300590
v 0.03159999 0.00025000 0.01300590
v 0.02720001 0.00025000 0.01300590
v 0.02500000 0.00025000 0.01300590
v 0.04919454 -0.00014645 0.01322456
v 0.04951778 -0.00060355 0.01354776
v 0.05001086 -0.00720713 0.01313589
v 0.04059136 -0.00000000 0.01303483
v 0.03619134 -0.00000000 0.01303483
v 0.03179136 -0.00000000 0.01303483
v 0.02739134 -0.00000000 0.01303483
v 0.02519133 -0.00000000 0.01303483
v 0.04933878 -0.00800093 0.01346968
v 0.04699999 -0.00000000 0.01307289
v 0.04680001 -0.00000000 0.01307289
v 0.04480001 -0.00000000 0.01307289
v 0.04460001 -0.00000000 0.01307289
v 0.04260000 -0.00000000 0.01307289
v 0.04240000 -0.00000000 0.01307289
v 0.04019999 -0.00000000 0.01307289
v 0.03819999 -0.00000000 0.01307289
v 0.03800001 -0.00000000 0.01307289
v 0.03580001 -0.00000000 0.01307289
v 0.03360000 -0.00000000 0.01307289
v 0.03139999 -0.00000000 0.01307289
v 0.02939999 -0.00000000 0.01307289
v 0.02920001 -0.00000000 0.01307289
v 0.02700001 -0.00000000 0.01307289
v 0.02480000 -0.00000000 0.01307289
v 0.02279999 -0.00000000 0.01307289
v 0.02259999 -0.00000000 0.01307289
v 0.02059999 -0.00000000 0.01307289
v 0.02040001 -0.00000000 0.01307289
v 0.04859590 -0.00831735 0.01329981
v 0.04750001 -0.00000000 0.01357289
v 0.04039999 -0.00000000 0.01307289
v 0.03600001 -0.00000000 0.01307289
v 0.03380000 -0.00000000 0.01307289
v 0.03159999 -0.00000000 0.01307289
v 0.02720001 -0.00000000 0.01307289
v 0.02500000 -0.00000000 0.01307289
v 0.04944703 -0.00775620 0.01363815
v 0.04874128 -0.00003806 0.01338769
v 0.04980725 -0.00722982 0.01344742
v 0.04949313 -0.00746239 0.01374559
v 0.04959440 -0.00076576 0.01362441
v 0.04962131 -0.00095711 0.01365133
v 0.04883140 -0.00014645 0.01352258
v 0.04903847 -0.00060355 0.01393331
v 0.04846915 -0.00829043 0.01368560
v 0.04835501 -0.00003806 0.01359416
v 0.04765549 -0.00841923 0.01383297
v 0.04961106 -0.00725156 0.01364095
v 0.04896214 -0.00806370 0.01374639
v 0.04841709 -0.00014645 0.01374404
v 0.04858762 -0.00060355 0.01415749
v -0.01350001 -0.01290933 0.01386838
v -0.01393301 -0.01275000 0.01402999
v -0.01425001 -0.01243301 0.01402999
v -0.01440934 -0.01200000 0.01386838
v 0.04793587 -0.00003806 0.01372130
v 0.04750001 -0.00003783 0.01376311
v -0.01350001 -0.00000487 0.01359750
v -0.01350001 -0.00003761 0.01376314
v -0.01373789 -0.00003041 0.01362811
v -0.01395297 -0.00011596 0.01371364
v 0.04909691 -0.00076576 0.01402460
v -0.01385570 -0.00013483 0.01386820
v -0.01368463 -0.00006664 0.01380001
v 0.04903817 -0.00782435 0.01393853
v 0.04948073 -0.00726601 0.01376949
v -0.01416296 -0.00028565 0.01388334
v 0.04911741 -0.00095711 0.01405664
v 0.04765424 -0.00841163 0.01387612
v 0.04854306 -0.00813355 0.01395003
v -0.01402960 -0.00027575 0.01400910
v 0.04750001 -0.00014645 0.01392646
v 0.04796752 -0.00014645 0.01388039
v 0.04848766 -0.00060355 0.01420717
v 0.04938560 -0.00727655 0.01386334
v 0.04906371 -0.00753396 0.01406108
v -0.01438630 -0.00057070 0.01395939
v -0.01435617 -0.00052645 0.01400368
v -0.01426742 -0.00047354 0.01405655
v -0.01350001 -0.00004575 0.01377536
v -0.01357505 -0.00015215 0.01393215
v -0.01350001 -0.00014645 0.01392646
v -0.01361990 -0.00016778 0.01394777
v 0.04903930 -0.00731483 0.01408212
v -0.01374847 -0.00021257 0.01399256
v -0.01350001 -0.01286602 0.01402999
v -0.01436603 -0.01200000 0.01402999
v -0.01441309 -0.00066100 0.01393776
v -0.01425019 -0.00077513 0.01416667
v 0.04763019 -0.00826725 0.01410477
v 0.04809537 -0.00820816 0.01407452
v 0.04750001 -0.00060355 0.01438354
v 0.04800164 -0.00060355 0.01433910
v -0.01350001 -0.00060355 0.01438354
v -0.01356921 -0.00059146 0.01437147
v 0.04852518 -0.00076576 0.01430885
v 0.04858338 -0.00790014 0.01415951
v -0.01386643 -0.00032434 0.01410435
v -0.01410857 -0.00040574 0.01412429
v -0.01417071 -0.00041586 0.01411416
v -0.01350001 -0.01268301 0.01421301
v -0.01374999 -0.01243301 0.01439603
v -0.01393301 -0.01225000 0.01439603
v -0.01418302 -0.01200000 0.01421301
v -0.01420245 -0.00080858 0.01423372
v -0.01419008 -0.00081724 0.01425110
v -0.01411560 -0.00069635 0.01429407
v 0.04853835 -0.00095711 0.01434459
v 0.04858619 -0.00761355 0.01429312
v 0.04761624 -0.00818369 0.01423712
v 0.04809776 -0.00798108 0.01429455
v 0.04879728 -0.00734157 0.01423500
v 0.02047518 -0.01269981 0.01423044
v -0.01391989 -0.00037500 0.01415501
v -0.01384539 -0.00046408 0.01424409
v -0.01384834 -0.00046225 0.01424225
v -0.01398966 -0.00056281 0.01429619
v -0.01350001 -0.01250000 0.01439603
v -0.01400000 -0.01200000 0.01439603
v -0.01418439 -0.00082124 0.01425911
v -0.01386920 -0.00092141 0.01445936
v 0.02046948 -0.01263101 0.01430578
v 0.04855573 -0.00736849 0.01431955
v 0.04759448 -0.00805315 0.01432182
v -0.01366946 -0.00057396 0.01435394
v -0.01379407 -0.00069245 0.01442583
v -0.01387635 -0.00085442 0.01445214
v 0.04853239 -0.00737109 0.01432772
v 0.04817289 -0.00741116 0.01445357
v 0.04807630 -0.00769853 0.01443489
v 0.04755690 -0.00782761 0.01446818
v 0.02044588 -0.01234534 0.01446684
v -0.01350001 -0.01233838 0.01443933
v 0.04802069 -0.00076576 0.01444583
v 0.04802739 -0.00095711 0.01448329
v -0.01360745 -0.00074538 0.01447876
v -0.01350001 -0.00075452 0.01448442
v 0.04750001 -0.00076576 0.01449193
v -0.01350001 -0.01200000 0.01452999
v -0.01383838 -0.01200000 0.01443933
v -0.01384530 -0.00092372 0.01446392
v 0.04750001 -0.00748621 0.01452999
v 0.04754981 -0.00778506 0.01447590
v 0.04803797 -0.00742621 0.01446889
v 0.02044519 -0.01233712 0.01447146
v -0.01363969 -0.00094360 0.01450325
v -0.01363883 -0.00092161 0.01451932
v 0.04750001 -0.00095711 0.01452999
v 0.02041724 -0.01200000 0.01452999
v -0.01350001 -0.00076576 0.01449193
v -0.01350001 -0.00093248 0.01452510
v -0.01350001 -0.00095711 0.01452999
v 0.00036859 0.01000000 -0.00199543
v 0.00007412 -0.00000000 -0.00202786
v 0.00007412 0.01000000 -0.00202786
v -0.00022194 -0.00000000 -0.00201704
v -0.00022194 0.01000000 -0.00201704
v 0.00036859 -0.00000000 -0.00199543
v -0.00051326 -0.00000000 -0.00196321
v -0.00051326 0.01000000 -0.00196321
v 0.00065520 0.01000000 -0.00192051
v 0.00065520 -0.00000000 -0.00192051
v -0.00079364 -0.00000000 -0.00186758
v -0.00079364 0.01000000 -0.00186758
v 0.00092783 0.01000000 -0.00180467
v 0.00092783 -0.00000000 -0.00180467
v -0.00105709 -0.00000000 -0.00173210
v -0.00105709 0.01000000 -0.00173210
v 0.00118071 0.01000000 -0.00165032
v 0.00118071 -0.00000000 -0.00165032
v -0.00129801 -0.00000000 -0.00155975
v -0.00129801 0.01000000 -0.00155975
v 0.00140842 0.01000000 -0.00146084
v 0.00140842 -0.00000000 -0.00146084
v -0.00151128 -0.00000000 -0.00135411
v -0.00151128 0.01000000 -0.00135411
v 0.00160610 0.01000000 -0.00124018
v 0.00160610 -0.00000000 -0.00124018
v -0.00169236 -0.00000000 -0.00111966
v -0.00169236 0.01000000 -0.00111966
v 0.00176957 0.01000000 -0.00099312
v 0.00176957 -0.00000000 -0.00099312
v -0.00183735 -0.00000000 -0.00086130
v -0.00183735 0.01000000 -0.00086130
v 0.00189531 0.01000000 -0.00072490
v 0.00189531 -0.00000000 -0.00072490
v -0.00194317 -0.00000000 -0.00058462
v -0.00194317 0.01000000 -0.00058462
v 0.00198066 0.01000000 -0.00044121
v 0.00198066 -0.00000000 -0.00044121
v -0.00200758 -0.00000000 -0.00029545
v -0.00200758 0.01000000 -0.00029545
v 0.00202378 0.01000000 -0.00014813
v 0.00202378 -0.00000000 -0.00014813
v -0.00202921 -0.00000000 0.00000001
v -0.00202921 0.01000000 0.00000001
v 0.00202378 0.01000000 0.00014813
v 0.00202378 -0.00000000 0.00014813
v -0.00200758 -0.00000000 0.00029544
v -0.00200758 0.01000000 0.00029544
v 0.00198066 0.01000000 0.00044121
v 0.00198066 -0.00000000 0.00044121
v -0.00194317 -0.00000000 0.00058462
v -0.00194317 0.01000000 0.00058462
v 0.00189531 0.01000000 0.00072490
v 0.00189531 -0.00000000 0.00072490
v -0.00183735 -0.00000000 0.00086130
v -0.00183735 0.01000000 0.00086130
v 0.00176957 0.01000000 0.00099312
v 0.00176957 -0.00000000 0.00099312
v -0.00169236 -0.00000000 0.00111966
v -0.00169236 0.01000000 0.00111966
v 0.00160610 0.01000000 0.00124018
v 0.00160610 -0.00000000 0.00124018
v -0.00151128 -0.00000000 0.00135411
v -0.00151128 0.01000000 0.00135411
v 0.00140842 0.01000000 0.00146083
v 0.00140842 -0.00000000 0.00146083
v -0.00129801 -0.00000000 0.00155975
v -0.00129801 0.01000000 0.00155975
v 0.00118071 0.01000000 0.00165032
v 0.00118071 -0.00000000 0.00165032
v -0.00105709 -0.00000000 0.00173210
v -0.00105709 0.01000000 0.00173210
v 0.00092783 0.01000000 0.00180466
v 0.00092783 -0.00000000 0.00180466
v -0.00079364 -0.00000000 0.00186758
v -0.00079364 0.01000000 0.00186758
v 0.00065520 0.01000000 0.00192051
v 0.00065520 -0.00000000 0.00192051
v -0.00051326 -0.00000000 0.00196321
v -0.00051326 0.01000000 0.00196321
v 0.00036859 0.01000000 0.00199546
v 0.00036859 -0.00000000 0.00199546
v -0.00022194 -0.00000000 0.00201704
v -0.00022194 0.01000000 0.00201704
v 0.00007412 0.01000000 0.00202785
v 0.00007412 -0.00000000 0.00202785
f 1 2 3
f 4 1 3
f 5 4 3
f 6 5 3
f 7 6 3
f 2 7 3
f 8 5 6
f 9 8 6
f 10 9 6
f 7 10 6
f 11 5 8
f 9 11 8
f 12 13 5
f 11 12 5
f 13 4 5
f 14 12 11
f 15 16 11
f 16 17 11
f 17 14 11
f 9 15 11
f 18 19 12
f 19 13 12
f 14 18 12
f 19 20 13
f 20 4 13
f 18 21 19
f 21 22 19
f 22 23 19
f 23 20 19
f 23 24 20
f 24 4 20
f 25 1 4
f 26 25 4
f 24 26 4
f 27 28 24
f 23 27 24
f 28 26 24
f 29 30 2
f 1 29 2
f 31 7 2
f 30 31 2
f 32 21 18
f 14 32 18
f 10 33 9
f 33 15 9
f 34 33 10
f 35 34 10
f 36 35 10
f 7 36 10
f 34 37 33
f 37 15 33
f 38 27 23
f 22 38 23
f 39 34 35
f 40 39 35
f 41 40 35
f 36 41 35
f 42 21 32
f 43 42 32
f 14 43 32
f 31 36 7
f 44 29 1
f 25 44 1
f 17 43 14
f 45 21 42
f 43 46 42
f 46 45 42
f 37 16 15
f 47 48 31
f 48 36 31
f 30 47 31
f 45 49 21
f 49 50 21
f 50 22 21
f 51 16 37
f 34 51 37
f 52 17 16
f 53 52 16
f 51 53 16
f 46 43 17
f 52 46 17
f 54 38 22
f 50 54 22
f 55 49 45
f 46 55 45
f 56 57 26
f 28 56 26
f 57 25 26
f 27 38 28
f 38 56 28
f 58 41 36
f 48 58 36
f 54 59 38
f 59 56 38
f 60 61 30
f 29 60 30
f 61 62 30
f 62 63 30
f 63 64 30
f 64 65 30
f 65 47 30
f 57 66 25
f 66 44 25
f 65 48 47
f 50 59 54
f 67 60 29
f 44 67 29
f 39 51 34
f 68 39 40
f 41 68 40
f 64 48 65
f 69 59 50
f 70 71 50
f 71 69 50
f 49 70 50
f 72 73 49
f 73 74 49
f 74 75 49
f 75 76 49
f 55 72 49
f 76 70 49
f 77 48 64
f 63 77 64
f 78 39 68
f 79 78 68
f 80 79 68
f 41 80 68
f 81 72 55
f 46 81 55
f 78 82 39
f 82 51 39
f 52 81 46
f 82 53 51
f 83 73 72
f 81 83 72
f 66 84 44
f 84 67 44
f 85 86 59
f 86 87 59
f 88 56 59
f 87 88 59
f 69 85 59
f 89 58 48
f 77 89 48
f 90 80 41
f 58 90 41
f 83 74 73
f 91 75 74
f 83 91 74
f 92 60 67
f 84 92 67
f 69 86 85
f 93 94 69
f 94 86 69
f 71 93 69
f 70 93 71
f 79 95 78
f 95 96 78
f 96 97 78
f 97 98 78
f 98 99 78
f 99 100 78
f 100 101 78
f 101 102 78
f 102 103 78
f 104 105 78
f 103 106 78
f 106 107 78
f 107 104 78
f 105 108 78
f 108 109 78
f 109 110 78
f 110 82 78
f 111 95 79
f 80 111 79
f 94 87 86
f 112 88 87
f 94 113 87
f 113 112 87
f 114 115 61
f 60 114 61
f 115 116 61
f 116 62 61
f 117 93 70
f 118 117 70
f 76 118 70
f 119 90 58
f 89 119 58
f 120 53 82
f 110 120 82
f 121 52 53
f 122 121 53
f 120 122 53
f 83 81 52
f 121 83 52
f 123 114 60
f 92 123 60
f 90 124 80
f 124 111 80
f 75 118 76
f 62 77 63
f 93 113 94
f 125 118 75
f 91 125 75
f 113 126 112
f 126 88 112
f 62 127 77
f 128 89 77
f 127 128 77
f 126 129 88
f 129 56 88
f 130 123 92
f 84 130 92
f 116 127 62
f 56 131 57
f 132 66 57
f 131 132 57
f 129 131 56
f 83 133 91
f 133 125 91
f 134 84 66
f 132 134 66
f 83 135 133
f 136 137 133
f 138 139 133
f 139 140 133
f 140 136 133
f 137 125 133
f 135 141 133
f 141 142 133
f 142 138 133
f 143 144 111
f 145 95 111
f 144 145 111
f 124 143 111
f 109 146 110
f 146 147 110
f 147 120 110
f 145 148 95
f 148 96 95
f 149 150 83
f 150 135 83
f 121 149 83
f 137 118 125
f 151 122 120
f 147 151 120
f 119 152 90
f 152 124 90
f 153 126 113
f 93 153 113
f 117 154 93
f 154 155 93
f 155 153 93
f 144 156 145
f 156 148 145
f 146 157 147
f 157 158 147
f 158 151 147
f 159 119 89
f 128 159 89
f 160 129 126
f 161 160 126
f 153 161 126
f 160 131 129
f 162 144 143
f 124 163 143
f 163 162 143
f 164 132 131
f 165 166 160
f 166 131 160
f 161 165 160
f 166 167 131
f 167 164 131
f 137 168 118
f 168 117 118
f 169 130 84
f 134 169 84
f 170 134 132
f 164 170 132
f 168 154 117
f 150 171 135
f 171 141 135
f 168 155 154
f 168 172 155
f 172 153 155
f 173 163 124
f 152 173 124
f 174 161 153
f 172 174 153
f 175 176 115
f 114 175 115
f 176 177 115
f 177 178 115
f 178 116 115
f 178 127 116
f 179 152 119
f 159 179 119
f 180 175 114
f 123 180 114
f 181 165 161
f 174 182 161
f 182 181 161
f 168 183 172
f 183 184 172
f 184 174 172
f 185 186 174
f 184 187 174
f 187 185 174
f 186 182 174
f 181 188 165
f 188 189 165
f 189 190 165
f 190 191 165
f 191 192 165
f 192 193 165
f 193 194 165
f 194 195 165
f 195 196 165
f 196 197 165
f 197 198 165
f 198 166 165
f 170 169 134
f 199 181 182
f 186 199 182
f 166 200 167
f 200 201 167
f 201 202 167
f 202 164 167
f 203 204 166
f 204 205 166
f 205 206 166
f 206 207 166
f 198 208 166
f 208 209 166
f 209 203 166
f 210 211 166
f 211 200 166
f 207 212 166
f 212 213 166
f 213 210 166
f 214 215 198
f 215 216 198
f 216 217 198
f 217 218 198
f 197 219 198
f 219 220 198
f 220 214 198
f 218 221 198
f 221 222 198
f 222 223 198
f 223 224 198
f 224 208 198
f 225 226 197
f 226 227 197
f 227 228 197
f 228 229 197
f 196 230 197
f 230 231 197
f 231 225 197
f 229 232 197
f 232 233 197
f 233 234 197
f 234 235 197
f 235 219 197
f 236 237 196
f 237 238 196
f 238 239 196
f 239 240 196
f 195 241 196
f 241 242 196
f 242 236 196
f 243 244 196
f 240 245 196
f 245 246 196
f 246 243 196
f 244 247 196
f 247 230 196
f 248 249 195
f 194 250 195
f 250 251 195
f 251 248 195
f 249 252 195
f 252 253 195
f 253 254 195
f 254 255 195
f 255 256 195
f 256 257 195
f 257 258 195
f 258 241 195
f 259 260 194
f 260 261 194
f 261 262 194
f 262 263 194
f 263 264 194
f 264 265 194
f 265 266 194
f 266 267 194
f 267 250 194
f 268 269 194
f 269 270 194
f 270 259 194
f 271 272 194
f 272 273 194
f 273 274 194
f 274 268 194
f 193 275 194
f 275 276 194
f 276 271 194
f 277 278 193
f 278 279 193
f 279 280 193
f 280 281 193
f 192 282 193
f 282 283 193
f 283 277 193
f 284 285 193
f 281 286 193
f 286 287 193
f 287 284 193
f 285 288 193
f 288 275 193
f 289 290 192
f 290 291 192
f 291 292 192
f 292 293 192
f 191 294 192
f 294 295 192
f 295 289 192
f 293 296 192
f 296 297 192
f 297 298 192
f 298 299 192
f 299 282 192
f 300 301 191
f 302 303 191
f 303 304 191
f 304 300 191
f 301 305 191
f 305 294 191
f 306 307 191
f 307 308 191
f 308 309 191
f 309 302 191
f 190 310 191
f 310 311 191
f 311 306 191
f 312 313 190
f 314 315 190
f 315 316 190
f 316 312 190
f 313 317 190
f 317 310 190
f 318 319 190
f 319 320 190
f 320 321 190
f 321 314 190
f 189 322 190
f 322 323 190
f 323 318 190
f 324 325 189
f 325 326 189
f 326 327 189
f 327 328 189
f 328 322 189
f 329 330 189
f 188 331 189
f 331 332 189
f 332 329 189
f 330 333 189
f 333 334 189
f 334 324 189
f 335 336 188
f 336 337 188
f 337 338 188
f 338 339 188
f 339 331 188
f 181 335 188
f 199 335 181
f 340 180 123
f 130 340 123
f 202 341 164
f 341 170 164
f 163 173 162
f 173 156 162
f 156 144 162
f 342 343 158
f 157 344 158
f 344 345 158
f 345 346 158
f 343 151 158
f 347 348 158
f 348 349 158
f 349 350 158
f 351 347 158
f 352 351 158
f 346 352 158
f 353 354 158
f 355 353 158
f 350 355 158
f 354 356 158
f 356 357 158
f 357 358 158
f 358 359 158
f 359 360 158
f 360 342 158
f 361 122 151
f 362 361 151
f 363 364 151
f 343 365 151
f 365 363 151
f 364 366 151
f 366 367 151
f 367 362 151
f 368 121 122
f 361 368 122
f 369 149 121
f 368 369 121
f 149 370 150
f 370 371 150
f 371 372 150
f 372 373 150
f 373 374 150
f 374 171 150
f 369 375 149
f 375 376 149
f 376 377 149
f 377 378 149
f 378 370 149
f 379 340 130
f 169 379 130
f 177 127 178
f 177 380 127
f 381 128 127
f 380 381 127
f 382 156 173
f 152 382 173
f 341 383 170
f 383 384 170
f 384 169 170
f 385 379 169
f 384 386 169
f 386 385 169
f 179 382 152
f 387 159 128
f 381 387 128
f 383 388 384
f 388 389 384
f 389 386 384
f 389 385 386
f 390 180 340
f 391 390 340
f 379 391 340
f 387 179 159
f 392 156 382
f 179 392 382
f 393 394 176
f 175 393 176
f 394 395 176
f 395 396 176
f 396 397 176
f 397 177 176
f 180 393 175
f 385 398 379
f 398 391 379
f 200 399 201
f 399 400 201
f 401 202 201
f 400 401 201
f 211 402 200
f 402 399 200
f 208 403 209
f 403 404 209
f 405 203 209
f 404 405 209
f 224 406 208
f 406 403 208
f 219 407 220
f 407 408 220
f 409 214 220
f 408 409 220
f 235 410 219
f 410 407 219
f 230 411 231
f 411 412 231
f 412 413 231
f 413 225 231
f 247 411 230
f 241 414 242
f 414 415 242
f 416 236 242
f 415 416 242
f 258 417 241
f 417 414 241
f 250 418 251
f 418 419 251
f 419 420 251
f 420 248 251
f 267 418 250
f 262 421 263
f 421 422 263
f 422 423 263
f 423 264 263
f 261 421 262
f 275 424 276
f 424 425 276
f 425 426 276
f 426 271 276
f 288 424 275
f 282 427 283
f 427 428 283
f 429 277 283
f 428 429 283
f 299 430 282
f 430 427 282
f 294 431 295
f 431 432 295
f 432 433 295
f 433 289 295
f 305 431 294
f 310 434 311
f 434 435 311
f 435 436 311
f 436 306 311
f 317 434 310
f 322 437 323
f 437 438 323
f 439 318 323
f 438 439 323
f 328 440 322
f 440 437 322
f 331 441 332
f 441 442 332
f 443 329 332
f 442 443 332
f 339 444 331
f 444 441 331
f 445 393 180
f 390 445 180
f 397 380 177
f 401 446 202
f 446 341 202
f 405 447 203
f 447 204 203
f 409 448 214
f 448 215 214
f 413 449 225
f 449 226 225
f 244 450 247
f 450 411 247
f 416 451 236
f 451 237 236
f 420 452 248
f 452 249 248
f 266 453 267
f 453 418 267
f 454 265 264
f 423 455 264
f 455 454 264
f 260 456 261
f 456 421 261
f 426 457 271
f 457 272 271
f 285 458 288
f 458 424 288
f 429 459 277
f 459 278 277
f 433 460 289
f 460 290 289
f 301 461 305
f 461 431 305
f 436 462 306
f 462 307 306
f 313 463 317
f 463 434 317
f 439 464 318
f 464 319 318
f 443 465 329
f 465 330 329
f 397 466 380
f 467 381 380
f 466 467 380
f 399 468 400
f 468 469 400
f 469 470 400
f 470 401 400
f 402 471 399
f 471 468 399
f 472 402 211
f 210 472 211
f 403 473 404
f 473 474 404
f 474 475 404
f 475 405 404
f 406 476 403
f 476 473 403
f 477 406 224
f 223 477 224
f 407 478 408
f 478 479 408
f 479 480 408
f 480 409 408
f 410 481 407
f 481 478 407
f 482 410 235
f 234 482 235
f 411 483 412
f 483 484 412
f 485 413 412
f 484 485 412
f 450 483 411
f 414 486 415
f 486 487 415
f 487 488 415
f 488 416 415
f 417 489 414
f 489 486 414
f 490 417 258
f 257 490 258
f 418 491 419
f 491 492 419
f 493 420 419
f 492 493 419
f 453 491 418
f 421 494 422
f 494 495 422
f 496 423 422
f 495 496 422
f 456 494 421
f 424 497 425
f 497 498 425
f 499 426 425
f 498 499 425
f 458 497 424
f 427 500 428
f 500 501 428
f 501 502 428
f 502 429 428
f 430 503 427
f 503 500 427
f 504 430 299
f 298 504 299
f 431 505 432
f 505 506 432
f 507 433 432
f 506 507 432
f 461 505 431
f 434 508 435
f 508 509 435
f 510 436 435
f 509 510 435
f 463 508 434
f 437 511 438
f 511 512 438
f 512 513 438
f 513 439 438
f 440 514 437
f 514 511 437
f 515 440 328
f 327 515 328
f 441 516 442
f 516 517 442
f 517 518 442
f 518 443 442
f 444 519 441
f 519 516 441
f 520 444 339
f 338 520 339
f 521 392 179
f 522 521 179
f 387 522 179
f 389 398 385
f 523 446 401
f 470 523 401
f 524 447 405
f 475 524 405
f 525 448 409
f 480 525 409
f 526 449 413
f 485 526 413
f 527 528 450
f 528 483 450
f 244 527 450
f 529 451 416
f 488 529 416
f 530 452 420
f 493 530 420
f 531 532 453
f 532 491 453
f 266 531 453
f 533 455 423
f 496 533 423
f 534 535 456
f 535 494 456
f 260 534 456
f 536 457 426
f 499 536 426
f 537 538 458
f 538 497 458
f 285 537 458
f 539 459 429
f 502 539 429
f 540 460 433
f 507 540 433
f 541 542 461
f 542 505 461
f 301 541 461
f 543 462 436
f 510 543 436
f 544 545 463
f 545 508 463
f 313 544 463
f 546 464 439
f 513 546 439
f 547 465 443
f 518 547 443
f 472 548 402
f 548 471 402
f 477 549 406
f 549 476 406
f 482 550 410
f 550 481 410
f 490 551 417
f 551 489 417
f 504 552 430
f 552 503 430
f 515 553 440
f 553 514 440
f 520 554 444
f 554 519 444
f 555 387 381
f 467 555 381
f 396 466 397
f 446 556 341
f 556 383 341
f 447 557 204
f 557 205 204
f 448 558 215
f 558 216 215
f 449 559 226
f 559 227 226
f 243 527 244
f 451 560 237
f 560 238 237
f 452 561 249
f 561 252 249
f 265 531 266
f 562 265 454
f 455 563 454
f 563 562 454
f 259 534 260
f 457 564 272
f 564 273 272
f 284 537 285
f 459 565 278
f 565 279 278
f 460 566 290
f 566 291 290
f 300 541 301
f 462 567 307
f 567 308 307
f 312 544 313
f 464 568 319
f 568 320 319
f 465 569 330
f 569 333 330
f 523 570 446
f 570 556 446
f 524 571 447
f 571 557 447
f 525 572 448
f 572 558 448
f 573 559 449
f 526 573 449
f 574 575 527
f 575 528 527
f 243 574 527
f 529 576 451
f 576 560 451
f 577 561 452
f 530 577 452
f 578 579 531
f 579 532 531
f 265 578 531
f 580 563 455
f 533 580 455
f 581 582 534
f 582 535 534
f 259 581 534
f 583 564 457
f 536 583 457
f 584 585 537
f 585 538 537
f 284 584 537
f 539 586 459
f 586 565 459
f 587 566 460
f 540 587 460
f 588 589 541
f 589 542 541
f 300 588 541
f 590 567 462
f 543 590 462
f 591 592 544
f 592 545 544
f 312 591 544
f 546 593 464
f 593 568 464
f 547 594 465
f 594 569 465
f 595 445 390
f 596 595 390
f 391 596 390
f 555 522 387
f 468 597 469
f 597 598 469
f 598 470 469
f 471 599 468
f 599 597 468
f 213 472 210
f 473 600 474
f 600 601 474
f 601 475 474
f 476 602 473
f 602 600 473
f 222 477 223
f 478 603 479
f 603 604 479
f 604 480 479
f 481 605 478
f 605 603 478
f 233 482 234
f 483 606 484
f 606 607 484
f 607 485 484
f 528 606 483
f 486 608 487
f 608 609 487
f 609 488 487
f 489 610 486
f 610 608 486
f 256 490 257
f 491 611 492
f 611 612 492
f 612 493 492
f 532 611 491
f 494 613 495
f 613 614 495
f 614 496 495
f 535 613 494
f 497 615 498
f 615 616 498
f 616 499 498
f 538 615 497
f 500 617 501
f 617 618 501
f 618 502 501
f 503 619 500
f 619 617 500
f 297 504 298
f 505 620 506
f 620 621 506
f 621 507 506
f 542 620 505
f 508 622 509
f 622 623 509
f 623 510 509
f 545 622 508
f 511 624 512
f 624 625 512
f 625 513 512
f 514 626 511
f 626 624 511
f 326 515 327
f 516 627 517
f 627 628 517
f 628 518 517
f 519 629 516
f 629 627 516
f 337 520 338
f 598 523 470
f 601 524 475
f 604 525 480
f 607 526 485
f 575 606 528
f 609 529 488
f 612 530 493
f 579 611 532
f 614 533 496
f 582 613 535
f 616 536 499
f 585 615 538
f 618 539 502
f 621 540 507
f 589 620 542
f 623 543 510
f 592 622 545
f 625 546 513
f 628 547 518
f 521 630 392
f 630 156 392
f 548 631 471
f 631 599 471
f 213 548 472
f 549 632 476
f 632 602 476
f 222 549 477
f 550 633 481
f 633 605 481
f 233 550 482
f 551 634 489
f 634 610 489
f 256 551 490
f 552 635 503
f 635 619 503
f 297 552 504
f 553 636 514
f 636 626 514
f 326 553 515
f 554 637 519
f 637 629 519
f 337 554 520
f 398 638 391
f 638 596 391
f 556 639 383
f 639 388 383
f 557 640 205
f 640 206 205
f 558 641 216
f 641 217 216
f 559 642 227
f 642 228 227
f 246 643 243
f 643 574 243
f 560 644 238
f 644 239 238
f 561 645 252
f 645 253 252
f 562 646 265
f 646 647 265
f 647 578 265
f 648 646 562
f 563 649 562
f 649 648 562
f 270 650 259
f 650 581 259
f 564 651 273
f 651 274 273
f 287 652 284
f 652 584 284
f 565 653 279
f 653 280 279
f 566 654 291
f 654 292 291
f 304 655 300
f 655 588 300
f 567 656 308
f 656 309 308
f 316 657 312
f 657 591 312
f 568 658 320
f 658 321 320
f 569 659 333
f 659 334 333
f 598 570 523
f 601 571 524
f 604 572 525
f 607 573 526
f 574 660 575
f 660 606 575
f 609 576 529
f 612 577 530
f 578 661 579
f 661 611 579
f 614 580 533
f 581 662 582
f 662 613 582
f 616 583 536
f 584 663 585
f 663 615 585
f 618 586 539
f 621 587 540
f 588 664 589
f 664 620 589
f 623 590 543
f 591 665 592
f 665 622 592
f 625 593 546
f 628 594 547
f 570 666 556
f 666 639 556
f 571 667 557
f 667 640 557
f 572 668 558
f 668 641 558
f 573 669 559
f 669 670 559
f 670 671 559
f 671 642 559
f 643 672 574
f 672 673 574
f 673 660 574
f 576 674 560
f 674 644 560
f 577 675 561
f 675 676 561
f 676 677 561
f 677 645 561
f 647 678 578
f 678 679 578
f 679 661 578
f 580 680 563
f 680 681 563
f 681 682 563
f 682 649 563
f 650 683 581
f 683 684 581
f 684 662 581
f 583 685 564
f 685 686 564
f 686 687 564
f 687 651 564
f 652 688 584
f 688 689 584
f 689 663 584
f 586 690 565
f 690 653 565
f 587 691 566
f 691 692 566
f 692 693 566
f 693 654 566
f 655 694 588
f 694 695 588
f 695 664 588
f 590 696 567
f 696 697 567
f 697 698 567
f 698 656 567
f 657 699 591
f 699 700 591
f 700 665 591
f 593 701 568
f 701 658 568
f 594 702 569
f 702 659 569
f 213 631 548
f 222 632 549
f 233 633 550
f 256 634 551
f 297 635 552
f 326 636 553
f 337 637 554
f 598 666 570
f 601 667 571
f 604 668 572
f 703 669 573
f 607 703 573
f 673 704 660
f 704 705 660
f 705 606 660
f 609 674 576
f 706 675 577
f 612 706 577
f 679 707 661
f 707 708 661
f 708 611 661
f 709 680 580
f 614 709 580
f 684 710 662
f 710 711 662
f 711 613 662
f 712 685 583
f 616 712 583
f 689 713 663
f 713 714 663
f 714 615 663
f 618 690 586
f 715 691 587
f 621 715 587
f 695 716 664
f 716 717 664
f 717 620 664
f 718 696 590
f 623 718 590
f 700 719 665
f 719 720 665
f 720 622 665
f 625 701 593
f 628 702 594
f 389 638 398
f 721 393 445
f 595 721 445
f 395 466 396
f 722 389 388
f 639 722 388
f 723 722 639
f 666 723 639
f 724 723 666
f 598 724 666
f 725 726 598
f 597 725 598
f 726 724 598
f 599 725 597
f 631 727 599
f 727 725 599
f 213 212 631
f 212 728 631
f 728 727 631
f 729 207 206
f 640 729 206
f 730 729 640
f 667 730 640
f 731 730 667
f 601 731 667
f 732 733 601
f 600 732 601
f 733 731 601
f 602 732 600
f 632 734 602
f 734 732 602
f 222 221 632
f 221 735 632
f 735 734 632
f 736 218 217
f 641 736 217
f 737 736 641
f 668 737 641
f 738 737 668
f 604 738 668
f 739 740 604
f 603 739 604
f 740 738 604
f 605 739 603
f 633 741 605
f 741 739 605
f 233 232 633
f 232 742 633
f 742 741 633
f 743 229 228
f 642 743 228
f 744 743 642
f 745 744 642
f 671 745 642
f 746 745 671
f 670 746 671
f 747 746 670
f 669 747 670
f 748 747 669
f 703 748 669
f 607 748 703
f 749 750 607
f 606 749 607
f 750 748 607
f 705 749 606
f 704 751 705
f 751 752 705
f 752 749 705
f 673 753 704
f 753 751 704
f 672 754 673
f 754 753 673
f 643 755 672
f 755 754 672
f 246 245 643
f 245 755 643
f 756 240 239
f 644 756 239
f 757 756 644
f 674 757 644
f 758 757 674
f 609 758 674
f 759 760 609
f 608 759 609
f 760 758 609
f 610 759 608
f 634 761 610
f 761 759 610
f 256 255 634
f 255 762 634
f 762 761 634
f 763 254 253
f 645 763 253
f 764 763 645
f 765 764 645
f 677 765 645
f 766 765 677
f 676 766 677
f 767 766 676
f 675 767 676
f 768 767 675
f 706 768 675
f 612 768 706
f 769 770 612
f 611 769 612
f 770 768 612
f 708 769 611
f 707 771 708
f 771 772 708
f 772 769 708
f 679 773 707
f 773 771 707
f 678 774 679
f 774 773 679
f 647 775 678
f 775 774 678
f 646 776 647
f 776 775 647
f 648 776 646
f 777 776 648
f 649 777 648
f 778 777 649
f 779 778 649
f 682 779 649
f 780 779 682
f 681 780 682
f 781 780 681
f 680 781 681
f 782 781 680
f 709 782 680
f 614 782 709
f 783 784 614
f 613 783 614
f 784 782 614
f 711 783 613
f 710 785 711
f 785 786 711
f 786 783 711
f 684 787 710
f 787 785 710
f 683 788 684
f 788 787 684
f 650 789 683
f 789 788 683
f 270 269 650
f 269 789 650
f 790 268 274
f 651 790 274
f 791 790 651
f 792 791 651
f 687 792 651
f 793 792 687
f 686 793 687
f 794 793 686
f 685 794 686
f 795 794 685
f 712 795 685
f 616 795 712
f 615 796 616
f 796 797 616
f 797 795 616
f 714 796 615
f 713 798 714
f 798 799 714
f 799 796 714
f 689 800 713
f 800 798 713
f 688 801 689
f 801 800 689
f 652 802 688
f 802 801 688
f 287 286 652
f 286 802 652
f 803 281 280
f 653 803 280
f 804 803 653
f 690 804 653
f 805 804 690
f 618 805 690
f 806 807 618
f 617 806 618
f 807 805 618
f 619 806 617
f 635 808 619
f 808 806 619
f 297 296 635
f 296 809 635
f 809 808 635
f 810 293 292
f 654 810 292
f 811 810 654
f 812 811 654
f 693 812 654
f 813 812 693
f 692 813 693
f 814 813 692
f 691 814 692
f 815 814 691
f 715 815 691
f 621 815 715
f 816 817 621
f 620 816 621
f 817 815 621
f 717 816 620
f 716 818 717
f 818 819 717
f 819 816 717
f 695 820 716
f 820 818 716
f 694 821 695
f 821 820 695
f 655 822 694
f 822 821 694
f 304 303 655
f 303 822 655
f 823 302 309
f 656 823 309
f 824 823 656
f 825 824 656
f 698 825 656
f 826 825 698
f 697 826 698
f 827 826 697
f 696 827 697
f 828 827 696
f 718 828 696
f 623 828 718
f 829 830 623
f 622 829 623
f 830 828 623
f 720 829 622
f 719 831 720
f 831 832 720
f 832 829 720
f 700 833 719
f 833 831 719
f 699 834 700
f 834 833 700
f 657 835 699
f 835 834 699
f 316 315 657
f 315 835 657
f 836 314 321
f 658 836 321
f 837 836 658
f 701 837 658
f 838 837 701
f 625 838 701
f 839 840 625
f 624 839 625
f 840 838 625
f 626 839 624
f 636 841 626
f 841 839 626
f 326 325 636
f 325 842 636
f 842 841 636
f 843 324 334
f 659 843 334
f 844 843 659
f 702 844 659
f 845 844 702
f 628 845 702
f 846 847 628
f 627 846 628
f 847 845 628
f 629 846 627
f 637 848 629
f 848 846 629
f 337 336 637
f 336 849 637
f 849 848 637
f 850 851 394
f 393 850 394
f 851 852 394
f 852 853 394
f 853 395 394
f 853 466 395
f 853 854 466
f 855 467 466
f 854 855 466
f 856 850 393
f 721 856 393
f 857 856 721
f 595 857 721
f 858 555 467
f 855 858 467
f 859 857 595
f 596 859 595
f 522 630 521
f 858 860 555
f 860 522 555
f 638 861 596
f 861 859 596
f 852 854 853
f 860 862 522
f 862 630 522
f 389 861 638
f 863 156 630
f 862 863 630
f 864 854 852
f 865 864 852
f 851 865 852
f 866 867 851
f 850 866 851
f 867 865 851
f 864 868 854
f 869 855 854
f 868 869 854
f 856 870 850
f 870 866 850
f 857 870 856
f 871 872 855
f 869 871 855
f 873 858 855
f 872 873 855
f 874 870 857
f 875 874 857
f 859 875 857
f 873 876 858
f 876 860 858
f 861 877 859
f 877 875 859
f 389 877 861
f 878 864 865
f 867 878 865
f 866 879 867
f 879 878 867
f 879 880 878
f 880 864 878
f 880 881 864
f 881 868 864
f 882 869 868
f 881 882 868
f 883 879 866
f 870 883 866
f 884 871 869
f 885 884 869
f 882 885 869
f 884 886 871
f 886 887 871
f 887 872 871
f 874 888 870
f 888 883 870
f 887 873 872
f 887 876 873
f 886 889 887
f 889 876 887
f 889 860 876
f 890 891 889
f 886 890 889
f 891 862 889
f 862 860 889
f 892 893 891
f 893 894 891
f 890 892 891
f 863 862 891
f 894 863 891
f 875 895 874
f 895 888 874
f 877 896 875
f 896 897 875
f 897 895 875
f 156 863 894
f 898 156 894
f 893 898 894
f 389 896 877
f 898 148 156
f 96 148 898
f 899 96 898
f 900 901 898
f 901 899 898
f 902 900 898
f 893 902 898
f 899 97 96
f 903 98 899
f 98 97 899
f 901 903 899
f 903 99 98
f 904 100 903
f 100 99 903
f 901 904 903
f 904 101 100
f 389 905 896
f 905 897 896
f 722 906 389
f 906 905 389
f 907 906 722
f 723 907 722
f 207 908 212
f 908 728 212
f 729 909 207
f 909 908 207
f 910 909 729
f 730 910 729
f 218 911 221
f 911 735 221
f 736 912 218
f 912 911 218
f 913 912 736
f 737 913 736
f 229 914 232
f 914 742 232
f 743 915 229
f 915 914 229
f 916 915 743
f 744 916 743
f 240 917 245
f 917 755 245
f 756 918 240
f 918 917 240
f 919 918 756
f 757 919 756
f 254 920 255
f 920 762 255
f 763 921 254
f 921 920 254
f 922 921 763
f 764 922 763
f 777 923 776
f 923 775 776
f 924 923 777
f 778 924 777
f 268 925 269
f 925 789 269
f 926 925 268
f 790 926 268
f 927 926 790
f 791 927 790
f 281 928 286
f 928 802 286
f 803 929 281
f 929 928 281
f 930 929 803
f 804 930 803
f 293 931 296
f 931 809 296
f 810 932 293
f 932 931 293
f 933 932 810
f 811 933 810
f 302 934 303
f 934 822 303
f 935 934 302
f 823 935 302
f 936 935 823
f 824 936 823
f 314 937 315
f 937 835 315
f 938 937 314
f 836 938 314
f 939 938 836
f 837 939 836
f 324 940 325
f 940 842 325
f 941 940 324
f 843 941 324
f 942 941 843
f 844 942 843
f 335 943 336
f 943 849 336
f 944 945 335
f 946 947 335
f 948 949 335
f 950 951 335
f 951 952 335
f 952 943 335
f 949 953 335
f 953 954 335
f 954 955 335
f 945 956 335
f 956 957 335
f 957 948 335
f 947 958 335
f 958 959 335
f 959 944 335
f 955 960 335
f 960 961 335
f 961 950 335
f 199 946 335
f 962 963 199
f 964 965 199
f 965 966 199
f 963 967 199
f 967 968 199
f 968 969 199
f 970 971 199
f 971 972 199
f 972 964 199
f 973 962 199
f 974 973 199
f 966 974 199
f 969 946 199
f 186 970 199
f 904 102 101
f 103 102 904
f 901 103 904
f 901 106 103
f 900 107 901
f 107 106 901
f 956 353 957
f 353 355 957
f 355 948 957
f 350 948 355
f 958 975 959
f 975 358 959
f 358 357 959
f 357 944 959
f 356 944 357
f 947 976 958
f 977 978 958
f 978 975 958
f 976 360 958
f 360 359 958
f 359 977 958
f 979 980 359
f 358 979 359
f 980 977 359
f 968 363 969
f 363 365 969
f 365 946 969
f 343 946 365
f 945 981 956
f 981 982 956
f 982 353 956
f 982 354 353
f 356 945 944
f 354 945 356
f 947 983 976
f 983 984 976
f 984 360 976
f 984 342 360
f 343 947 946
f 342 947 343
f 350 949 948
f 349 949 350
f 978 979 975
f 979 358 975
f 985 986 977
f 986 978 977
f 980 985 977
f 987 988 980
f 979 987 980
f 988 985 980
f 967 364 968
f 364 363 968
f 945 989 981
f 989 990 981
f 990 982 981
f 990 991 982
f 991 354 982
f 992 989 945
f 354 992 945
f 991 992 354
f 947 993 983
f 993 994 983
f 994 984 983
f 994 342 984
f 995 993 947
f 342 995 947
f 994 996 342
f 996 995 342
f 349 953 949
f 348 953 349
f 986 987 978
f 987 979 978
f 997 986 985
f 988 997 985
f 987 998 988
f 998 997 988
f 963 366 967
f 366 364 967
f 999 1000 989
f 1001 999 989
f 992 1001 989
f 1000 990 989
f 1002 1003 990
f 1003 1004 990
f 1004 991 990
f 1000 1002 990
f 1005 1001 992
f 1006 1005 992
f 991 1007 992
f 1007 1006 992
f 1008 1007 991
f 1004 1008 991
f 1009 1010 993
f 1011 1009 993
f 995 1011 993
f 1010 994 993
f 1012 996 994
f 1013 1012 994
f 1014 1013 994
f 1010 1014 994
f 1015 1011 995
f 1016 1015 995
f 996 1017 995
f 1017 1016 995
f 1018 1017 996
f 1012 1018 996
f 348 954 953
f 347 954 348
f 997 1019 986
f 1019 1020 986
f 1020 987 986
f 1020 1021 987
f 1021 998 987
f 1022 1019 997
f 998 1022 997
f 1021 1022 998
f 962 367 963
f 367 366 963
f 999 1023 1000
f 1023 1002 1000
f 1023 1003 1002
f 1007 1024 1006
f 1024 1005 1006
f 1008 1024 1007
f 1009 1025 1010
f 1025 1014 1010
f 1025 1013 1014
f 1017 1026 1016
f 1026 1015 1016
f 1018 1026 1017
f 999 1003 1023
f 999 1004 1003
f 1024 1008 1005
f 1008 1001 1005
f 1009 1013 1025
f 1009 1012 1013
f 1026 1018 1015
f 1018 1011 1015
f 1001 1004 999
f 1001 1008 1004
f 1011 1012 1009
f 1011 1018 1012
f 347 955 954
f 351 1027 347
f 1027 955 347
f 1022 1028 1019
f 1028 1029 1019
f 1029 1030 1019
f 1030 1031 1019
f 1031 1032 1019
f 1032 1020 1019
f 1032 1033 1020
f 1033 1034 1020
f 1034 1035 1020
f 1035 1036 1020
f 1036 1037 1020
f 1037 1021 1020
f 1021 1028 1022
f 1037 1028 1021
f 973 1038 962
f 1038 1039 962
f 1039 367 962
f 1039 362 367
f 1040 1041 955
f 1041 1042 955
f 1042 960 955
f 1027 1040 955
f 351 1043 1027
f 1043 1044 1027
f 1044 1045 1027
f 1045 1040 1027
f 1046 1047 1031
f 1047 1048 1031
f 1048 1049 1031
f 1030 1050 1031
f 1050 1046 1031
f 1049 1051 1031
f 1051 1032 1031
f 1051 1052 1032
f 1053 1033 1032
f 1054 1053 1032
f 1055 1054 1032
f 1052 1055 1032
f 1037 1029 1028
f 1036 1029 1037
f 973 1056 1038
f 1056 1057 1038
f 1057 1058 1038
f 1058 1059 1038
f 1059 1039 1038
f 1060 1061 1039
f 1059 1060 1039
f 1062 362 1039
f 1061 1062 1039
f 1063 1041 1040
f 1064 1063 1040
f 1065 1064 1040
f 1045 1066 1040
f 1066 1065 1040
f 1067 1066 1045
f 1068 1067 1045
f 1044 1068 1045
f 1069 1070 1049
f 1071 1069 1049
f 1048 1072 1049
f 1072 1071 1049
f 1070 1051 1049
f 1073 1052 1051
f 1074 1073 1051
f 1075 1074 1051
f 1070 1075 1051
f 1076 1030 1029
f 1036 1035 1029
f 1035 1076 1029
f 1057 1077 1058
f 1078 1079 1058
f 1080 1078 1058
f 1077 1080 1058
f 1079 1059 1058
f 1081 1060 1059
f 1082 1081 1059
f 1083 1082 1059
f 1084 1083 1059
f 1079 1084 1059
f 1066 1085 1065
f 1085 1064 1065
f 1067 1085 1066
f 1069 1086 1070
f 1086 1075 1070
f 1086 1074 1075
f 1035 1034 1076
f 1034 1030 1076
f 1078 1087 1079
f 1087 1084 1079
f 1087 1083 1084
f 1085 1067 1064
f 1067 1063 1064
f 1069 1074 1086
f 1069 1073 1074
f 1034 1033 1030
f 1033 1050 1030
f 1078 1083 1087
f 1078 1082 1083
f 1088 1041 1063
f 1068 1088 1063
f 1067 1068 1063
f 1071 1073 1069
f 1089 1052 1073
f 1071 1089 1073
f 1053 1046 1050
f 1033 1053 1050
f 1080 1082 1078
f 1090 1081 1082
f 1080 1090 1082
f 1072 1091 1071
f 1091 1089 1071
f 1092 1093 1089
f 1093 1052 1089
f 1091 1092 1089
f 1094 1047 1046
f 1053 1094 1046
f 1054 1094 1053
f 1095 1096 1088
f 1096 1041 1088
f 1097 1095 1088
f 1068 1097 1088
f 1044 1097 1068
f 1077 1098 1080
f 1098 1090 1080
f 1099 1100 1090
f 1100 1081 1090
f 1098 1099 1090
f 1072 1101 1091
f 1101 1092 1091
f 1101 1093 1092
f 1102 1048 1047
f 1054 1102 1047
f 1094 1054 1047
f 1103 1096 1095
f 1097 1103 1095
f 1044 1103 1097
f 1077 1104 1098
f 1104 1099 1098
f 1104 1100 1099
f 1044 1041 1096
f 1103 1044 1096
f 1077 1100 1104
f 1077 1081 1100
f 1044 1042 1041
f 1043 1042 1044
f 1057 1060 1077
f 1060 1081 1077
f 1072 1093 1101
f 1072 1052 1093
f 1055 1048 1102
f 1054 1055 1102
f 1105 1106 1107
f 1108 1105 1107
f 1106 1109 1107
f 1109 371 1107
f 371 370 1107
f 370 1108 1107
f 378 1108 370
f 1056 1061 1057
f 1061 1060 1057
f 1048 1052 1072
f 1048 1055 1052
f 1043 960 1042
f 351 960 1043
f 1110 107 900
f 1111 1110 900
f 1112 1111 900
f 902 1112 900
f 1110 104 107
f 1106 1113 1109
f 1113 372 1109
f 372 371 1109
f 1114 1105 1108
f 1115 1114 1108
f 378 1115 1108
f 377 1115 378
f 973 1062 1056
f 1062 1061 1056
f 351 961 960
f 352 961 351
f 1116 104 1110
f 1111 1116 1110
f 1117 1118 1119
f 1118 1120 1119
f 1120 1121 1119
f 1122 1117 1119
f 1123 1122 1119
f 1121 1123 1119
f 1124 1125 1123
f 1125 1126 1123
f 1126 1122 1123
f 1121 1124 1123
f 1127 1128 1117
f 1128 1118 1117
f 1129 1127 1117
f 1122 1129 1117
f 1130 1129 1122
f 1126 1130 1122
f 1131 1132 1133
f 1134 1135 1133
f 1132 1134 1133
f 1136 1137 1133
f 1137 1131 1133
f 1135 1136 1133
f 1138 1139 1136
f 1139 1140 1136
f 1140 1137 1136
f 1135 1138 1136
f 1141 1142 1131
f 1142 1132 1131
f 1143 1141 1131
f 1137 1143 1131
f 1140 1144 1137
f 1144 1143 1137
f 1120 1145 1121
f 1145 1124 1121
f 1145 1125 1124
f 1146 1142 1141
f 1143 1146 1141
f 1144 1146 1143
f 974 1147 973
f 1147 1148 973
f 1148 1149 973
f 1149 1150 973
f 1150 1062 973
f 1151 1152 1062
f 1152 1153 1062
f 1153 362 1062
f 1154 1151 1062
f 1150 1155 1062
f 1155 1156 1062
f 1156 1154 1062
f 1157 104 1116
f 1111 1157 1116
f 1158 1157 1111
f 1112 1158 1111
f 1159 1128 1127
f 1129 1159 1127
f 1130 1159 1129
f 1134 1160 1135
f 1160 1138 1135
f 1160 1139 1138
f 1120 1125 1145
f 1120 1126 1125
f 1144 1132 1142
f 1146 1144 1142
f 1161 1162 1113
f 1106 1161 1113
f 1162 373 1113
f 373 372 1113
f 1163 1114 1115
f 1164 1163 1115
f 377 1164 1115
f 376 1164 377
f 1165 950 961
f 352 1165 961
f 346 1166 352
f 1166 1165 352
f 1118 1167 1120
f 1167 1168 1120
f 1168 1126 1120
f 1168 1169 1126
f 1169 1130 1126
f 1170 1134 1132
f 1171 1170 1132
f 1144 1171 1132
f 1140 1172 1144
f 1172 1171 1144
f 1106 1155 1150
f 1149 1106 1150
f 1106 1105 1155
f 1105 1156 1155
f 1173 1174 1157
f 1174 1175 1157
f 1175 1176 1157
f 1176 1177 1157
f 1177 1178 1157
f 1178 1179 1157
f 1179 104 1157
f 1158 1173 1157
f 1148 1106 1149
f 1148 1147 1106
f 1147 1161 1106
f 1114 1180 1105
f 1180 1156 1105
f 1180 1154 1156
f 1130 1118 1128
f 1159 1130 1128
f 1134 1139 1160
f 1134 1140 1139
f 1181 1154 1180
f 1114 1181 1180
f 974 1182 1147
f 1182 1161 1147
f 966 1183 974
f 1183 1184 974
f 1184 1185 974
f 1185 1182 974
f 1186 1151 1154
f 1187 1186 1154
f 1181 1187 1154
f 1188 1170 1171
f 1189 1188 1171
f 1172 1189 1171
f 1190 1191 1172
f 1140 1190 1172
f 1191 1189 1172
f 1114 1187 1181
f 1185 1161 1182
f 1192 950 1165
f 1193 1192 1165
f 1166 1193 1165
f 346 1194 1166
f 1194 1195 1166
f 1195 1193 1166
f 1196 1197 1167
f 1118 1196 1167
f 1197 1198 1167
f 1198 1168 1167
f 1198 1169 1168
f 1199 1174 1173
f 1158 1199 1173
f 1200 1186 1187
f 1114 1200 1187
f 1201 1199 1158
f 1112 1201 1158
f 1184 1161 1185
f 1202 1186 1200
f 1114 1202 1200
f 1183 1203 1184
f 1203 1161 1184
f 966 1204 1183
f 1204 1205 1183
f 1205 1206 1183
f 1206 1203 1183
f 1207 1151 1186
f 1208 1207 1186
f 1202 1208 1186
f 1201 1209 1199
f 1210 1174 1199
f 1209 1210 1199
f 1211 1188 1189
f 1212 1211 1189
f 1213 1214 1189
f 1214 1215 1189
f 1215 1212 1189
f 1216 1217 1189
f 1217 1218 1189
f 1218 1219 1189
f 1219 1213 1189
f 1191 1216 1189
f 1220 1221 1191
f 1190 1220 1191
f 1221 1222 1191
f 1222 1223 1191
f 1223 1224 1191
f 1224 1225 1191
f 1225 1226 1191
f 1226 1216 1191
f 1216 1227 1217
f 1227 1218 1217
f 1228 1227 1216
f 1226 1228 1216
f 1229 1208 1202
f 1114 1229 1202
f 1227 1219 1218
f 1206 1161 1203
f 1230 1192 1193
f 1231 1230 1193
f 1195 1231 1193
f 1194 1232 1195
f 1232 1231 1195
f 1233 1231 1197
f 1196 1233 1197
f 1231 1232 1197
f 1232 1198 1197
f 1234 1169 1198
f 1235 1234 1198
f 1232 1235 1198
f 1228 1236 1227
f 1236 1219 1227
f 1226 1225 1229
f 1225 1208 1229
f 1237 1226 1229
f 1114 1237 1229
f 1205 1238 1206
f 1238 1161 1206
f 1204 1213 1205
f 1213 1238 1205
f 1224 1207 1208
f 1225 1224 1208
f 1213 1219 1238
f 1219 1236 1238
f 1236 1161 1238
f 1233 1230 1231
f 1194 1235 1232
f 1239 1196 1118
f 1240 1239 1118
f 1241 1240 1118
f 1130 1241 1118
f 1169 1241 1130
f 1170 1140 1134
f 1170 1190 1140
f 1204 1214 1213
f 1237 1242 1226
f 1242 1228 1226
f 1243 1236 1228
f 1242 1243 1228
f 1244 1243 1242
f 1237 1244 1242
f 1236 1243 1161
f 1245 1246 1161
f 1244 1245 1161
f 1243 1244 1161
f 1246 1162 1161
f 1247 1248 1114
f 1249 1237 1114
f 1248 1249 1114
f 1163 1250 1114
f 1250 1251 1114
f 1251 1247 1114
f 1249 1244 1237
f 1252 1209 1201
f 1112 1252 1201
f 1245 1244 1249
f 1248 1245 1249
f 1247 1245 1248
f 1253 1209 1252
f 1112 1253 1252
f 902 1253 1112
f 1251 1245 1247
f 1254 1255 1253
f 1255 1209 1253
f 902 1254 1253
f 1256 886 884
f 885 1257 884
f 1257 1256 884
f 1258 890 1256
f 890 886 1256
f 1257 1259 1256
f 1259 1258 1256
f 1258 892 890
f 1260 892 1258
f 1259 1261 1258
f 1261 1262 1258
f 1262 1260 1258
f 1260 893 892
f 1263 902 893
f 1260 1263 893
f 1262 1264 1260
f 1264 1263 1260
f 1264 1254 1263
f 1254 902 1263
f 1264 1255 1254
f 1251 1265 1245
f 1265 1246 1245
f 1250 1265 1251
f 1246 1266 1162
f 1266 374 1162
f 374 373 1162
f 1267 1163 1164
f 1268 1267 1164
f 376 1268 1164
f 375 1268 376
f 1250 1269 1265
f 1269 1270 1265
f 1270 1246 1265
f 1271 1269 1250
f 1272 1271 1250
f 1163 1272 1250
f 1270 1266 1246
f 1267 1272 1163
f 1273 1270 1269
f 1271 1273 1269
f 1267 1274 1272
f 1274 1271 1272
f 1270 1275 1266
f 1275 1276 1266
f 1276 374 1266
f 1273 1275 1270
f 1277 1274 1267
f 1268 1277 1267
f 1278 1277 1268
f 375 1278 1268
f 1276 171 374
f 369 1279 375
f 1279 1278 375
f 1280 1273 1271
f 1281 1280 1271
f 1274 1281 1271
f 1277 1282 1274
f 1282 1281 1274
f 1280 1283 1273
f 1283 1275 1273
f 1284 1282 1277
f 1278 1284 1277
f 1283 1285 1275
f 1285 1276 1275
f 1286 1284 1278
f 1279 1286 1278
f 1285 171 1276
f 369 1287 1279
f 1287 1286 1279
f 1282 1288 1281
f 1288 1280 1281
f 1289 1290 1282
f 1290 1291 1282
f 1291 1288 1282
f 1284 1289 1282
f 1292 1259 1257
f 885 1293 1257
f 1293 1294 1257
f 1294 1292 1257
f 1292 1261 1259
f 1295 1261 1292
f 1294 1296 1292
f 1296 1295 1292
f 1297 1261 1295
f 1296 1298 1295
f 1298 1297 1295
f 1297 1262 1261
f 1299 1262 1297
f 1298 1300 1297
f 1300 1299 1297
f 1264 1262 1299
f 1301 1264 1299
f 1300 1301 1299
f 1301 1255 1264
f 1209 1255 1301
f 1302 1209 1301
f 1303 1304 1301
f 1304 1302 1301
f 1305 1303 1301
f 1300 1305 1301
f 1302 1210 1209
f 1291 1280 1288
f 1306 1174 1302
f 1174 1210 1302
f 1304 1306 1302
f 1290 1280 1291
f 1307 1308 1289
f 1308 1309 1289
f 1309 1290 1289
f 1284 1307 1289
f 1309 1280 1290
f 1310 1311 1307
f 1311 1308 1307
f 1284 1310 1307
f 1306 1175 1174
f 1312 1311 1310
f 1313 1312 1310
f 1284 1313 1310
f 1314 1315 1309
f 1308 1314 1309
f 1315 1316 1309
f 1316 1280 1309
f 1317 1318 1280
f 1316 1317 1280
f 1318 1319 1280
f 1319 1320 1280
f 1320 1321 1280
f 1321 1322 1280
f 1322 1283 1280
f 1323 1324 1284
f 1324 1325 1284
f 1325 1326 1284
f 1326 1327 1284
f 1327 1328 1284
f 1328 1313 1284
f 1329 1330 1284
f 1330 1331 1284
f 1331 1323 1284
f 1286 1329 1284
f 1311 1314 1308
f 1312 1332 1311
f 1332 1314 1311
f 1233 1234 1230
f 1234 1235 1230
f 1235 1192 1230
f 1194 1192 1235
f 1333 1239 1240
f 1334 1333 1240
f 1335 1334 1240
f 1336 1335 1240
f 1241 1336 1240
f 1337 1336 1241
f 1338 1337 1241
f 1339 1338 1241
f 1169 1339 1241
f 1188 1190 1170
f 1188 1220 1190
f 1204 1315 1214
f 1315 1314 1214
f 1314 1215 1214
f 1332 1215 1314
f 1223 1340 1224
f 1340 1313 1224
f 1313 1207 1224
f 1328 1207 1313
f 1340 1312 1313
f 966 1316 1204
f 1316 1315 1204
f 1328 1151 1207
f 1327 1151 1328
f 1341 1332 1312
f 1340 1341 1312
f 1196 1169 1233
f 1169 1234 1233
f 1223 1341 1340
f 1194 950 1192
f 346 950 1194
f 966 1317 1316
f 1341 1223 1332
f 1223 1215 1332
f 1326 1151 1327
f 1342 1212 1215
f 1223 1342 1215
f 1222 1342 1223
f 965 1318 966
f 1318 1317 966
f 1326 1152 1151
f 1325 1152 1326
f 965 1319 1318
f 1324 1152 1325
f 1343 1176 1306
f 1176 1175 1306
f 1304 1343 1306
f 1239 1339 1196
f 1339 1169 1196
f 1343 1177 1176
f 346 951 950
f 345 951 346
f 1323 1152 1324
f 965 1320 1319
f 1344 1212 1342
f 1222 1344 1342
f 1221 1345 1222
f 1345 1344 1222
f 964 1346 965
f 1346 1347 965
f 1347 1320 965
f 1323 1153 1152
f 1331 1153 1323
f 1347 1321 1320
f 1348 1334 1335
f 1336 1348 1335
f 1337 1348 1336
f 1211 1220 1188
f 1349 1221 1220
f 1211 1349 1220
f 1346 1321 1347
f 1330 1153 1331
f 1350 1153 1330
f 1329 1350 1330
f 1346 1329 1321
f 1329 1351 1321
f 1351 1322 1321
f 1346 1350 1329
f 1286 1352 1329
f 1352 1351 1329
f 964 1350 1346
f 964 1153 1350
f 1353 1354 1239
f 1333 1353 1239
f 1354 1339 1239
f 1355 1356 1339
f 1356 1338 1339
f 1354 1355 1339
f 1357 1358 1344
f 1358 1359 1344
f 1359 1212 1344
f 1345 1360 1344
f 1360 1357 1344
f 1361 1360 1345
f 1221 1361 1345
f 1362 952 951
f 345 1362 951
f 344 1362 345
f 1343 1178 1177
f 1322 1363 1283
f 1363 1285 1283
f 1287 1352 1286
f 1363 171 1285
f 369 1364 1287
f 1364 1352 1287
f 1353 1365 1354
f 1365 1355 1354
f 1365 1356 1355
f 1360 1366 1357
f 1366 1358 1357
f 1361 1366 1360
f 1337 1333 1334
f 1348 1337 1334
f 1212 1349 1211
f 1212 1221 1349
f 1179 1178 1343
f 1304 1179 1343
f 972 1367 964
f 1367 1368 964
f 1368 1153 964
f 1369 1370 1153
f 1368 1369 1153
f 1370 362 1153
f 1353 1356 1365
f 1353 1338 1356
f 1366 1361 1358
f 1361 1359 1358
f 1333 1338 1353
f 1333 1337 1338
f 1359 1221 1212
f 1359 1361 1221
f 1304 104 1179
f 1371 952 1362
f 344 1371 1362
f 157 1372 344
f 1372 1371 344
f 972 1373 1367
f 1373 1374 1367
f 1374 1368 1367
f 1374 1369 1368
f 1351 1375 1322
f 1375 1363 1322
f 1364 1351 1352
f 369 171 1363
f 1375 369 1363
f 369 1375 1364
f 1375 1351 1364
f 1303 105 1304
f 105 104 1304
f 1376 952 1371
f 1377 1378 1371
f 1378 1379 1371
f 1379 1376 1371
f 1372 1377 1371
f 1380 1381 1372
f 1381 1382 1372
f 1382 1383 1372
f 157 1380 1372
f 1383 1377 1372
f 1384 1385 1386
f 1387 1388 1386
f 1389 1387 1386
f 1385 1389 1386
f 1390 1384 1386
f 1391 1390 1386
f 1392 1391 1386
f 1388 1392 1386
f 1393 1394 1392
f 1395 1391 1392
f 1396 1395 1392
f 1394 1396 1392
f 1388 1393 1392
f 1397 1384 1390
f 1398 1397 1390
f 1391 1398 1390
f 1399 1398 1391
f 1400 1399 1391
f 1395 1400 1391
f 972 1401 1373
f 1401 1402 1373
f 1402 1403 1373
f 1403 1374 1373
f 1404 1369 1374
f 1403 1404 1374
f 1387 1405 1388
f 1405 1393 1388
f 1405 1394 1393
f 1406 1407 1397
f 1407 1384 1397
f 1399 1406 1397
f 1398 1399 1397
f 1408 1378 1377
f 1409 1408 1377
f 1410 1409 1377
f 1383 1411 1377
f 1411 1410 1377
f 1412 1411 1383
f 1413 1412 1383
f 1382 1413 1383
f 1414 1415 1402
f 1416 1414 1402
f 1401 1416 1402
f 1415 1403 1402
f 1417 1404 1403
f 1418 1417 1403
f 1419 1418 1403
f 1415 1419 1403
f 1411 1420 1410
f 1420 1409 1410
f 1412 1420 1411
f 1414 1421 1415
f 1421 1419 1415
f 1421 1418 1419
f 1420 1412 1409
f 1412 1408 1409
f 1414 1418 1421
f 1414 1417 1418
f 1387 1394 1405
f 1387 1396 1394
f 1422 1407 1406
f 1399 1422 1406
f 1400 1422 1399
f 1423 1378 1408
f 1413 1423 1408
f 1412 1413 1408
f 1416 1417 1414
f 1424 1404 1417
f 1416 1424 1417
f 1389 1396 1387
f 1425 1395 1396
f 1389 1425 1396
f 1426 1384 1407
f 1422 1427 1407
f 1427 1426 1407
f 1400 1427 1422
f 1428 1429 1423
f 1429 1378 1423
f 1430 1428 1423
f 1413 1430 1423
f 1382 1430 1413
f 1385 1431 1389
f 1431 1425 1389
f 1432 1433 1425
f 1433 1395 1425
f 1431 1432 1425
f 1434 1384 1426
f 1435 1434 1426
f 1436 1435 1426
f 1427 1436 1426
f 1400 1436 1427
f 1401 1437 1416
f 1437 1424 1416
f 1438 1439 1424
f 1439 1404 1424
f 1437 1438 1424
f 1440 1429 1428
f 1430 1440 1428
f 1382 1440 1430
f 1385 1441 1431
f 1441 1432 1431
f 1441 1433 1432
f 1442 1434 1435
f 1443 1442 1435
f 1436 1443 1435
f 1444 1443 1436
f 1445 1444 1436
f 1400 1445 1436
f 1401 1446 1437
f 1446 1438 1437
f 1446 1439 1438
f 1382 1378 1429
f 1440 1382 1429
f 1385 1433 1441
f 1385 1395 1433
f 1447 1434 1442
f 1444 1447 1442
f 1443 1444 1442
f 1401 1439 1446
f 1401 1404 1439
f 1382 1379 1378
f 1381 1379 1382
f 1384 1400 1385
f 1400 1395 1385
f 1448 1434 1447
f 1444 1448 1447
f 1445 1449 1444
f 1449 1448 1444
f 972 1369 1401
f 1369 1404 1401
f 1381 1376 1379
f 1380 1376 1381
f 1434 1445 1384
f 1445 1400 1384
f 1450 1434 1448
f 1449 1450 1448
f 1445 1451 1449
f 1451 1450 1449
f 971 1370 972
f 1370 1369 972
f 1452 952 1376
f 1380 1452 1376
f 157 1453 1380
f 1453 1452 1380
f 1450 1454 1434
f 1454 1455 1434
f 1455 1445 1434
f 1455 1456 1445
f 1456 1451 1445
f 1457 1454 1450
f 1451 1457 1450
f 1456 1457 1451
f 970 1458 971
f 1458 1459 971
f 1459 1370 971
f 1459 362 1370
f 1460 1461 1462
f 1461 1463 1462
f 1463 1464 1462
f 1465 1460 1462
f 1466 1465 1462
f 1464 1466 1462
f 1467 1468 1466
f 1468 1469 1466
f 1469 1465 1466
f 1464 1467 1466
f 1470 1471 1460
f 1471 1461 1460
f 1472 1470 1460
f 1465 1472 1460
f 1469 1473 1465
f 1473 1472 1465
f 1474 1475 1476
f 1475 1477 1476
f 1477 1478 1476
f 1479 1474 1476
f 1480 1479 1476
f 1478 1480 1476
f 1481 1482 1480
f 1482 1483 1480
f 1483 1479 1480
f 1478 1481 1480
f 1484 1485 1474
f 1485 1475 1474
f 1486 1484 1474
f 1479 1486 1474
f 1483 1487 1479
f 1487 1486 1479
f 1463 1488 1464
f 1488 1467 1464
f 1488 1468 1467
f 1489 1471 1470
f 1472 1489 1470
f 1473 1489 1472
f 1477 1490 1478
f 1490 1481 1478
f 1490 1482 1481
f 1491 1485 1484
f 1486 1491 1484
f 1487 1491 1486
f 1463 1468 1488
f 1463 1469 1468
f 1473 1461 1471
f 1489 1473 1471
f 1477 1482 1490
f 1477 1483 1482
f 1487 1475 1485
f 1491 1487 1485
f 1492 952 1452
f 1453 1492 1452
f 157 1493 1453
f 1493 1492 1453
f 970 1494 1454
f 1457 1495 1454
f 1495 1496 1454
f 1496 970 1454
f 1494 1497 1454
f 1497 1455 1454
f 1497 1498 1455
f 1498 1499 1455
f 1499 1456 1455
f 1456 1495 1457
f 1499 1495 1456
f 970 1500 1458
f 1500 1501 1458
f 1501 1459 1458
f 1501 362 1459
f 1461 1502 1463
f 1502 1503 1463
f 1503 1469 1463
f 1503 1504 1469
f 1504 1473 1469
f 1505 1502 1461
f 1473 1505 1461
f 1504 1505 1473
f 1475 1506 1477
f 1506 1507 1477
f 1507 1483 1477
f 1508 1487 1483
f 1507 1508 1483
f 1509 1506 1475
f 1487 1509 1475
f 1508 1509 1487
f 1510 952 1492
f 1493 1510 1492
f 157 1511 1493
f 1511 1510 1493
f 970 1512 1494
f 1512 1513 1494
f 1513 1497 1494
f 1513 1514 1497
f 1514 1498 1497
f 1499 1496 1495
f 1498 1496 1499
f 970 1515 1500
f 1515 1516 1500
f 1516 1501 1500
f 1516 362 1501
f 1505 1517 1502
f 1517 1518 1502
f 1518 1503 1502
f 1518 1504 1503
f 1519 952 1505
f 952 1517 1505
f 1504 1519 1505
f 1518 157 1504
f 157 1520 1504
f 1520 1519 1504
f 1509 1521 1506
f 1521 1522 1506
f 1522 1507 1506
f 1522 1508 1507
f 1523 1521 1509
f 1524 1523 1509
f 1508 1524 1509
f 157 1525 1508
f 1522 157 1508
f 1525 1524 1508
f 1526 952 1510
f 1511 1526 1510
f 157 1527 1511
f 1527 1526 1511
f 970 1528 1512
f 1528 1529 1512
f 1529 1513 1512
f 1529 157 1513
f 157 1514 1513
f 1523 970 1496
f 1498 1523 1496
f 1514 1523 1498
f 970 1530 1515
f 1530 1531 1515
f 1531 1516 1515
f 1531 362 1516
f 952 1526 1517
f 1526 1527 1517
f 1527 1518 1517
f 1527 157 1518
f 1528 952 1519
f 1520 1528 1519
f 157 1529 1520
f 1529 1528 1520
f 1523 1514 1521
f 1514 1522 1521
f 1514 157 1522
f 1530 970 1524
f 970 1523 1524
f 1525 1530 1524
f 157 1531 1525
f 1531 1530 1525
f 970 952 1528
f 157 362 1531
f 1532 105 1303
f 1533 1532 1303
f 1534 1533 1303
f 1305 1534 1303
f 1532 108 105
f 1535 108 1532
f 1533 1535 1532
f 1536 108 1535
f 1533 1536 1535
f 1537 1536 1533
f 1534 1537 1533
f 1538 108 1536
f 1537 1538 1536
f 1539 108 1538
f 1537 1539 1538
f 1540 1539 1537
f 1534 1540 1537
f 1540 108 1539
f 1541 108 1540
f 1534 1541 1540
f 1542 1543 1541
f 1543 108 1541
f 1534 1542 1541
f 1305 1542 1534
f 1544 1545 1542
f 1545 1543 1542
f 1305 1544 1542
f 1546 1547 879
f 883 1546 879
f 1547 1548 879
f 1548 880 879
f 1548 881 880
f 1549 882 881
f 1548 1549 881
f 1549 885 882
f 1550 1546 883
f 888 1550 883
f 1551 1293 885
f 1549 1551 885
f 1552 1294 1293
f 1551 1552 1293
f 1553 1294 1552
f 1551 1553 1552
f 1554 1294 1553
f 1551 1554 1553
f 895 1550 888
f 1554 1296 1294
f 1554 1298 1296
f 1555 1298 1554
f 1556 1555 1554
f 1551 1556 1554
f 1557 1558 1555
f 1558 1298 1555
f 1556 1557 1555
f 1559 1558 1557
f 1556 1559 1557
f 1558 1300 1298
f 1560 1300 1558
f 1559 1561 1558
f 1561 1560 1558
f 1562 1550 895
f 1563 1562 895
f 897 1563 895
f 1564 1563 897
f 905 1564 897
f 1565 1305 1300
f 1560 1565 1300
f 1566 1565 1560
f 1567 1566 1560
f 1561 1567 1560
f 906 1564 905
f 1568 1544 1565
f 1544 1305 1565
f 1566 1568 1565
f 1568 1545 1544
f 1569 1567 1561
f 1559 1569 1561
f 906 1570 1564
f 1570 1563 1564
f 1571 1567 1569
f 1572 1571 1569
f 1573 1572 1569
f 1559 1573 1569
f 1574 1562 1563
f 1570 1574 1563
f 1575 1550 1562
f 1576 1575 1562
f 1574 1576 1562
f 1556 1573 1559
f 1575 1546 1550
f 1577 1547 1546
f 1575 1577 1546
f 1577 1578 1547
f 1578 1579 1547
f 1579 1548 1547
f 1580 1573 1556
f 1551 1580 1556
f 1581 1580 1551
f 1549 1581 1551
f 1579 1582 1549
f 1548 1579 1549
f 1582 1581 1549
f 1578 1583 1579
f 1583 1582 1579
f 1584 1585 1570
f 906 1584 1570
f 1585 1574 1570
f 1586 1576 1574
f 1585 1586 1574
f 1587 1588 1576
f 1589 1575 1576
f 1588 1589 1576
f 1586 1587 1576
f 1590 1573 1580
f 1581 1590 1580
f 1589 1577 1575
f 1591 1578 1577
f 1589 1591 1577
f 1578 1592 1583
f 1592 1582 1583
f 1591 1593 1578
f 1593 1592 1578
f 1594 906 907
f 1595 1594 907
f 723 1596 907
f 1596 1597 907
f 1597 1595 907
f 1598 1596 723
f 724 1598 723
f 1599 1598 724
f 726 1599 724
f 1600 1599 726
f 725 1600 726
f 727 1601 725
f 1601 1602 725
f 1602 1600 725
f 1603 1601 727
f 728 1603 727
f 1604 1603 728
f 908 1604 728
f 909 1604 908
f 1605 909 910
f 730 1606 910
f 1606 1607 910
f 1607 1605 910
f 1608 1606 730
f 731 1608 730
f 1609 1608 731
f 733 1609 731
f 1610 1609 733
f 732 1610 733
f 734 1611 732
f 1611 1612 732
f 1612 1610 732
f 1613 1611 734
f 735 1613 734
f 1614 1613 735
f 911 1614 735
f 912 1614 911
f 1615 912 913
f 737 1616 913
f 1616 1617 913
f 1617 1615 913
f 1618 1616 737
f 738 1618 737
f 1619 1618 738
f 740 1619 738
f 1620 1619 740
f 739 1620 740
f 741 1621 739
f 1621 1622 739
f 1622 1620 739
f 1623 1621 741
f 742 1623 741
f 1624 1623 742
f 914 1624 742
f 915 1624 914
f 1625 915 916
f 744 1625 916
f 745 1626 744
f 1626 1625 744
f 746 1626 745
f 747 1627 746
f 1627 1626 746
f 748 1627 747
f 750 1627 748
f 1628 1629 750
f 749 1628 750
f 1630 1631 750
f 1629 1630 750
f 1631 1627 750
f 752 1632 749
f 1632 1633 749
f 1633 1628 749
f 751 1632 752
f 753 1632 751
f 1634 1632 753
f 754 1634 753
f 755 1634 754
f 1635 1634 755
f 917 1635 755
f 918 1635 917
f 1636 918 919
f 757 1637 919
f 1637 1638 919
f 1638 1636 919
f 1639 1637 757
f 758 1639 757
f 1640 1639 758
f 760 1640 758
f 1641 1640 760
f 759 1641 760
f 761 1642 759
f 1642 1643 759
f 1643 1641 759
f 1644 1642 761
f 762 1644 761
f 1645 1644 762
f 920 1645 762
f 921 1645 920
f 1646 921 922
f 764 1646 922
f 765 1647 764
f 1647 1646 764
f 766 1647 765
f 767 1648 766
f 1648 1647 766
f 768 1648 767
f 770 1648 768
f 1649 1650 770
f 769 1649 770
f 1651 1652 770
f 1650 1651 770
f 1652 1648 770
f 772 1653 769
f 1653 1654 769
f 1654 1649 769
f 771 1653 772
f 773 1653 771
f 1655 1653 773
f 774 1655 773
f 775 1655 774
f 1656 1655 775
f 923 1656 775
f 1657 1656 923
f 924 1657 923
f 778 1657 924
f 779 1658 778
f 1658 1657 778
f 780 1658 779
f 781 1659 780
f 1659 1658 780
f 782 1659 781
f 784 1659 782
f 1660 1661 784
f 1662 1660 784
f 1661 1659 784
f 1663 1662 784
f 783 1663 784
f 786 1664 783
f 1664 1665 783
f 1665 1663 783
f 785 1664 786
f 787 1664 785
f 1666 1664 787
f 788 1666 787
f 789 1666 788
f 1667 1666 789
f 925 1667 789
f 926 1667 925
f 1668 926 927
f 791 1668 927
f 792 1669 791
f 1669 1668 791
f 793 1669 792
f 794 1670 793
f 1670 1669 793
f 795 1670 794
f 797 1670 795
f 1671 1672 797
f 796 1671 797
f 1673 1674 797
f 1672 1673 797
f 1674 1670 797
f 799 1675 796
f 1675 1676 796
f 1676 1671 796
f 798 1675 799
f 800 1675 798
f 1677 1675 800
f 801 1677 800
f 802 1677 801
f 1678 1677 802
f 928 1678 802
f 929 1678 928
f 1679 929 930
f 804 1680 930
f 1680 1681 930
f 1681 1679 930
f 1682 1680 804
f 805 1682 804
f 1683 1682 805
f 807 1683 805
f 1684 1683 807
f 806 1684 807
f 808 1685 806
f 1685 1686 806
f 1686 1684 806
f 1687 1685 808
f 809 1687 808
f 1688 1687 809
f 931 1688 809
f 932 1688 931
f 1689 932 933
f 811 1689 933
f 812 1690 811
f 1690 1689 811
f 813 1690 812
f 814 1691 813
f 1691 1690 813
f 815 1691 814
f 817 1691 815
f 1692 1693 817
f 816 1692 817
f 1694 1695 817
f 1693 1694 817
f 1695 1691 817
f 819 1696 816
f 1696 1697 816
f 1697 1692 816
f 818 1696 819
f 820 1696 818
f 1698 1696 820
f 821 1698 820
f 822 1698 821
f 1699 1698 822
f 934 1699 822
f 935 1699 934
f 1700 935 936
f 824 1700 936
f 825 1701 824
f 1701 1700 824
f 826 1701 825
f 827 1702 826
f 1702 1701 826
f 828 1702 827
f 830 1702 828
f 1703 1704 830
f 829 1703 830
f 1705 1706 830
f 1704 1705 830
f 1706 1702 830
f 832 1707 829
f 1707 1708 829
f 1708 1703 829
f 831 1707 832
f 833 1707 831
f 1709 1707 833
f 834 1709 833
f 835 1709 834
f 1710 1709 835
f 937 1710 835
f 938 1710 937
f 1711 938 939
f 837 1712 939
f 1712 1713 939
f 1713 1711 939
f 1714 1712 837
f 838 1714 837
f 1715 1714 838
f 840 1715 838
f 1716 1715 840
f 839 1716 840
f 841 1717 839
f 1717 1718 839
f 1718 1716 839
f 1719 1717 841
f 842 1719 841
f 1720 1719 842
f 940 1720 842
f 941 1720 940
f 1721 941 942
f 844 1722 942
f 1722 1723 942
f 1723 1721 942
f 1724 1722 844
f 845 1724 844
f 1725 1724 845
f 847 1725 845
f 1726 1725 847
f 846 1726 847
f 848 1727 846
f 1727 1728 846
f 1728 1726 846
f 1729 1727 848
f 849 1729 848
f 1730 1729 849
f 943 1730 849
f 952 1730 943
f 1731 1590 1581
f 1582 1731 1581
f 1732 1571 1572
f 1573 1732 1572
f 1588 1591 1589
f 1592 1733 1582
f 1733 1734 1582
f 1734 1731 1582
f 1593 1733 1592
f 1573 1571 1732
f 1584 1735 1585
f 1735 1586 1585
f 1631 1626 1627
f 1652 1647 1648
f 1661 1658 1659
f 1674 1669 1670
f 1695 1690 1691
f 1706 1701 1702
f 1736 1597 1596
f 1598 1736 1596
f 1737 1602 1601
f 1603 1737 1601
f 1738 1607 1606
f 1608 1738 1606
f 1739 1612 1611
f 1613 1739 1611
f 1740 1617 1616
f 1618 1740 1616
f 1741 1622 1621
f 1623 1741 1621
f 1742 1633 1632
f 1634 1742 1632
f 1743 1638 1637
f 1639 1743 1637
f 1744 1643 1642
f 1644 1744 1642
f 1745 1654 1653
f 1655 1745 1653
f 1746 1665 1664
f 1666 1746 1664
f 1747 1676 1675
f 1677 1747 1675
f 1748 1681 1680
f 1682 1748 1680
f 1749 1686 1685
f 1687 1749 1685
f 1750 1697 1696
f 1698 1750 1696
f 1751 1708 1707
f 1709 1751 1707
f 1752 1713 1712
f 1714 1752 1712
f 1753 1718 1717
f 1719 1753 1717
f 1754 1723 1722
f 1724 1754 1722
f 1755 1728 1727
f 1729 1755 1727
f 1631 1756 1626
f 1756 1625 1626
f 1652 1757 1647
f 1757 1646 1647
f 1661 1758 1658
f 1758 1657 1658
f 1674 1759 1669
f 1759 1668 1669
f 1695 1760 1690
f 1760 1689 1690
f 1706 1761 1701
f 1761 1700 1701
f 1630 1756 1631
f 1651 1757 1652
f 1660 1758 1661
f 1673 1759 1674
f 1694 1760 1695
f 1705 1761 1706
f 1762 915 1625
f 1756 1762 1625
f 1763 921 1646
f 1757 1763 1646
f 1764 1656 1657
f 1758 1764 1657
f 1765 926 1668
f 1759 1765 1668
f 1766 932 1689
f 1760 1766 1689
f 1767 935 1700
f 1761 1767 1700
f 1768 1587 1586
f 1735 1768 1586
f 1769 1571 1573
f 1590 1769 1573
f 1736 1770 1597
f 1770 1595 1597
f 1771 1736 1598
f 1599 1771 1598
f 1737 1772 1602
f 1772 1600 1602
f 1773 1737 1603
f 1604 1773 1603
f 1738 1774 1607
f 1774 1605 1607
f 1775 1738 1608
f 1609 1775 1608
f 1739 1776 1612
f 1776 1610 1612
f 1777 1739 1613
f 1614 1777 1613
f 1740 1778 1617
f 1778 1615 1617
f 1779 1740 1618
f 1619 1779 1618
f 1741 1780 1622
f 1780 1620 1622
f 1781 1741 1623
f 1624 1781 1623
f 1782 1628 1633
f 1742 1782 1633
f 1783 1742 1634
f 1635 1783 1634
f 1743 1784 1638
f 1784 1636 1638
f 1785 1743 1639
f 1640 1785 1639
f 1744 1786 1643
f 1786 1641 1643
f 1787 1744 1644
f 1645 1787 1644
f 1788 1649 1654
f 1745 1788 1654
f 1789 1745 1655
f 1656 1789 1655
f 1790 1663 1665
f 1746 1790 1665
f 1791 1746 1666
f 1667 1791 1666
f 1792 1671 1676
f 1747 1792 1676
f 1793 1747 1677
f 1678 1793 1677
f 1748 1794 1681
f 1794 1679 1681
f 1795 1748 1682
f 1683 1795 1682
f 1749 1796 1686
f 1796 1684 1686
f 1797 1749 1687
f 1688 1797 1687
f 1798 1692 1697
f 1750 1798 1697
f 1799 1750 1698
f 1699 1799 1698
f 1800 1703 1708
f 1751 1800 1708
f 1801 1751 1709
f 1710 1801 1709
f 1752 1802 1713
f 1802 1711 1713
f 1803 1752 1714
f 1715 1803 1714
f 1753 1804 1718
f 1804 1716 1718
f 1805 1753 1719
f 1720 1805 1719
f 1754 1806 1723
f 1806 1721 1723
f 1807 1754 1724
f 1725 1807 1724
f 1755 1808 1728
f 1808 1726 1728
f 1809 1755 1729
f 1730 1809 1729
f 1810 1756 1630
f 1629 1810 1630
f 1811 1757 1651
f 1650 1811 1651
f 1812 1758 1660
f 1662 1812 1660
f 1813 1759 1673
f 1672 1813 1673
f 1814 1760 1694
f 1693 1814 1694
f 1815 1761 1705
f 1704 1815 1705
f 1816 1594 1595
f 1770 1816 1595
f 1772 1771 1599
f 1600 1772 1599
f 909 1773 1604
f 1774 909 1605
f 1776 1775 1609
f 1610 1776 1609
f 912 1777 1614
f 1778 912 1615
f 1780 1779 1619
f 1620 1780 1619
f 915 1781 1624
f 1782 1817 1629
f 1628 1782 1629
f 1817 1810 1629
f 918 1783 1635
f 1784 918 1636
f 1786 1785 1640
f 1641 1786 1640
f 921 1787 1645
f 1788 1818 1650
f 1649 1788 1650
f 1818 1811 1650
f 926 1789 1656
f 1764 1819 1656
f 1819 926 1656
f 1820 1812 1662
f 1790 1820 1662
f 1663 1790 1662
f 926 1791 1667
f 1792 1821 1672
f 1671 1792 1672
f 1821 1813 1672
f 929 1793 1678
f 1794 929 1679
f 1796 1795 1683
f 1684 1796 1683
f 932 1797 1688
f 1798 1822 1693
f 1692 1798 1693
f 1822 1814 1693
f 935 1799 1699
f 1800 1823 1704
f 1703 1800 1704
f 1823 1815 1704
f 938 1801 1710
f 1802 938 1711
f 1804 1803 1715
f 1716 1804 1715
f 941 1805 1720
f 1806 941 1721
f 1808 1807 1725
f 1726 1808 1725
f 952 1809 1730
f 1824 1825 1587
f 1825 1588 1587
f 1768 1824 1587
f 1593 1826 1733
f 1826 1734 1733
f 1810 1762 1756
f 1811 1763 1757
f 1812 1764 1758
f 1813 1765 1759
f 1814 1766 1760
f 1815 1767 1761
f 1827 915 1762
f 1810 1827 1762
f 1828 921 1763
f 1811 1828 1763
f 1812 1819 1764
f 1829 926 1765
f 1813 1829 1765
f 1830 932 1766
f 1814 1830 1766
f 1831 935 1767
f 1815 1831 1767
f 1832 1769 1590
f 1731 1832 1590
f 1833 1770 1736
f 1771 1833 1736
f 1834 1772 1737
f 1773 1834 1737
f 1835 1774 1738
f 1775 1835 1738
f 1836 1776 1739
f 1777 1836 1739
f 1837 1778 1740
f 1779 1837 1740
f 1838 1780 1741
f 1781 1838 1741
f 1839 1782 1742
f 1783 1839 1742
f 1840 1784 1743
f 1785 1840 1743
f 1841 1786 1744
f 1787 1841 1744
f 1842 1788 1745
f 1789 1842 1745
f 1843 1790 1746
f 1791 1843 1746
f 1844 1792 1747
f 1793 1844 1747
f 1845 1794 1748
f 1795 1845 1748
f 1846 1796 1749
f 1797 1846 1749
f 1847 1798 1750
f 1799 1847 1750
f 1848 1800 1751
f 1801 1848 1751
f 1849 1802 1752
f 1803 1849 1752
f 1850 1804 1753
f 1805 1850 1753
f 1851 1806 1754
f 1807 1851 1754
f 1852 1808 1755
f 1809 1852 1755
f 1817 1827 1810
f 1818 1828 1811
f 1820 1819 1812
f 1821 1829 1813
f 1822 1830 1814
f 1823 1831 1815
f 1584 1768 1735
f 1853 1567 1571
f 1769 1853 1571
f 1854 1816 1770
f 1833 1854 1770
f 1834 1833 1771
f 1772 1834 1771
f 909 1834 1773
f 1835 909 1774
f 1836 1835 1775
f 1776 1836 1775
f 912 1836 1777
f 1837 912 1778
f 1838 1837 1779
f 1780 1838 1779
f 915 1838 1781
f 1839 1855 1817
f 1782 1839 1817
f 1855 1827 1817
f 918 1839 1783
f 1840 918 1784
f 1841 1840 1785
f 1786 1841 1785
f 921 1841 1787
f 1842 1856 1818
f 1788 1842 1818
f 1856 1828 1818
f 926 1842 1789
f 1857 1819 1820
f 1843 1857 1820
f 1790 1843 1820
f 926 1843 1791
f 1844 1858 1821
f 1792 1844 1821
f 1858 1829 1821
f 929 1844 1793
f 1845 929 1794
f 1846 1845 1795
f 1796 1846 1795
f 932 1846 1797
f 1847 1859 1822
f 1798 1847 1822
f 1859 1830 1822
f 935 1847 1799
f 1848 1860 1823
f 1800 1848 1823
f 1860 1831 1823
f 938 1848 1801
f 1849 938 1802
f 1850 1849 1803
f 1804 1850 1803
f 941 1850 1805
f 1851 941 1806
f 1852 1851 1807
f 1808 1852 1807
f 952 1852 1809
f 1855 915 1827
f 1856 921 1828
f 1857 926 1819
f 1858 926 1829
f 1859 932 1830
f 1860 935 1831
f 1861 1832 1731
f 1734 1861 1731
f 1825 1591 1588
f 909 1854 1833
f 1834 909 1833
f 912 909 1835
f 1836 912 1835
f 915 912 1837
f 1838 915 1837
f 918 915 1855
f 1839 918 1855
f 921 918 1840
f 1841 921 1840
f 1842 921 1856
f 926 921 1842
f 1843 926 1857
f 929 926 1858
f 1844 929 1858
f 932 929 1845
f 1846 932 1845
f 935 932 1859
f 1847 935 1859
f 938 935 1860
f 1848 938 1860
f 941 938 1849
f 1850 941 1849
f 1852 941 1851
f 952 941 1852
f 1862 1824 1768
f 1584 1862 1768
f 1863 1864 1734
f 1826 1863 1734
f 1864 1861 1734
f 1825 1865 1591
f 1865 1593 1591
f 1866 1863 1826
f 1593 1866 1826
f 1865 1866 1593
f 1867 1868 1824
f 1868 1825 1824
f 1862 1867 1824
f 906 1862 1584
f 1869 1853 1769
f 1832 1869 1769
f 1594 1870 906
f 1870 1862 906
f 1869 1567 1853
f 1869 1871 1567
f 1871 1566 1567
f 1870 1867 1862
f 1816 1870 1594
f 1866 1872 1863
f 1872 1864 1863
f 1873 1869 1832
f 1861 1873 1832
f 1874 1875 1867
f 1875 1868 1867
f 1870 1874 1867
f 1871 1568 1566
f 1871 1545 1568
f 1876 362 157
f 146 1876 157
f 1876 361 362
f 1876 1877 361
f 1877 1878 361
f 1878 368 361
f 1878 1879 368
f 1879 369 368
f 369 141 171
f 1879 141 369
f 1854 1880 1816
f 1880 1870 1816
f 1868 1865 1825
f 909 1881 1854
f 1881 1880 1854
f 912 1881 909
f 915 1881 912
f 918 1881 915
f 921 1881 918
f 926 1881 921
f 929 1881 926
f 932 1881 929
f 935 1881 932
f 938 1881 935
f 941 1881 938
f 952 1881 941
f 1882 1883 952
f 970 1882 952
f 1883 1881 952
f 186 1882 970
f 185 1884 186
f 1884 1882 186
f 1880 1874 1870
f 187 1885 185
f 1885 1884 185
f 1884 1883 1882
f 184 1885 187
f 183 1885 184
f 1868 1886 1865
f 1886 1866 1865
f 1885 1887 1884
f 1887 1888 1884
f 1888 1883 1884
f 1889 1873 1861
f 1864 1889 1861
f 1866 1890 1872
f 1890 1864 1872
f 1891 1885 183
f 168 1891 183
f 1886 1892 1866
f 1892 1890 1866
f 1893 1871 1869
f 1894 1893 1869
f 1873 1894 1869
f 1891 1895 1885
f 1895 1887 1885
f 1879 142 141
f 137 1891 168
f 1881 1896 1880
f 1896 1897 1880
f 1897 1874 1880
f 136 1891 137
f 1897 1898 1874
f 1898 1875 1874
f 1899 1900 1864
f 1890 1899 1864
f 1900 1889 1864
f 1889 1894 1873
f 140 1891 136
f 139 1901 140
f 1901 1902 140
f 1902 1903 140
f 1903 1891 140
f 1888 1904 1883
f 1904 1881 1883
f 1904 1896 1881
f 1892 1899 1890
f 1905 1906 1904
f 1888 1905 1904
f 1906 1896 1904
f 1907 1905 1888
f 1887 1907 1888
f 109 1876 146
f 1893 1543 1545
f 1871 1893 1545
f 1892 1908 1899
f 1908 1900 1899
f 1909 1907 1887
f 1895 1909 1887
f 109 1910 1876
f 1910 1877 1876
f 1878 1911 1879
f 138 142 1879
f 1912 138 1879
f 1913 1912 1879
f 1911 1913 1879
f 1893 1914 1543
f 1914 108 1543
f 108 1910 109
f 1915 1914 1893
f 1894 1915 1893
f 1912 139 138
f 1896 1916 1897
f 1916 1917 1897
f 1917 1898 1897
f 1903 1895 1891
f 1912 1901 139
f 1918 1916 1896
f 1906 1918 1896
f 1919 1918 1906
f 1905 1919 1906
f 1907 1919 1905
f 1875 1920 1868
f 1920 1886 1868
f 1913 1901 1912
f 1921 1894 1889
f 1900 1921 1889
f 1909 1922 1907
f 1922 1919 1907
f 1921 1915 1894
f 1913 1902 1901
f 1895 1922 1909
f 1913 1903 1902
f 1923 1922 1895
f 1903 1924 1895
f 1924 1923 1895
f 1920 1892 1886
f 108 1925 1910
f 1925 1877 1910
f 1925 1926 1877
f 1926 1927 1877
f 1927 1878 1877
f 1927 1928 1878
f 1928 1911 1878
f 1929 1913 1911
f 1928 1929 1911
f 1930 1931 1903
f 1931 1924 1903
f 1913 1929 1903
f 1929 1930 1903
f 1920 1932 1892
f 1932 1908 1892
f 1908 1933 1900
f 1933 1921 1900
f 1934 1914 1915
f 1921 1935 1915
f 1935 1934 1915
f 1932 1936 1908
f 1936 1933 1908
f 1914 1937 108
f 1937 1925 108
f 1923 1938 1922
f 1939 1919 1922
f 1940 1939 1922
f 1938 1940 1922
f 1934 1937 1914
f 1931 1923 1924
f 1931 1941 1923
f 1941 1940 1923
f 1940 1938 1923
f 1898 1920 1875
f 1933 1935 1921
f 1917 1920 1898
f 1937 1942 1925
f 1942 1926 1925
f 1927 1943 1928
f 1930 1929 1928
f 1944 1930 1928
f 1945 1944 1928
f 1943 1945 1928
f 1934 1946 1937
f 1946 1942 1937
f 1932 1947 1936
f 1947 1933 1936
f 1948 1946 1934
f 1935 1948 1934
f 1941 1939 1940
f 1949 1919 1939
f 1941 1950 1939
f 1950 1949 1939
f 1944 1931 1930
f 1945 1951 1944
f 1951 1931 1944
f 1947 1952 1933
f 1952 1953 1933
f 1953 1954 1933
f 1954 1935 1933
f 1951 1950 1931
f 1950 1941 1931
f 1955 1948 1935
f 1954 1955 1935
f 1948 1956 1946
f 1957 1942 1946
f 1956 1957 1946
f 1917 1958 1920
f 1958 1932 1920
f 1932 1952 1947
f 1955 1956 1948
f 1932 1953 1952
f 1916 1958 1917
f 1958 1959 1932
f 1959 1953 1932
f 1950 1960 1949
f 1960 1919 1949
f 1960 1961 1919
f 1961 1918 1919
f 1918 1962 1916
f 1962 1958 1916
f 1961 1962 1918
f 1957 1926 1942
f 1963 1927 1926
f 1957 1963 1926
f 1963 1964 1927
f 1964 1943 1927
f 1965 1945 1943
f 1964 1965 1943
f 1951 1960 1950
f 1966 1967 1954
f 1953 1968 1954
f 1968 1966 1954
f 1967 1955 1954
f 1969 1963 1957
f 1956 1969 1957
f 1970 1965 1964
f 1963 1970 1964
f 1962 1959 1958
f 1965 1971 1951
f 1945 1965 1951
f 1971 1960 1951
f 1972 1968 1953
f 1959 1972 1953
f 1970 1971 1965
f 1955 1969 1956
f 1967 1969 1955
f 1972 1966 1968
f 1967 1973 1969
f 1973 1963 1969
f 1966 1973 1967
f 1974 1961 1960
f 1971 1974 1960
f 1962 1972 1959
f 1974 1962 1961
f 1974 1972 1962
f 1975 1972 1974
f 1971 1975 1974
f 1963 1976 1970
f 1976 1971 1970
f 1976 1975 1971
f 1976 1972 1975
f 1973 1966 1972
f 1976 1973 1972
f 1976 1963 1973
f 1977 1978 1979
f 1978 1980 1979
f 1980 1981 1979
f 1977 1982 1978
f 1980 1983 1981
f 1983 1984 1981
f 1985 1982 1977
f 1985 1986 1982
f 1983 1987 1984
f 1987 1988 1984
f 1989 1986 1985
f 1989 1990 1986
f 1987 1991 1988
f 1991 1992 1988
f 1993 1990 1989
f 1993 1994 1990
f 1991 1995 1992
f 1995 1996 1992
f 1997 1994 1993
f 1997 1998 1994
f 1995 1999 1996
f 1999 2000 1996
f 2001 1998 1997
f 2001 2002 1998
f 1999 2003 2000
f 2003 2004 2000
f 2005 2002 2001
f 2005 2006 2002
f 2003 2007 2004
f 2007 2008 2004
f 2009 2006 2005
f 2009 2010 2006
f 2007 2011 2008
f 2011 2012 2008
f 2013 2010 2009
f 2013 2014 2010
f 2011 2015 2012
f 2015 2016 2012
f 2017 2014 2013
f 2017 2018 2014
f 2015 2019 2016
f 2019 2020 2016
f 2021 2018 2017
f 2021 2022 2018
f 2023 2024 2020
f 2019 2023 2020
f 2025 2022 2021
f 2025 2026 2022
f 2023 2027 2024
f 2027 2028 2024
f 2029 2026 2025
f 2029 2030 2026
f 2027 2031 2028
f 2031 2032 2028
f 2033 2030 2029
f 2033 2034 2030
f 2031 2035 2032
f 2035 2036 2032
f 2037 2034 2033
f 2037 2038 2034
f 2035 2039 2036
f 2039 2040 2036
f 2041 2038 2037
f 2041 2042 2038
f 2039 2043 2040
f 2043 2044 2040
f 2045 2042 2041
f 2045 2046 2042
f 2043 2047 2044
f 2047 2048 2044
f 2049 2046 2045
f 2049 2050 2046
f 2047 2051 2048
f 2051 2052 2048
f 2053 2050 2049
f 2053 2054 2050
f 2051 2055 2052
f 2055 2056 2052
f 2057 2054 2053
f 2057 2058 2054
f 2055 2059 2056
f 2059 2060 2056
f 2061 2058 2057
f 2061 2062 2058
f 2059 2062 2060
f 2062 2061 2060

