# https://github.com/mikedh/trimesh

o link6.STL
v 0.04400000 0.00171912 -0.00974961
v 0.04400000 -0.00266884 -0.02234115
v 0.04400000 0.00266884 -0.02234115
v 0.04400000 0.00785632 -0.02108385
v 0.04199999 0.00785632 -0.02108385
v 0.04199999 0.00266884 -0.02234115
v 0.04400000 -0.00171912 -0.00974961
v 0.04400000 -0.00785632 -0.02108385
v 0.04199999 -0.00266884 -0.02234115
v 0.04199999 0.01325000 -0.01125001
v 0.04199999 -0.00785632 -0.02108385
v 0.04400000 0.00495000 -0.00857364
v 0.04400000 0.01260166 -0.01863997
v 0.04199999 0.01260166 -0.01863997
v 0.04400000 -0.01260166 -0.01863997
v 0.04199999 -0.01260166 -0.01863997
v 0.04199999 -0.01325000 -0.01125001
v 0.04400000 0.00758384 -0.00636359
v 0.04400000 0.01663781 -0.01514705
v 0.04199999 0.01663781 -0.01514705
v 0.04400000 -0.01663781 -0.01514705
v 0.04199999 0.02075000 -0.00985999
v 0.04199999 -0.02075000 -0.00985999
v 0.04199999 -0.01425000 -0.01024999
v 0.04199999 -0.01663781 -0.01514705
v 0.04400000 0.00930296 -0.00338601
v 0.04400000 0.02026506 -0.01191251
v 0.04400000 -0.02026506 -0.01191251
v 0.04199999 -0.02026506 -0.01191251
v 0.04199999 0.02026506 -0.01191251
v 0.04400000 0.02448224 -0.00949697
v 0.04400000 -0.02448224 -0.00949697
v 0.04199999 -0.02448224 -0.00949697
v 0.04199999 0.02275000 -0.00985999
v 0.04199999 0.02448224 -0.00949697
v 0.04199999 -0.02275000 -0.00985999
v 0.00717157 0.02275000 -0.01186000
v 0.00717157 0.02275000 0.03594999
v 0.03999999 0.02275000 -0.01186000
v 0.04100000 0.02275000 -0.01159205
v 0.04199999 0.02275000 0.01555295
v 0.03999999 0.02075000 -0.01186000
v 0.04100000 0.02075000 -0.01159205
v 0.04173204 0.02075000 -0.01086001
v 0.04199999 0.02075000 0.01624133
v 0.00800001 0.02075000 -0.01186000
v 0.04100000 -0.02075000 -0.01159205
v 0.03999999 -0.02275000 -0.01186000
v 0.03999999 -0.02075000 -0.01186000
v 0.00800001 -0.02075000 -0.01186000
v 0.00800001 -0.02075000 0.03594999
v 0.04199999 -0.02075000 0.01624133
v 0.04100000 -0.02275000 -0.01159205
v 0.04173204 -0.02275000 -0.01086001
v 0.04199999 -0.02275000 0.01555295
v 0.00717157 -0.02275000 -0.01186000
v 0.00800001 0.02075000 0.03594999
v 0.00200000 0.01475000 -0.01186000
v -0.00000000 0.01557843 -0.01186000
v 0.00200000 0.01475000 0.03594999
v 0.00200000 -0.01475000 -0.01186000
v 0.00717157 -0.02275000 0.03594999
v -0.00000000 -0.01557843 0.03594999
v -0.00000000 -0.01557843 -0.01186000
v 0.00200000 0.00415000 0.00000001
v 0.00200000 0.00359401 -0.00207500
v 0.00200000 0.00000000 -0.00414999
v 0.00200000 0.00207500 -0.00359400
v 0.00200000 0.00359401 0.00207500
v 0.00200000 -0.01475000 0.03594999
v 0.00200000 -0.00207500 -0.00359400
v 0.00200000 -0.00359401 -0.00207500
v 0.00200000 -0.00415000 0.00000001
v -0.00000000 0.01557843 0.03594999
v -0.00000000 0.00000000 -0.00414999
v -0.00000000 0.00207500 -0.00359400
v -0.00000000 0.00359401 -0.00207500
v -0.00000000 0.00415000 0.00000001
v -0.00000000 -0.00207500 -0.00359400
v -0.00000000 -0.00359401 -0.00207500
v -0.00000000 -0.00359401 0.00207500
v -0.00000000 -0.00415000 0.00000001
v 0.04699999 0.00000069 -0.01175000
v 0.05020001 0.00124684 -0.01168366
v 0.05020001 -0.00000000 -0.01175000
v 0.04699999 -0.00062691 -0.01173325
v 0.05020001 -0.00124684 -0.01168366
v 0.05039134 -0.00124280 -0.01164581
v 0.05039134 0.00124280 -0.01164581
v 0.04649999 -0.00060023 -0.01123397
v 0.04699999 0.00174821 -0.01150029
v 0.04699999 -0.00173473 -0.01148324
v 0.05020001 0.00175559 -0.01157384
v 0.05020001 -0.00175559 -0.01157384
v 0.05039134 0.00367241 -0.01112129
v 0.05055356 -0.00123130 -0.01153804
v 0.05055356 0.00123130 -0.01153804
v 0.05020001 -0.00368435 -0.01115741
v 0.05039134 -0.00367241 -0.01112129
v 0.05055356 -0.00363843 -0.01101835
v 0.04173204 0.02275000 -0.01086001
v 0.04173204 -0.02075000 -0.01086001
v 0.05020001 0.00368435 -0.01115741
v 0.04699999 -0.00447355 -0.01086508
v 0.05055356 0.00363843 -0.01101835
v 0.05066195 -0.00121408 -0.01137675
v 0.05066195 0.00121408 -0.01137675
v 0.05066195 -0.00358757 -0.01086433
v 0.04649999 0.00315033 -0.01079990
v 0.04699999 0.00329034 -0.01127990
v 0.04649999 -0.00428319 -0.01040273
v 0.05066195 0.00358757 -0.01086433
v 0.05070001 -0.00119378 -0.01118650
v 0.05070001 0.00119378 -0.01118650
v 0.05070001 -0.00352757 -0.01068263
v 0.04699999 0.00506246 -0.01041855
v 0.05020001 0.00510970 -0.01051189
v 0.04199999 0.01425000 -0.01024999
v 0.00800001 0.01325000 -0.01125001
v 0.00800001 -0.01325000 -0.01125001
v 0.00800001 -0.01425000 -0.01024999
v 0.00800001 0.01425000 -0.01024999
v 0.04649999 -0.00178858 -0.01014353
v 0.04649999 -0.00515000 -0.00892006
v 0.05070001 0.00352757 -0.01068263
v 0.05070001 -0.01025793 -0.00284429
v 0.04699999 -0.00508247 -0.01048400
v 0.05020001 -0.00510970 -0.01051189
v 0.05039134 0.00593663 -0.01009585
v 0.05039134 -0.00593663 -0.01009585
v 0.05055356 -0.00588169 -0.01000242
v 0.05055356 0.00588169 -0.01000242
v 0.05066195 -0.00579946 -0.00986259
v 0.05066195 0.00579946 -0.00986259
v 0.05070001 -0.00570247 -0.00969763
v 0.04649999 0.00178858 -0.01014353
v 0.04649999 0.00654606 -0.00914942
v 0.04699999 0.00683699 -0.00955604
v 0.05070001 0.00570247 -0.00969763
v 0.05020001 0.00595592 -0.01012866
v 0.05020001 -0.00595592 -0.01012866
v 0.04699999 -0.00781632 -0.00877313
v 0.04649999 -0.00748371 -0.00839980
v 0.04789999 -0.00795923 -0.00864367
v 0.04649999 -0.00789026 -0.00662072
v 0.04199999 0.01425000 0.01859637
v 0.02984533 0.01425000 0.00199999
v 0.03215471 0.01425000 0.00200002
v 0.03330940 0.01425000 0.00400002
v 0.04199999 -0.01425000 0.01859637
v 0.03215471 -0.01425000 0.02600001
v 0.03330940 -0.01425000 0.00400002
v 0.03215471 -0.01425000 0.00200002
v 0.00800001 0.01425000 0.03425001
v 0.01669061 0.01425000 0.02799998
v 0.01784533 0.01425000 0.02599998
v 0.02015471 0.01425000 0.02600001
v 0.02984527 0.01425000 0.00600000
v 0.02869060 0.01425000 0.00399996
v 0.03215471 0.01425000 0.02600001
v 0.02984533 0.01425000 0.02599998
v 0.00800001 -0.01425000 0.03425001
v 0.02984533 -0.01425000 0.00199999
v 0.02869060 -0.01425000 0.00399996
v 0.01784533 -0.01425000 0.02599998
v 0.04620000 0.00178858 -0.01014353
v 0.04620000 0.00515000 -0.00892006
v 0.04649999 0.00515000 -0.00892006
v 0.04620000 -0.00178858 -0.01014353
v 0.04580000 0.00495000 -0.00857364
v 0.04580000 0.00171912 -0.00974961
v 0.04580000 -0.00171912 -0.00974961
v 0.04620000 -0.00515000 -0.00892006
v 0.05020001 0.00795923 -0.00864367
v 0.05020001 -0.00795923 -0.00864367
v 0.05037304 -0.00793829 -0.00862093
v 0.05037340 0.00793586 -0.00861831
v 0.05039134 0.00793345 -0.00861569
v 0.05055356 -0.00786003 -0.00853594
v 0.05038929 -0.00793126 -0.00861330
v 0.05055356 0.00786003 -0.00853594
v 0.05065870 -0.00774875 -0.00841509
v 0.05066195 0.00775015 -0.00841661
v 0.05066642 0.00773491 -0.00840007
v 0.05066910 -0.00773777 -0.00840317
v 0.04199999 0.04794012 -0.00035603
v 0.04199999 0.04824907 -0.00099759
v 0.04199999 0.04880578 -0.00144155
v 0.04199999 0.04950000 -0.00160001
v 0.04199999 0.02910743 -0.00800468
v 0.04199999 0.04794012 0.00035603
v 0.04199999 0.04790000 0.00000001
v 0.04199999 -0.02910743 -0.00800468
v 0.04199999 -0.04790000 0.00000001
v 0.04580000 -0.00495000 -0.00857364
v 0.04400000 -0.00495000 -0.00857364
v 0.04400000 -0.04653590 0.00000001
v 0.04400000 -0.02910743 -0.00800468
v 0.05070001 0.00762054 -0.00827585
v 0.05070001 -0.00967653 -0.00097756
v 0.05070001 -0.00762054 -0.00827585
v 0.05070001 -0.01136814 -0.00445364
v 0.04699999 0.00793550 -0.00845941
v 0.04785370 0.00803639 -0.00856085
v 0.04789999 0.00795923 -0.00864367
v 0.04400000 0.00990000 0.00000001
v 0.04400000 0.02910743 -0.00800468
v 0.04649999 0.00920448 -0.00646837
v 0.04699999 0.00954444 -0.00685318
v 0.04620000 0.00789026 -0.00662072
v 0.04649999 0.00789026 -0.00662072
v 0.04580000 0.00758384 -0.00636359
v 0.04620000 -0.00789026 -0.00662072
v 0.04699999 -0.00802025 -0.00854655
v 0.04785022 -0.00803947 -0.00856353
v 0.05020001 0.00927999 -0.00761761
v 0.05037304 -0.00926314 -0.00759171
v 0.05020001 -0.00927999 -0.00761761
v 0.04789999 -0.00994662 -0.00721990
v 0.04789999 0.00925102 -0.00763653
v 0.04777440 0.00842713 -0.00822075
v 0.04784482 -0.00815751 -0.00846188
v 0.05037406 0.00926294 -0.00759141
v 0.05055356 -0.00920014 -0.00749485
v 0.04580000 -0.00758384 -0.00636359
v 0.04400000 -0.00758384 -0.00636359
v 0.04774513 -0.00820883 -0.00839441
v 0.04774811 0.00821232 -0.00837199
v 0.04649999 -0.00967270 -0.00574468
v 0.04699999 -0.00954445 -0.00685318
v 0.04764670 -0.00836745 -0.00823598
v 0.04758387 -0.00846871 -0.00813486
v 0.04748168 -0.00863342 -0.00797035
v 0.04743766 -0.00871667 -0.00786828
v 0.04740715 -0.00877438 -0.00779749
v 0.04731455 -0.00894954 -0.00758271
v 0.04720154 -0.00916329 -0.00732060
v 0.04718926 -0.00918649 -0.00729214
v 0.04706367 -0.00942402 -0.00700085
v 0.05055523 0.00919923 -0.00749345
v 0.04777458 -0.00842667 -0.00822021
v 0.04769557 -0.00839067 -0.00823020
v 0.04704806 0.00943931 -0.00699206
v 0.04714891 0.00921861 -0.00728355
v 0.04716408 0.00918543 -0.00732736
v 0.04717171 0.00917271 -0.00734104
v 0.04729402 0.00896894 -0.00755976
v 0.04741698 0.00876405 -0.00777973
v 0.04744508 0.00871722 -0.00782998
v 0.04759591 0.00846590 -0.00809978
v 0.04766178 0.00835616 -0.00821759
v 0.05067035 0.00909984 -0.00734068
v 0.05066910 -0.00910171 -0.00734358
v 0.05070001 -0.00900734 -0.00719850
v 0.04769256 0.00838952 -0.00823085
v 0.05070001 0.00900734 -0.00719850
v 0.04773521 0.00857315 -0.00808875
v 0.04757419 0.00885562 -0.00778274
v 0.04764628 0.00890441 -0.00778933
v 0.04771894 -0.00863991 -0.00802876
v 0.04749646 -0.00881589 -0.00778709
v 0.04757699 -0.00885730 -0.00778280
v 0.04749357 0.00881462 -0.00778745
v 0.04773038 0.00923476 -0.00761174
v 0.04771193 -0.00992904 -0.00718765
v 0.04764953 -0.00890584 -0.00778998
v 0.04400000 0.03394112 -0.00750001
v 0.04400000 -0.03394112 -0.00750001
v 0.04199999 -0.03394112 -0.00750001
v 0.04199999 0.03394112 -0.00750001
v 0.04199999 -0.04811436 -0.00080000
v 0.04741901 -0.00877999 -0.00779633
v 0.04732826 -0.00922638 -0.00732146
v 0.04740762 -0.00927166 -0.00732584
v 0.04759773 -0.00910435 -0.00761177
v 0.04758703 0.00918888 -0.00753696
v 0.04740497 0.00926991 -0.00732552
v 0.04732540 0.00922501 -0.00732152
v 0.04747843 -0.00932618 -0.00734104
v 0.04747605 0.00932406 -0.00734033
v 0.05020001 0.01107707 -0.00669350
v 0.04789999 0.01107654 -0.00669248
v 0.04773038 0.01106570 -0.00666489
v 0.05037304 -0.01108610 -0.00665556
v 0.05020001 -0.01109733 -0.00668435
v 0.04789999 -0.01112575 -0.00675668
v 0.04755669 -0.00931060 -0.00742881
v 0.04756376 0.00930075 -0.00743769
v 0.05055356 -0.01104409 -0.00654791
v 0.05037406 0.01108596 -0.00665520
v 0.04724317 -0.00919226 -0.00732829
v 0.04724028 0.00919133 -0.00732873
v 0.07600001 0.05500000 -0.00460000
v 0.07699999 0.05500000 -0.00300001
v 0.07699999 0.05500000 -0.00750001
v 0.07249999 0.05500000 -0.00750001
v 0.07249999 0.05500000 -0.00649999
v 0.07409999 0.05500000 -0.00649999
v 0.07699999 -0.05500000 -0.00750001
v 0.07249999 -0.05500000 -0.00750001
v 0.07409999 -0.05500000 -0.00649999
v 0.07409999 -0.05500000 -0.00530000
v 0.07699999 -0.05500000 -0.00300001
v 0.07600001 -0.05500000 -0.00300001
v 0.07600001 -0.05500000 -0.00460000
v 0.07249999 -0.05500000 -0.00649999
v 0.06490001 0.05500000 -0.00649999
v 0.06650001 0.05500000 -0.00649999
v 0.06650001 0.05500000 -0.00750001
v 0.06200000 0.05500000 -0.00750001
v 0.06200000 -0.05500000 -0.00750001
v 0.06650001 -0.05500000 -0.00750001
v 0.06650001 -0.05500000 -0.00649999
v 0.06200000 0.05173205 -0.00300001
v 0.06200000 0.05500000 -0.00300001
v 0.06200000 -0.04826795 -0.00300001
v 0.06200000 0.04826795 -0.00300001
v 0.06490001 0.05500000 -0.00530000
v 0.06299999 0.05500000 -0.00300001
v 0.06299999 0.05500000 -0.00460000
v 0.06200000 -0.05500000 -0.00300001
v 0.06200000 -0.05173205 -0.00300001
v 0.06299999 -0.05500000 -0.00460000
v 0.06490001 -0.05500000 -0.00649999
v 0.04400000 0.04826795 -0.00300001
v 0.04400000 0.05050000 -0.00750001
v 0.04400000 0.05173205 -0.00300001
v 0.04400000 0.05354147 -0.00685562
v 0.04199999 0.05354147 -0.00685562
v 0.04199999 0.05050000 -0.00750001
v 0.04400000 -0.04826795 -0.00300001
v 0.04400000 -0.05050000 -0.00750001
v 0.04400000 -0.05173205 -0.00300001
v 0.04400000 -0.05354147 -0.00685562
v 0.04199999 -0.05050000 -0.00750001
v 0.04199999 0.05150000 -0.00160001
v 0.04199999 -0.04950000 -0.00160001
v 0.04199999 -0.04870000 -0.00138564
v 0.04199999 -0.05354147 -0.00685562
v 0.04199999 -0.05150000 -0.00160001
v 0.05066910 -0.01097846 -0.00637977
v 0.05055523 0.01104348 -0.00654636
v 0.04754811 0.01102360 -0.00655772
v 0.04754623 0.00938487 -0.00736307
v 0.04754811 -0.00987732 -0.00709279
v 0.04754203 -0.00938429 -0.00736345
v 0.04745608 -0.00981642 -0.00698020
v 0.04740792 -0.00978328 -0.00691827
v 0.04745000 0.00984702 -0.00695305
v 0.05070001 -0.01091554 -0.00621854
v 0.04738235 -0.00974453 -0.00689711
v 0.04736116 -0.00972730 -0.00689025
v 0.05070001 0.01090491 -0.00622271
v 0.05067035 0.01097722 -0.00637658
v 0.04734689 0.00972140 -0.00688981
v 0.04740220 0.00976911 -0.00690962
v 0.04740876 0.00977981 -0.00691558
v 0.04720926 0.00961371 -0.00684835
v 0.04722714 0.00961962 -0.00684793
v 0.04721212 -0.00961468 -0.00684826
v 0.04723015 -0.00962065 -0.00684787
v 0.04735300 -0.00972064 -0.00688760
v 0.04734367 0.00971861 -0.00688864
v 0.04723003 0.00962058 -0.00684787
v 0.04712545 -0.00958599 -0.00685029
v 0.04705900 -0.00956398 -0.00685181
v 0.04705339 0.00956211 -0.00685196
v 0.04712262 0.00958503 -0.00685035
v 0.04771193 -0.01225425 -0.00627418
v 0.04744064 -0.00992145 -0.00688510
v 0.04745000 -0.00984701 -0.00695305
v 0.04754811 -0.01222757 -0.00616948
v 0.04704091 -0.00955799 -0.00685222
v 0.04703822 0.00955709 -0.00685228
v 0.04743126 0.01095736 -0.00638910
v 0.04743403 0.00997410 -0.00683700
v 0.04735750 -0.00986230 -0.00675271
v 0.04734641 0.00984975 -0.00674526
v 0.04723093 -0.00974839 -0.00670274
v 0.04735595 -0.01000185 -0.00661476
v 0.04741391 -0.01013402 -0.00669096
v 0.04743850 -0.01218736 -0.00601174
v 0.04400000 0.05606030 -0.00503318
v 0.04199999 0.05606030 -0.00503318
v 0.04400000 -0.05606030 -0.00503318
v 0.04199999 -0.05606030 -0.00503318
v 0.04199999 -0.05230000 -0.00138564
v 0.04700002 0.00961358 -0.00675587
v 0.04699999 -0.00976670 -0.00651969
v 0.04707017 -0.00967480 -0.00668703
v 0.04706451 0.00967387 -0.00668620
v 0.04723096 0.00974915 -0.00670187
v 0.04743194 0.00999063 -0.00682192
v 0.04741370 0.01013573 -0.00668941
v 0.04734638 0.00998949 -0.00660555
v 0.04789999 -0.01226332 -0.00630976
v 0.04700002 0.00977025 -0.00651820
v 0.04708200 0.00979749 -0.00652121
v 0.04724142 -0.00988070 -0.00655393
v 0.04708734 -0.00979799 -0.00652359
v 0.04724159 0.00988227 -0.00655218
v 0.05020001 0.01108720 -0.00668828
v 0.04789999 0.01110603 -0.00668095
v 0.04741370 -0.01013573 -0.00668941
v 0.04740673 0.01027819 -0.00655673
v 0.04735314 0.01012854 -0.00646724
v 0.04739999 -0.01041574 -0.00642864
v 0.04736098 -0.01014056 -0.00647809
v 0.05020001 0.01109733 -0.00668435
v 0.05020001 0.01306641 -0.00613986
v 0.05037304 -0.01306126 -0.00610940
v 0.05020001 -0.01306641 -0.00613986
v 0.04789999 0.01305651 -0.00614153
v 0.04754811 0.01303223 -0.00599881
v 0.04773038 0.01305154 -0.00611229
v 0.05055356 -0.01304200 -0.00599547
v 0.05037406 0.01306120 -0.00610901
v 0.04620000 0.00967883 -0.00352280
v 0.04649999 0.00967883 -0.00352280
v 0.04649999 0.01084851 -0.00297864
v 0.04649999 0.00967270 -0.00574468
v 0.04649999 -0.00967883 -0.00352280
v 0.04580000 0.00930296 -0.00338601
v 0.04620000 -0.00967883 -0.00352280
v 0.04725995 -0.01001345 -0.00640644
v 0.04743126 0.01300186 -0.00582020
v 0.04739999 0.01041574 -0.00642864
v 0.04739999 0.01089372 -0.00622709
v 0.04736146 0.01026487 -0.00633551
v 0.04711446 -0.00992260 -0.00636087
v 0.04726034 0.01001584 -0.00640385
v 0.05066910 -0.01301192 -0.00581749
v 0.05055523 0.01304173 -0.00599383
v 0.04699999 -0.00999886 -0.00617133
v 0.04710963 0.00992259 -0.00635697
v 0.04700002 0.00999887 -0.00617133
v 0.07409999 0.05500000 -0.00530000
v 0.06490001 -0.05500000 -0.00530000
v 0.04727497 -0.01015514 -0.00626780
v 0.04735490 -0.01023913 -0.00631963
v 0.04735490 0.01023913 -0.00631963
v 0.04739999 0.01121928 -0.00489314
v 0.04739999 -0.01213984 -0.00582527
v 0.04739999 -0.01070727 -0.00593038
v 0.04719764 -0.01007386 -0.00621761
v 0.04719764 0.01007386 -0.00621761
v 0.04727497 0.01015514 -0.00626780
v 0.04714343 0.01005329 -0.00620492
v 0.04739999 0.01297268 -0.00564863
v 0.05070001 -0.01290667 -0.00566007
v 0.05070001 0.01290669 -0.00566004
v 0.05070001 0.01091554 -0.00621854
v 0.05067035 0.01301135 -0.00581412
v 0.04580000 -0.00930296 -0.00338601
v 0.04400000 -0.00930296 -0.00338601
v 0.04735490 0.01102905 -0.00481017
v 0.04735490 -0.01052572 -0.00582983
v 0.04789999 -0.01473304 -0.00600000
v 0.04771193 -0.01473304 -0.00596328
v 0.04765486 -0.01473304 -0.00592564
v 0.04719764 0.01085103 -0.00473253
v 0.04719764 -0.01035582 -0.00573571
v 0.05070001 0.01186026 -0.00492470
v 0.04699999 0.01010260 -0.00600000
v 0.04699999 -0.01027872 -0.00569303
v 0.04649999 -0.00984132 -0.00545077
v 0.04747405 -0.01473304 -0.00574525
v 0.04754811 -0.01473304 -0.00585522
v 0.04789999 0.01473304 -0.00600000
v 0.05020001 0.01473304 -0.00600000
v 0.04773038 0.01473304 -0.00597034
v 0.05033487 0.01473304 -0.00597577
v 0.05033490 -0.01473304 -0.00597592
v 0.05020001 -0.01473304 -0.00600000
v 0.04765606 0.01473304 -0.00592341
v 0.05054459 -0.01423595 -0.00586776
v 0.05053943 -0.01426638 -0.00587140
v 0.05037304 -0.01473304 -0.00596909
v 0.05037406 0.01473304 -0.00596874
v 0.05046007 0.01473304 -0.00592704
v 0.05053943 0.01426639 -0.00587140
v 0.05054628 0.01422608 -0.00586660
v 0.04743850 -0.01473304 -0.00569244
v 0.05270001 0.01610260 -0.00600000
v 0.05020001 0.01610260 -0.00600000
v 0.05270001 0.01639000 -0.00600000
v 0.04789999 0.01639000 -0.00600000
v 0.05270001 0.01772512 -0.00584956
v 0.05285000 0.01639000 -0.00595979
v 0.05270001 0.01601611 -0.00599937
v 0.05070001 0.01489069 -0.00587632
v 0.05045595 0.01549595 -0.00596924
v 0.05285000 0.01610260 -0.00595979
v 0.05020001 -0.01610260 -0.00600000
v 0.05045440 -0.01549958 -0.00596945
v 0.05270001 -0.01610260 -0.00600000
v 0.05045595 -0.01549594 -0.00596924
v 0.05059355 -0.01515467 -0.00591685
v 0.05070001 -0.01489069 -0.00587632
v 0.05071011 -0.01486454 -0.00587086
v 0.05072015 -0.01483839 -0.00586529
v 0.05270001 -0.01457352 -0.00580190
v 0.05270001 -0.01639000 -0.00600000
v 0.05285000 -0.01610260 -0.00595979
v 0.04789999 -0.01639000 -0.00600000
v 0.05285000 -0.01639000 -0.00595979
v 0.05270001 -0.01651286 -0.00599875
v 0.04789999 -0.01647316 -0.00599943
v 0.05032512 0.01544556 -0.00596647
v 0.05033138 0.01541265 -0.00596480
v 0.05032435 -0.01544950 -0.00596668
v 0.05033138 -0.01541265 -0.00596480
v 0.05032512 -0.01544555 -0.00596647
v 0.04765001 0.01639000 -0.00593300
v 0.04765001 0.01771022 -0.00578426
v 0.04789999 0.01772512 -0.00584956
v 0.04765001 -0.01639000 -0.00593300
v 0.04699999 0.01077024 -0.00469728
v 0.04789999 -0.01772512 -0.00584956
v 0.04765001 -0.01771022 -0.00578426
v 0.05084112 0.01449396 -0.00575267
v 0.05072015 0.01483839 -0.00586529
v 0.05270001 0.01446443 -0.00577204
v 0.05071011 0.01486454 -0.00587086
v 0.05285000 0.01447541 -0.00573339
v 0.04747635 0.01473304 -0.00574397
v 0.04754811 0.01473304 -0.00585522
v 0.05270001 -0.01772512 -0.00584956
v 0.05065021 -0.01345531 -0.00575577
v 0.05061912 -0.01379770 -0.00581552
v 0.05065122 0.01344407 -0.00575380
v 0.05061912 0.01379772 -0.00581552
v 0.05045506 -0.01476134 -0.00593005
v 0.05044999 -0.01478969 -0.00593300
v 0.05039560 -0.01507534 -0.00594758
v 0.05044999 0.01478969 -0.00593300
v 0.05045506 0.01476134 -0.00593005
v 0.05056998 0.01484222 -0.00588609
v 0.05046007 -0.01473304 -0.00592704
v 0.05056470 0.01483992 -0.00588815
v 0.05046650 -0.01510452 -0.00593622
v 0.05285000 0.01771618 -0.00581040
v 0.05295980 0.01639000 -0.00585000
v 0.05295980 0.01610260 -0.00585000
v 0.05295980 0.01450539 -0.00562774
v 0.05285000 -0.01458376 -0.00576301
v 0.05295980 -0.01610260 -0.00585000
v 0.05295980 -0.01639000 -0.00585000
v 0.05295980 -0.01769175 -0.00570332
v 0.05285000 -0.01771618 -0.00581040
v 0.05056473 -0.01483992 -0.00588815
v 0.05056998 -0.01484222 -0.00588612
v 0.04746699 0.01639000 -0.00574999
v 0.04746699 0.01766950 -0.00560583
v 0.04746699 -0.01639000 -0.00574999
v 0.04739999 -0.01155059 -0.00404955
v 0.04735490 -0.01135473 -0.00398089
v 0.05053526 0.01476631 -0.00589617
v 0.05053508 -0.01476634 -0.00589572
v 0.05068391 0.01434364 -0.00578581
v 0.05060431 0.01430328 -0.00582595
v 0.05058437 0.01478803 -0.00587602
v 0.05057948 -0.01478604 -0.00587721
v 0.05060431 -0.01430326 -0.00582595
v 0.05058449 -0.01478791 -0.00587679
v 0.05062192 0.01480196 -0.00587304
v 0.05062201 -0.01480187 -0.00587361
v 0.05068388 -0.01434362 -0.00578581
v 0.05077496 -0.01438321 -0.00576247
v 0.05066701 -0.01383583 -0.00575234
v 0.05077499 0.01438323 -0.00576250
v 0.05081722 -0.01457805 -0.00578679
v 0.05295980 0.01769175 -0.00570332
v 0.05300000 0.01639000 -0.00570001
v 0.05300000 0.01610260 -0.00570001
v 0.05300000 0.01454634 -0.00548343
v 0.05295980 -0.01461175 -0.00565685
v 0.05300000 -0.01610260 -0.00570001
v 0.05300000 -0.01639000 -0.00570001
v 0.05300000 -0.01650672 -0.00569882
v 0.05270001 0.01899330 -0.00540580
v 0.05285000 -0.01897586 -0.00536959
v 0.05270001 -0.01899330 -0.00540580
v 0.04789999 -0.01899330 -0.00540580
v 0.04765001 0.01896424 -0.00534545
v 0.04789999 0.01899330 -0.00540580
v 0.04719764 -0.01117146 -0.00391664
v 0.05066701 0.01383586 -0.00575234
v 0.05073371 0.01387775 -0.00569429
v 0.04739999 -0.01473304 -0.00550000
v 0.04739999 -0.01576500 -0.00108253
v 0.04739999 0.01473304 -0.00550000
v 0.04743126 0.01473304 -0.00567405
v 0.05069276 -0.01298641 -0.00567396
v 0.05066073 -0.01333923 -0.00573553
v 0.05070617 -0.01337865 -0.00567122
v 0.05066073 0.01333926 -0.00573553
v 0.05069276 0.01298641 -0.00567396
v 0.05285000 0.01897586 -0.00536959
v 0.05295980 -0.01892822 -0.00527068
v 0.05085188 -0.01448513 -0.00575875
v 0.05087420 -0.01442530 -0.00574072
v 0.05098900 -0.01411740 -0.00564785
v 0.05103346 -0.01399819 -0.00561188
v 0.05108994 -0.01377359 -0.00551994
v 0.05270001 -0.01335873 -0.00533585
v 0.05106526 -0.01391289 -0.00558616
v 0.05081567 0.01391916 -0.00564982
v 0.05073371 -0.01387772 -0.00569429
v 0.04746699 0.01888483 -0.00518058
v 0.04765001 -0.01896424 -0.00534545
v 0.04746699 -0.01766950 -0.00560583
v 0.05114612 0.01357134 -0.00543578
v 0.05113509 0.01365703 -0.00547896
v 0.05270001 0.01325865 -0.00528316
v 0.05109417 0.01377348 -0.00551705
v 0.05101508 0.01399871 -0.00559072
v 0.05096733 0.01413462 -0.00563516
v 0.05086490 0.01442624 -0.00573053
v 0.05084848 0.01447299 -0.00574581
v 0.05285000 0.01327770 -0.00524779
v 0.05285000 -0.01337711 -0.00530009
v 0.05090892 0.01395732 -0.00562318
v 0.05085867 -0.01441878 -0.00574364
v 0.05081564 -0.01391914 -0.00564982
v 0.05070617 0.01337867 -0.00567119
v 0.05075487 0.01342181 -0.00559811
v 0.04739999 0.01639000 -0.00550000
v 0.04739999 0.01761387 -0.00536211
v 0.04739999 -0.01639000 -0.00550000
v 0.04699999 0.01128206 -0.00309549
v 0.05090892 -0.01395729 -0.00562318
v 0.04699999 -0.01108828 -0.00388749
v 0.05071675 -0.01294890 -0.00558530
v 0.05295980 0.01332974 -0.00515111
v 0.05295980 0.01892822 -0.00527068
v 0.05300000 0.01765837 -0.00555708
v 0.05300000 -0.01765837 -0.00555708
v 0.05300000 -0.01886314 -0.00513552
v 0.05300000 0.01639000 -0.00390001
v 0.05300000 0.01489753 -0.00360312
v 0.05300000 -0.01464997 -0.00551181
v 0.05300000 -0.01489753 -0.00360312
v 0.05300000 -0.01639000 -0.00390001
v 0.05082190 0.01346423 -0.00553398
v 0.05075487 -0.01342179 -0.00559811
v 0.05072242 0.01294785 -0.00558718
v 0.05073672 -0.01299916 -0.00549631
v 0.05295980 -0.01342733 -0.00520246
v 0.05090466 0.01350305 -0.00548388
v 0.05082190 -0.01346420 -0.00553398
v 0.04739999 0.01197787 -0.00251909
v 0.04739999 0.01576500 -0.00108253
v 0.05100780 -0.01398960 -0.00561671
v 0.05100780 0.01398962 -0.00561671
v 0.05300000 0.01340084 -0.00501902
v 0.05099824 0.01353563 -0.00545155
v 0.05090463 -0.01350303 -0.00548388
v 0.05099821 -0.01353561 -0.00545155
v 0.04739999 0.01877636 -0.00495534
v 0.04746699 -0.01888483 -0.00518058
v 0.04739999 -0.01761387 -0.00536211
v 0.05076700 0.01302962 -0.00544237
v 0.05078894 -0.01303808 -0.00542738
v 0.05076700 0.01202343 -0.00473528
v 0.05300000 0.01886314 -0.00513552
v 0.05300000 0.01788247 -0.00360312
v 0.05300000 -0.01788247 -0.00360312
v 0.05078521 0.01303857 -0.00542651
v 0.05084478 -0.01307971 -0.00535364
v 0.05112558 -0.01357259 -0.00542437
v 0.05109638 -0.01356009 -0.00543846
v 0.05109638 0.01356011 -0.00543846
v 0.05300000 -0.01349592 -0.00506906
v 0.04739999 0.01639000 -0.00125001
v 0.04739999 -0.01639000 -0.00125001
v 0.05073672 -0.01150512 -0.00432478
v 0.05085849 0.01307461 -0.00536268
v 0.05093282 -0.01310886 -0.00530203
v 0.05094999 0.01311960 -0.00528298
v 0.05100757 -0.01313360 -0.00525819
v 0.04649999 -0.01109048 -0.00188778
v 0.05116188 0.01344872 -0.00537397
v 0.05102178 0.01312906 -0.00526623
v 0.05114618 -0.01345632 -0.00536908
v 0.05101859 -0.01313469 -0.00525628
v 0.05270001 0.02013094 -0.00469099
v 0.05285000 -0.02010588 -0.00465958
v 0.05270001 -0.02013094 -0.00469099
v 0.04789999 -0.02013094 -0.00469099
v 0.04765001 0.02008917 -0.00463863
v 0.04789999 0.02013094 -0.00469099
v 0.05120000 0.01315254 -0.00522466
v 0.05111628 0.01314151 -0.00524418
v 0.05285000 0.02010588 -0.00465958
v 0.05295980 -0.02003741 -0.00457372
v 0.05120000 -0.01315254 -0.00522466
v 0.05111426 -0.01314410 -0.00523962
v 0.05094999 0.01214288 -0.00459661
v 0.04739999 0.01701500 -0.00108253
v 0.04739999 -0.01877636 -0.00495534
v 0.04739999 -0.01701500 -0.00108253
v 0.05084478 -0.01162444 -0.00421254
v 0.04746699 0.01997507 -0.00449552
v 0.04765001 -0.02008917 -0.00463863
v 0.05270001 -0.01227297 -0.00461887
v 0.05285000 -0.01229863 -0.00458793
v 0.07480001 0.05500000 -0.00460000
v 0.07300001 0.05500000 -0.00280000
v 0.07230002 0.05500000 -0.00350000
v 0.07480001 -0.05500000 -0.00460000
v 0.07230002 -0.05500000 -0.00350000
v 0.06420001 0.05500000 -0.00460000
v 0.06670001 0.05500000 -0.00350000
v 0.06670001 -0.05500000 -0.00350000
v 0.06420001 -0.05500000 -0.00460000
v 0.06600001 -0.05500000 -0.00280000
v 0.05270001 0.01218660 -0.00454588
v 0.05120000 0.01218660 -0.00454588
v 0.05285000 0.01221283 -0.00451542
v 0.05295980 0.02003741 -0.00457372
v 0.05300000 -0.01994389 -0.00445645
v 0.05100757 -0.01170428 -0.00413744
v 0.05295980 0.01228450 -0.00443222
v 0.05120000 -0.01231371 -0.00456692
v 0.05295980 -0.01236871 -0.00450338
v 0.04739999 0.01981919 -0.00430007
v 0.04746699 -0.01997507 -0.00449552
v 0.05300000 0.01238240 -0.00431858
v 0.05300000 0.01994389 -0.00445645
v 0.05300000 -0.01246446 -0.00438793
v 0.05300000 -0.01363228 -0.00275771
v 0.04400000 0.05762368 -0.00234591
v 0.04400000 0.05346410 0.00000001
v 0.04199999 0.05762368 -0.00234591
v 0.04400000 -0.05346410 0.00000001
v 0.04400000 -0.05762368 -0.00234591
v 0.04199999 0.05230000 -0.00138564
v 0.04199999 -0.05762368 -0.00234591
v 0.04199999 -0.05288564 -0.00080000
v 0.05300000 0.01363228 -0.00275771
v 0.04739999 -0.01981919 -0.00430007
v 0.05070001 0.01089837 -0.00389434
v 0.04735490 0.01177476 -0.00247638
v 0.05076700 0.01109853 -0.00374459
v 0.04719764 0.01158471 -0.00243642
v 0.05270001 0.02108099 -0.00374095
v 0.05285000 -0.02104956 -0.00371589
v 0.05270001 -0.02108099 -0.00374095
v 0.04789999 -0.02108099 -0.00374095
v 0.04765001 0.02102862 -0.00369917
v 0.04789999 0.02108099 -0.00374095
v 0.05285000 0.02104956 -0.00371589
v 0.05295980 -0.02096371 -0.00364740
v 0.04746699 0.02088553 -0.00358506
v 0.04765001 -0.02102862 -0.00369917
v 0.05270001 -0.01136731 -0.00368469
v 0.07600001 0.05500000 -0.00300001
v 0.07300001 -0.05500000 -0.00280000
v 0.06580001 0.05173205 -0.00300001
v 0.06600001 0.05500000 -0.00280000
v 0.06580001 0.04826795 -0.00300001
v 0.06600001 -0.05184752 -0.00280000
v 0.06580001 -0.05173205 -0.00300001
v 0.06580001 -0.04826795 -0.00300001
v 0.06299999 0.05173205 -0.00300001
v 0.06299999 0.04826795 -0.00300001
v 0.06299999 -0.05173205 -0.00300001
v 0.06299999 -0.05500000 -0.00300001
v 0.06299999 -0.04826795 -0.00300001
v 0.05094999 0.01124506 -0.00363492
v 0.05285000 -0.01139903 -0.00366001
v 0.05295980 0.02096371 -0.00364740
v 0.05300000 -0.02084644 -0.00355388
v 0.05120000 -0.01173233 -0.00411104
v 0.05270001 0.01129870 -0.00359480
v 0.05120000 0.01129870 -0.00359480
v 0.05285000 0.01133088 -0.00357072
v 0.05295980 0.01141879 -0.00350492
v 0.05295980 -0.01148569 -0.00359260
v 0.04739999 0.02069007 -0.00342919
v 0.04746699 -0.02088553 -0.00358506
v 0.05300000 0.02084644 -0.00355388
v 0.05300000 0.01914772 -0.00275771
v 0.05300000 -0.01914772 -0.00275771
v 0.05073672 -0.01042703 -0.00276198
v 0.05300000 0.01153889 -0.00341506
v 0.05300000 -0.01160407 -0.00350048
v 0.05084478 -0.01057434 -0.00269030
v 0.04739999 0.01747253 -0.00062500
v 0.04739999 -0.02069007 -0.00342919
v 0.04739999 -0.01747253 -0.00062500
v 0.05100757 -0.01067289 -0.00264235
v 0.05120000 -0.01070752 -0.00262548
v 0.04739999 -0.01206634 -0.00205390
v 0.04735490 -0.01186174 -0.00201909
v 0.04719764 -0.01167028 -0.00198649
v 0.04699999 -0.01158339 -0.00197171
v 0.05297717 0.01639000 -0.00378521
v 0.05297717 0.01494147 -0.00349705
v 0.05297717 -0.01639000 -0.00378521
v 0.05297717 -0.01783853 -0.00349705
v 0.05070001 0.01018121 -0.00268088
v 0.05297717 0.01783853 -0.00349705
v 0.05291214 0.01639000 -0.00368787
v 0.05291214 0.01497871 -0.00340714
v 0.05297717 -0.01494147 -0.00349705
v 0.05291214 -0.01639000 -0.00368787
v 0.05291214 -0.01780129 -0.00340714
v 0.05076700 0.01040896 -0.00257777
v 0.05270001 0.02179581 -0.00260331
v 0.05285000 -0.02175960 -0.00258587
v 0.05270001 -0.02179581 -0.00260331
v 0.04789999 -0.02179581 -0.00260331
v 0.04765001 0.02173546 -0.00257425
v 0.04789999 0.02179581 -0.00260331
v 0.05285000 0.02175960 -0.00258587
v 0.05295980 -0.02166067 -0.00253822
v 0.04746699 0.02157057 -0.00249483
v 0.04765001 -0.02173546 -0.00257425
v 0.05291214 0.01780129 -0.00340714
v 0.05281481 0.01639000 -0.00362285
v 0.05281481 0.01500360 -0.00334705
v 0.05291214 -0.01497871 -0.00340714
v 0.05281481 -0.01639000 -0.00362285
v 0.05281481 -0.01777640 -0.00334705
v 0.05270001 -0.01068432 -0.00257726
v 0.05285000 -0.01072061 -0.00255998
v 0.05295980 0.02166067 -0.00253822
v 0.05300000 -0.02152552 -0.00247313
v 0.05094999 0.01057568 -0.00250231
v 0.05281481 0.01777640 -0.00334705
v 0.05270001 0.01639000 -0.00359999
v 0.05270001 0.01501234 -0.00332595
v 0.05281481 -0.01500360 -0.00334705
v 0.05270001 -0.01639000 -0.00359999
v 0.05270001 -0.01776766 -0.00332595
v 0.05297717 0.01371346 -0.00267653
v 0.05297717 -0.01906654 -0.00267653
v 0.05270001 0.01776766 -0.00332595
v 0.05200001 0.01639000 -0.00359999
v 0.05200001 0.01819000 -0.00311770
v 0.05270001 -0.01501234 -0.00332595
v 0.05200001 -0.01639000 -0.00359999
v 0.05200001 -0.01459000 -0.00311770
v 0.05200001 0.01459000 -0.00311770
v 0.05200001 0.01639000 -0.00184999
v 0.05200001 0.01731500 -0.00160216
v 0.05200001 -0.01819000 -0.00311770
v 0.05200001 -0.01639000 -0.00184999
v 0.05200001 -0.01546500 -0.00160216
v 0.05270001 0.01063670 -0.00247468
v 0.05120000 0.01063670 -0.00247468
v 0.05285000 0.01067332 -0.00245808
v 0.05295980 -0.01081977 -0.00251283
v 0.04739999 0.02134533 -0.00238635
v 0.04746699 -0.02157057 -0.00249483
v 0.05295980 0.01077335 -0.00241281
v 0.05300000 0.02152552 -0.00247313
v 0.05300000 0.01999313 -0.00149246
v 0.05300000 -0.01999313 -0.00149246
v 0.04620000 0.01030000 0.00000001
v 0.04649999 0.01030000 0.00000001
v 0.04649999 0.01125000 0.00000001
v 0.04649999 -0.01030000 0.00000001
v 0.04580000 0.00990000 0.00000001
v 0.04620000 -0.01030000 0.00000001
v 0.05300000 0.01091000 -0.00235094
v 0.05300000 -0.01095523 -0.00244840
v 0.05300000 -0.01278687 -0.00149246
v 0.05297717 0.01906654 -0.00267653
v 0.05291214 0.01378228 -0.00260772
v 0.05297717 -0.01371346 -0.00267653
v 0.05291214 -0.01899772 -0.00260772
v 0.04739999 -0.02134533 -0.00238635
v 0.05300000 0.01278687 -0.00149246
v 0.05291214 0.01899772 -0.00260772
v 0.05281481 0.01382827 -0.00256173
v 0.05291214 -0.01378228 -0.00260772
v 0.05281481 -0.01895173 -0.00256173
v 0.04580000 -0.00990000 0.00000001
v 0.04400000 -0.00990000 0.00000001
v 0.05281481 0.01895173 -0.00256173
v 0.05270001 0.01815585 -0.00306659
v 0.05270001 0.01462415 -0.00306659
v 0.05281481 -0.01382827 -0.00256173
v 0.05270001 -0.01462415 -0.00306659
v 0.05270001 -0.01815585 -0.00306659
v 0.05200001 0.01950769 -0.00179999
v 0.05200001 0.01799215 -0.00092499
v 0.05200001 0.01327231 -0.00179999
v 0.05270001 0.01332342 -0.00176586
v 0.05270001 0.01384442 -0.00254558
v 0.05200001 0.01546500 -0.00160216
v 0.05200001 -0.01327231 -0.00179999
v 0.05200001 -0.01478785 -0.00092499
v 0.05200001 -0.01950769 -0.00179999
v 0.05270001 -0.01945659 -0.00176586
v 0.05270001 -0.01893558 -0.00254558
v 0.05200001 -0.01731500 -0.00160216
v 0.04699999 0.01149846 -0.00241827
v 0.05270001 0.01893558 -0.00254558
v 0.05270001 -0.01384442 -0.00254558
v 0.06600001 0.05184752 -0.00280000
v 0.06600001 0.05346410 0.00000001
v 0.06600001 0.04815248 -0.00280000
v 0.06600001 -0.04653590 0.00000001
v 0.06600001 -0.04815248 -0.00280000
v 0.06600001 0.04653590 0.00000001
v 0.06600001 -0.05346410 0.00000001
v 0.04400000 0.00930296 0.00338601
v 0.04400000 0.04653590 0.00000001
v 0.04699999 0.01174994 -0.00003900
v 0.05073672 -0.00986245 -0.00094928
v 0.06600001 0.05500000 0.00280000
v 0.07300001 0.05500000 0.00280000
v 0.07300001 -0.05500000 0.00280000
v 0.06600001 -0.05500000 0.00280000
v 0.05084478 -0.01002441 -0.00092466
v 0.05297717 0.01289294 -0.00144853
v 0.05297717 -0.01988706 -0.00144853
v 0.05100757 -0.01013277 -0.00090818
v 0.05070001 0.00974251 -0.00134136
v 0.05297717 0.01988706 -0.00144853
v 0.05291214 0.01298285 -0.00141127
v 0.05297717 -0.01289294 -0.00144853
v 0.05291214 -0.01979715 -0.00141127
v 0.05120000 -0.01069178 -0.00257494
v 0.05291214 0.01979715 -0.00141127
v 0.05281481 0.01304294 -0.00138639
v 0.05291214 -0.01298285 -0.00141127
v 0.05281481 -0.01973706 -0.00138639
v 0.05270001 0.02223957 -0.00133513
v 0.05285000 -0.02220038 -0.00132619
v 0.05270001 -0.02223957 -0.00133513
v 0.04789999 -0.02223957 -0.00133513
v 0.04765001 0.02217426 -0.00132023
v 0.04789999 0.02223957 -0.00133513
v 0.05285000 0.02220038 -0.00132619
v 0.05295980 -0.02209333 -0.00130175
v 0.05076700 0.00998713 -0.00128977
v 0.05270001 -0.01025613 -0.00134860
v 0.05120000 -0.01017084 -0.00090237
v 0.04746699 0.02199584 -0.00127949
v 0.04765001 -0.02217426 -0.00132023
v 0.05281481 0.01973706 -0.00138639
v 0.05270001 0.01945659 -0.00176586
v 0.05281481 -0.01304294 -0.00138639
v 0.05270001 -0.01332342 -0.00176586
v 0.05285000 -0.01029529 -0.00133957
v 0.05295980 0.02209333 -0.00130175
v 0.05300000 -0.02194709 -0.00126837
v 0.04739999 0.01223983 -0.00004061
v 0.04739999 0.01530747 -0.00062500
v 0.04739999 0.01514000 0.00000001
v 0.05295980 -0.01040229 -0.00131489
v 0.05094999 0.01016620 -0.00125201
v 0.04739999 0.02175210 -0.00122388
v 0.04746699 -0.02199584 -0.00127949
v 0.04735490 0.01203229 -0.00003992
v 0.05270001 0.01023174 -0.00123818
v 0.05120000 0.01023174 -0.00123818
v 0.05285000 0.01027107 -0.00122987
v 0.05300000 0.02194709 -0.00126837
v 0.05295980 0.01037852 -0.00120722
v 0.05300000 -0.01054845 -0.00128119
v 0.04719764 0.01183807 -0.00003927
v 0.05300000 0.01052529 -0.00117625
v 0.04739999 -0.02175210 -0.00122388
v 0.04400000 0.05796295 0.00074451
v 0.04199999 0.05796295 0.00074451
v 0.04400000 -0.05796295 0.00074451
v 0.04199999 0.05288564 -0.00080000
v 0.04199999 -0.05796295 0.00074451
v 0.04199999 -0.05310000 0.00000001
v 0.04739999 -0.01530747 -0.00062500
v 0.04739999 -0.01223990 0.00000001
v 0.04735490 -0.01203235 0.00000001
v 0.04719764 -0.01183814 0.00000001
v 0.04649999 -0.01125000 0.00000001
v 0.04699999 -0.01175000 0.00000001
v 0.05300000 0.01731500 -0.00160216
v 0.05300000 0.01639000 -0.00184999
v 0.05300000 0.01546500 -0.00160216
v 0.05300000 0.01639000 -0.00125001
v 0.05300000 0.01701500 -0.00108253
v 0.05300000 -0.01546500 -0.00160216
v 0.05300000 -0.01639000 -0.00184999
v 0.05300000 -0.01731500 -0.00160216
v 0.05300000 -0.01639000 -0.00125001
v 0.05300000 -0.01576500 -0.00108253
v 0.05270001 0.01971597 -0.00137766
v 0.05200001 0.01999000 0.00000001
v 0.05200001 0.01824000 0.00000001
v 0.05200001 0.01279000 0.00000001
v 0.05270001 0.01279210 -0.00012286
v 0.05270001 0.01306403 -0.00137766
v 0.05200001 0.01478785 -0.00092499
v 0.05270001 -0.01306403 -0.00137766
v 0.05200001 -0.01279000 0.00000001
v 0.05200001 -0.01454000 0.00000001
v 0.05200001 -0.01999000 0.00000001
v 0.05270001 -0.01998790 -0.00012286
v 0.05270001 -0.01971597 -0.00137766
v 0.05200001 -0.01799215 -0.00092499
v 0.05300000 0.01799215 -0.00092499
v 0.05300000 0.01747253 -0.00062500
v 0.05300000 0.01478785 -0.00092499
v 0.05300000 0.01576500 -0.00108253
v 0.05300000 -0.01478785 -0.00092499
v 0.05300000 -0.01530747 -0.00062500
v 0.05300000 -0.01799215 -0.00092499
v 0.05300000 -0.01701500 -0.00108253
v 0.04400000 0.05230000 0.00138564
v 0.04400000 0.05288564 0.00080000
v 0.04400000 0.05150000 -0.00160001
v 0.04400000 0.05310000 0.00000001
v 0.04400000 0.05288564 -0.00080000
v 0.04400000 0.05230000 -0.00138564
v 0.04400000 0.04950000 -0.00160001
v 0.04400000 0.04950000 0.00160001
v 0.04400000 0.05150000 0.00160001
v 0.04400000 0.04880578 -0.00144155
v 0.04400000 0.04824907 -0.00099759
v 0.04400000 0.04794012 -0.00035603
v 0.04400000 0.04790000 0.00000001
v 0.04400000 0.04794012 0.00035603
v 0.04400000 0.04824907 0.00099759
v 0.04400000 0.04880578 0.00144155
v 0.04400000 -0.05150000 0.00160001
v 0.04400000 -0.04950000 0.00160001
v 0.04400000 -0.04950000 -0.00160001
v 0.04400000 -0.04870000 0.00138564
v 0.04400000 -0.04811436 0.00080000
v 0.04400000 -0.05150000 -0.00160001
v 0.04400000 -0.04790000 0.00000001
v 0.04400000 -0.04811436 -0.00080000
v 0.04400000 -0.04870000 -0.00138564
v 0.04400000 -0.05230000 -0.00138564
v 0.05300000 0.02029000 0.00000001
v 0.05300000 0.01249000 0.00000001
v 0.05297717 0.01260480 0.00000001
v 0.05300000 -0.01249000 0.00000001
v 0.05300000 -0.02029000 0.00000001
v 0.05297717 -0.02017519 0.00000001
v 0.05297717 0.02017519 0.00000001
v 0.05291214 0.01270213 0.00000001
v 0.05297717 -0.01260480 0.00000001
v 0.05291214 -0.02007787 0.00000001
v 0.05291214 0.02007787 0.00000001
v 0.05281481 0.01276716 0.00000001
v 0.05291214 -0.01270213 0.00000001
v 0.05281481 -0.02001284 0.00000001
v 0.05281481 0.02001284 0.00000001
v 0.05281481 -0.01276716 0.00000001
v 0.04400000 -0.05288564 -0.00080000
v 0.05270001 0.01999000 0.00000001
v 0.05270001 -0.01279000 0.00000001
v 0.05270001 -0.01010287 -0.00005655
v 0.05070001 -0.00960260 -0.00000708
v 0.05070001 0.00960260 0.00000708
v 0.05285000 -0.01014306 -0.00005616
v 0.05270001 0.02239000 0.00000001
v 0.05285000 -0.02234981 0.00000001
v 0.05270001 -0.02239000 0.00000001
v 0.04789999 -0.02239000 0.00000001
v 0.04765001 0.02232301 0.00000001
v 0.04789999 0.02239000 0.00000001
v 0.05285000 0.02234981 0.00000001
v 0.05295980 -0.02224000 0.00000001
v 0.04746699 0.02214000 0.00000001
v 0.04765001 -0.02232301 0.00000001
v 0.05295980 -0.01025286 -0.00005512
v 0.05295980 0.02224000 0.00000001
v 0.05300000 -0.02209000 0.00000001
v 0.05076700 0.00985288 0.00005890
v 0.05300000 -0.01040285 -0.00005372
v 0.04739999 0.02189000 0.00000001
v 0.04746699 -0.02214000 0.00000001
v 0.05300000 0.02209000 0.00000001
v 0.05094999 0.01003588 0.00005718
v 0.05270001 0.01010287 0.00005655
v 0.05120000 0.01010260 0.00000654
v 0.05285000 0.01014306 0.00005616
v 0.05295980 0.01025286 0.00005515
v 0.04739999 0.01764000 0.00000001
v 0.04739999 -0.01764000 0.00000001
v 0.04739999 -0.02189000 0.00000001
v 0.05300000 0.01040285 0.00005372
v 0.05300000 0.01530747 -0.00062500
v 0.05300000 -0.01747253 -0.00062500
v 0.05073672 -0.00986245 0.00094928
v 0.05084478 -0.01002441 0.00092466
v 0.05300000 0.01824000 0.00000001
v 0.05300000 0.01764000 0.00000001
v 0.05300000 0.01454000 0.00000001
v 0.05300000 -0.01454000 0.00000001
v 0.05300000 -0.01514000 0.00000001
v 0.05300000 -0.01824000 0.00000001
v 0.05200001 0.01454000 0.00000001
v 0.05200001 -0.01824000 0.00000001
v 0.05100757 -0.01013277 0.00090818
v 0.05120000 -0.01010260 -0.00000651
v 0.05120000 -0.01010639 -0.00005628
v 0.04199999 0.05310000 0.00000001
v 0.04400000 -0.05310000 0.00000001
v 0.05300000 0.01514000 0.00000001
v 0.04739999 -0.01514000 0.00000001
v 0.05300000 -0.01764000 0.00000001
v 0.05270001 0.01279000 0.00000001
v 0.05270001 -0.01999000 0.00000001
v 0.05270001 -0.01023174 0.00123818
v 0.05285000 -0.01027107 0.00122987
v 0.05295980 -0.01037852 0.00120722
v 0.05300000 -0.01052529 0.00117625
v 0.04739999 0.01199432 0.00243954
v 0.04739999 0.01530747 0.00062500
v 0.04735490 0.01179094 0.00239818
v 0.04699999 0.01175000 0.00000001
v 0.04719764 0.01160062 0.00235949
v 0.05070001 -0.00967653 0.00097756
v 0.05120000 -0.01017084 0.00090237
v 0.04400000 0.05173205 0.00300001
v 0.06299999 0.05173205 0.00300001
v 0.06600001 0.05184752 0.00280000
v 0.06200000 0.05173205 0.00300001
v 0.06600001 0.04815248 0.00280000
v 0.06580001 0.04826795 0.00300001
v 0.06200000 0.04826795 0.00300001
v 0.06299999 0.04826795 0.00300001
v 0.06600001 -0.04815248 0.00280000
v 0.04400000 -0.04826795 0.00300001
v 0.06299999 -0.04826795 0.00300001
v 0.06200000 -0.04826795 0.00300001
v 0.06600001 -0.05184752 0.00280000
v 0.06580001 -0.05173205 0.00300001
v 0.06200000 -0.05173205 0.00300001
v 0.06299999 -0.05173205 0.00300001
v 0.05295980 0.02209333 0.00130175
v 0.05300000 0.02194709 0.00126837
v 0.05300000 0.01999313 0.00149246
v 0.05200001 0.01799215 0.00092499
v 0.05300000 0.01799215 0.00092499
v 0.05300000 0.01747253 0.00062500
v 0.04739999 0.01747253 0.00062500
v 0.05300000 0.01530747 0.00062500
v 0.05300000 0.01478785 0.00092499
v 0.05300000 0.01278687 0.00149246
v 0.05300000 0.01054845 0.00128119
v 0.05297717 0.01289294 0.00144853
v 0.05300000 -0.01278687 0.00149246
v 0.05200001 -0.01478785 0.00092499
v 0.05300000 -0.01478785 0.00092499
v 0.05300000 -0.01530747 0.00062500
v 0.04739999 -0.01530747 0.00062500
v 0.05300000 -0.01747253 0.00062500
v 0.05300000 -0.01799215 0.00092499
v 0.05300000 -0.01999313 0.00149246
v 0.05300000 -0.02194709 0.00126837
v 0.05297717 -0.01988706 0.00144853
v 0.05297717 0.01988706 0.00144853
v 0.05291214 0.01298285 0.00141127
v 0.05297717 -0.01289294 0.00144853
v 0.05291214 -0.01979715 0.00141127
v 0.05285000 0.02220038 0.00132619
v 0.05295980 -0.02209333 0.00130175
v 0.05291214 0.01979715 0.00141127
v 0.05281481 0.01304294 0.00138639
v 0.05291214 -0.01298285 0.00141127
v 0.05281481 -0.01973706 0.00138639
v 0.05270001 0.02223957 0.00133513
v 0.05285000 -0.02220038 0.00132619
v 0.05281481 0.01973706 0.00138639
v 0.05270001 0.01971597 0.00137766
v 0.05270001 0.01998790 0.00012286
v 0.05270001 0.01306403 0.00137766
v 0.05281481 -0.01304294 0.00138639
v 0.05270001 -0.01306403 0.00137766
v 0.05270001 -0.01279210 0.00012286
v 0.05270001 -0.01971597 0.00137766
v 0.05270001 -0.02223957 0.00133513
v 0.04789999 -0.02223957 0.00133513
v 0.05200001 0.01963349 0.00156198
v 0.05200001 0.01478785 0.00092499
v 0.05200001 0.01314651 0.00156198
v 0.05200001 -0.01314651 0.00156198
v 0.05200001 -0.01799215 0.00092499
v 0.05200001 -0.01963349 0.00156198
v 0.04765001 0.02217426 0.00132023
v 0.04789999 0.02223957 0.00133513
v 0.04746699 0.02199584 0.00127949
v 0.04765001 -0.02217426 0.00132023
v 0.04739999 0.02175210 0.00122388
v 0.04746699 -0.02199584 0.00127949
v 0.04739999 -0.01206634 0.00205390
v 0.04735490 -0.01186174 0.00201909
v 0.04739999 -0.02175210 0.00122388
v 0.04739999 -0.01747253 0.00062500
v 0.04719764 -0.01167028 0.00198649
v 0.04699999 0.01151425 0.00234191
v 0.04649999 -0.01109048 0.00188778
v 0.04699999 -0.01158339 0.00197171
v 0.04649999 0.01084851 0.00297864
v 0.04620000 0.00967883 0.00352280
v 0.04649999 0.00967883 0.00352280
v 0.04649999 -0.00967883 0.00352280
v 0.04580000 0.00930296 0.00338601
v 0.04620000 -0.00967883 0.00352280
v 0.04580000 -0.00930296 0.00338601
v 0.04400000 0.05701983 0.00370701
v 0.04199999 0.05288564 0.00080000
v 0.04400000 0.00758384 0.00636359
v 0.04400000 0.04826795 0.00300001
v 0.04400000 0.00171912 0.00974961
v 0.04400000 0.00495000 0.00857367
v 0.04400000 -0.03731055 0.01104118
v 0.04400000 -0.00930296 0.00338601
v 0.04199999 -0.04811436 0.00080000
v 0.04400000 -0.05288564 0.00080000
v 0.04400000 -0.05173205 0.00300001
v 0.04400000 -0.05701983 0.00370701
v 0.04199999 0.05701983 0.00370701
v 0.04199999 -0.05288564 0.00080000
v -0.00000000 0.00359401 0.00207500
v 0.00200000 -0.00359401 0.00207500
v 0.05120000 0.01010287 0.00005655
v 0.05070001 0.00960289 0.00006126
v 0.05295980 0.01040229 0.00131489
v 0.05285000 0.01029529 0.00133957
v 0.05270001 0.01025613 0.00134860
v 0.05120000 0.01025613 0.00134860
v 0.05094999 0.01019085 0.00136368
v 0.05076700 0.01001252 0.00140481
v 0.05070001 0.00976892 0.00146098
v 0.04199999 0.04824907 0.00099759
v 0.05300000 0.01701500 0.00108252
v 0.04739999 0.01701500 0.00108252
v 0.05300000 0.01576500 0.00108252
v 0.05300000 0.01546500 0.00160216
v 0.05300000 -0.01576500 0.00108252
v 0.04739999 -0.01576500 0.00108252
v 0.05300000 -0.01701500 0.00108252
v 0.05300000 -0.01731500 0.00160216
v 0.04739999 0.02134533 0.00238635
v 0.04739999 0.01981919 0.00430007
v 0.04739999 0.02069007 0.00342919
v 0.04739999 0.01576500 0.00108252
v 0.04739999 -0.01981919 0.00430007
v 0.04739999 -0.01701500 0.00108252
v 0.04739999 -0.02069007 0.00342919
v 0.04739999 -0.02134533 0.00238635
v 0.04199999 -0.05701983 0.00370701
v 0.04199999 0.05230000 0.00138564
v 0.04199999 -0.04870000 0.00138564
v 0.04400000 -0.05230000 0.00138564
v 0.04199999 0.05495637 0.00603248
v 0.04199999 -0.03731055 0.01104118
v 0.04199999 -0.05230000 0.00138564
v 0.05270001 -0.01063670 0.00247468
v 0.05120000 -0.01065844 0.00246788
v 0.05100757 -0.01067289 0.00264235
v 0.05084478 -0.01057434 0.00269030
v 0.05200001 0.01731500 0.00160216
v 0.05300000 0.01731500 0.00160216
v 0.05200001 -0.01546500 0.00160216
v 0.05300000 -0.01546500 0.00160216
v 0.05200001 0.01546500 0.00160216
v 0.05200001 0.01414544 0.00281461
v 0.05200001 -0.01731500 0.00160216
v 0.05200001 -0.01863456 0.00281461
v 0.05073672 -0.01042703 0.00276197
v 0.05070001 0.01195384 0.00500376
v 0.05070001 0.01290668 0.00566004
v 0.05070001 0.01091554 0.00621857
v 0.05070001 0.00900734 0.00719850
v 0.05070001 0.00762054 0.00827585
v 0.05070001 -0.01025793 0.00284429
v 0.05070001 0.01023279 0.00279201
v 0.05070001 0.01097270 0.00399177
v 0.04199999 0.03731055 0.01104118
v 0.04199999 0.04880578 0.00144155
v 0.05300000 0.01639000 0.00125001
v 0.04739999 0.01639000 0.00125001
v 0.05300000 0.01639000 0.00184999
v 0.05300000 -0.01639000 0.00125001
v 0.04739999 -0.01639000 0.00125001
v 0.05300000 -0.01639000 0.00184999
v 0.04739999 0.01761387 0.00536211
v 0.04739999 0.01877636 0.00495534
v 0.04739999 0.01473304 0.00550000
v 0.04739999 0.01213984 0.00582527
v 0.04739999 -0.01639000 0.00550000
v 0.04739999 -0.01473304 0.00550000
v 0.04739999 -0.01297268 0.00564863
v 0.04739999 -0.01877636 0.00495534
v 0.04739999 -0.01761387 0.00536211
v 0.05300000 -0.01091000 0.00235094
v 0.05295980 -0.01077335 0.00241281
v 0.05285000 -0.01067332 0.00245808
v 0.04746699 -0.02157057 0.00249483
v 0.04739999 0.01639000 0.00550000
v 0.05295980 0.02166067 0.00253822
v 0.05300000 0.02152552 0.00247313
v 0.05300000 -0.02152552 0.00247313
v 0.04746699 0.02157057 0.00249483
v 0.04765001 -0.02173546 0.00257425
v 0.05300000 0.01095523 0.00244839
v 0.05285000 0.02175960 0.00258587
v 0.05295980 -0.02166067 0.00253822
v 0.05295980 0.01081977 0.00251283
v 0.04765001 0.02173546 0.00257425
v 0.04789999 -0.02179581 0.00260331
v 0.05270001 0.02179581 0.00260331
v 0.05285000 -0.02175960 0.00258587
v 0.05270001 -0.02179581 0.00260331
v 0.04789999 0.02179581 0.00260331
v 0.05285000 0.01072061 0.00255997
v 0.05270001 0.01068432 0.00257726
v 0.05120000 0.01068432 0.00257726
v 0.05094999 0.01062382 0.00260602
v 0.05076700 0.01045856 0.00268464
v 0.05270001 0.01960536 0.00154318
v 0.05270001 0.01317464 0.00154318
v 0.05270001 -0.01317464 0.00154318
v 0.05270001 -0.01960536 0.00154318
v 0.04199999 0.05150000 0.00160001
v 0.04199999 -0.04950000 0.00160001
v 0.04199999 0.05212714 0.00732137
v 0.04199999 -0.05212714 0.00732137
v 0.04199999 -0.05495637 0.00603248
v 0.04199999 -0.05150000 0.00160001
v 0.05281481 0.01895173 0.00256173
v 0.05270001 0.01893558 0.00254558
v 0.05291214 0.01899772 0.00260772
v 0.05281481 0.01382827 0.00256173
v 0.05281481 -0.01382827 0.00256173
v 0.05270001 -0.01384442 0.00254558
v 0.05291214 -0.01378228 0.00260772
v 0.05281481 -0.01895173 0.00256173
v 0.05297717 0.01906654 0.00267653
v 0.05291214 0.01378228 0.00260772
v 0.05297717 -0.01371346 0.00267653
v 0.05291214 -0.01899772 0.00260772
v 0.04199999 0.04950000 0.00160001
v 0.05300000 0.01914772 0.00275771
v 0.05297717 0.01371346 0.00267653
v 0.05300000 -0.01363228 0.00275771
v 0.05297717 -0.01906654 0.00267653
v 0.05300000 0.02084644 0.00355388
v 0.05300000 0.01363228 0.00275771
v 0.05300000 0.01160407 0.00350048
v 0.05300000 -0.01153889 0.00341506
v 0.05300000 -0.01914772 0.00275771
v 0.05300000 -0.02084644 0.00355388
v 0.05270001 0.01384442 0.00254558
v 0.05270001 -0.01893558 0.00254558
v 0.05200001 0.01863456 0.00281461
v 0.05200001 -0.01414544 0.00281461
v 0.05200001 0.01639000 0.00184999
v 0.05200001 -0.01639000 0.00184999
v 0.05200001 0.01558892 0.00350974
v 0.05200001 -0.01719107 0.00350974
v 0.05200001 0.01719107 0.00350974
v 0.05200001 -0.01558892 0.00350974
v 0.04649999 -0.00984132 0.00545077
v 0.04699999 -0.01108828 0.00388749
v 0.04719764 -0.01117146 0.00391664
v 0.03215474 0.02025000 0.00200002
v 0.02984533 0.02025000 0.00199999
v 0.02869060 0.02025000 0.00399996
v 0.03330940 0.02025000 0.00400002
v 0.03215474 -0.02025000 0.00200002
v 0.02984533 -0.02025000 0.00199999
v 0.02869060 -0.02025000 0.00399996
v 0.03330940 -0.02025000 0.00400002
v 0.04735490 -0.01135473 0.00398089
v 0.04739999 -0.01155059 0.00404955
v 0.00200000 0.00207500 0.00359400
v -0.00000000 0.00207500 0.00359400
v 0.00200000 -0.00207500 0.00359400
v -0.00000000 -0.00207500 0.00359400
v 0.04699999 0.01127913 0.00309493
v 0.05295980 -0.01141879 0.00350492
v 0.04719764 0.01088219 0.00466041
v 0.04735490 0.01106072 0.00473688
v 0.04746699 -0.02088553 0.00358505
v 0.04739999 0.01125151 0.00481857
v 0.05285000 -0.01133088 0.00357072
v 0.05270001 -0.01129870 0.00359480
v 0.05120000 -0.01070752 0.00262548
v 0.05295980 0.02096371 0.00364740
v 0.04746699 0.02088553 0.00358505
v 0.04765001 -0.02102862 0.00369917
v 0.05295980 0.01148569 0.00359259
v 0.05285000 0.02104956 0.00371589
v 0.05295980 -0.02096371 0.00364740
v 0.05270001 0.01860321 0.00276767
v 0.05270001 0.01417679 0.00276767
v 0.05270001 -0.01417679 0.00276767
v 0.05270001 -0.01860321 0.00276767
v 0.05285000 0.01139903 0.00366001
v 0.05281481 0.01777640 0.00334705
v 0.05291214 0.01780129 0.00340713
v 0.05281481 0.01500360 0.00334705
v 0.05281481 -0.01500360 0.00334705
v 0.05291214 -0.01497871 0.00340713
v 0.05281481 -0.01777640 0.00334705
v 0.04765001 0.02102862 0.00369917
v 0.04789999 -0.02108099 0.00374095
v 0.05270001 0.01136731 0.00368468
v 0.05120000 0.01136731 0.00368468
v 0.05094999 0.01131444 0.00372584
v 0.05270001 0.02108099 0.00374095
v 0.05285000 -0.02104956 0.00371589
v 0.05270001 -0.02108099 0.00374095
v 0.04789999 0.02108099 0.00374095
v 0.05076700 0.01117000 0.00383823
v 0.05297717 0.01783853 0.00349708
v 0.05291214 0.01497871 0.00340713
v 0.05297717 -0.01494147 0.00349708
v 0.05291214 -0.01780129 0.00340713
v 0.05120000 -0.01173233 0.00411104
v 0.05100757 -0.01170428 0.00413744
v 0.05300000 0.01788247 0.00360314
v 0.05297717 0.01494147 0.00349708
v 0.05300000 -0.01489753 0.00360314
v 0.05297717 -0.01783853 0.00349708
v 0.05084478 -0.01162444 0.00421254
v 0.05300000 0.01994389 0.00445645
v 0.05300000 0.01246446 0.00438793
v 0.05300000 0.01349592 0.00506906
v 0.05300000 0.01489753 0.00360314
v 0.05300000 -0.01340084 0.00501902
v 0.05300000 -0.01238240 0.00431858
v 0.05300000 -0.01788247 0.00360314
v 0.05300000 -0.01994389 0.00445645
v 0.05073672 -0.01150512 0.00432478
v 0.05270001 0.01776766 0.00332595
v 0.05270001 0.01501234 0.00332595
v 0.05270001 -0.01501234 0.00332595
v 0.05270001 -0.01776766 0.00332595
v 0.07230002 0.05500000 0.00350000
v 0.07480001 0.05500000 0.00460000
v 0.06670001 0.05500000 0.00350000
v 0.07480001 -0.05500000 0.00460000
v 0.07409999 -0.05500000 0.00530000
v 0.07230002 -0.05500000 0.00350000
v 0.06420001 0.05500000 0.00460000
v 0.06490001 0.05500000 0.00530000
v 0.06580001 0.05173205 0.00300001
v 0.06580001 -0.04826795 0.00300001
v 0.06420001 -0.05500000 0.00460000
v 0.06670001 -0.05500000 0.00350000
v 0.05070001 0.00352757 0.01068263
v 0.05070001 0.00119378 0.01118649
v 0.05070001 -0.00119378 0.01118649
v 0.05070001 -0.00352757 0.01068263
v 0.05070001 -0.01136814 0.00445364
v 0.05070001 0.00570247 0.00969763
v 0.04649999 0.00967270 0.00574468
v 0.04699999 0.01080117 0.00462572
v 0.07600001 0.05500000 0.00300001
v 0.07699999 0.05500000 0.00750001
v 0.07699999 0.05500000 0.00300001
v 0.07699999 -0.05500000 0.00300001
v 0.07600001 -0.05500000 0.00460000
v 0.07600001 -0.05500000 0.00300001
v 0.07699999 -0.05500000 0.00750001
v 0.07600001 0.05500000 0.00460000
v 0.06200000 0.05500000 0.00300001
v 0.06299999 0.05500000 0.00460000
v 0.06299999 0.05500000 0.00300001
v 0.06299999 -0.05500000 0.00460000
v 0.06299999 -0.05500000 0.00300001
v 0.06200000 -0.05500000 0.00750001
v 0.06200000 -0.05500000 0.00300001
v 0.06200000 0.05500000 0.00750001
v 0.04400000 0.05495637 0.00603248
v 0.04400000 0.05212714 0.00732137
v 0.04400000 0.03731055 0.01104118
v 0.04400000 -0.05212714 0.00732137
v 0.04400000 -0.05495637 0.00603248
v 0.05270001 0.01717786 0.00344329
v 0.05270001 0.01560214 0.00344329
v 0.05270001 -0.01560214 0.00344329
v 0.05270001 -0.01717786 0.00344329
v 0.05281481 0.01639000 0.00362284
v 0.05291214 0.01639000 0.00368787
v 0.05281481 -0.01639000 0.00362284
v 0.05291214 -0.01639000 0.00368787
v 0.04580000 0.00758384 0.00636359
v 0.04580000 -0.00758384 0.00636359
v 0.04620000 -0.00789026 0.00662072
v 0.04400000 -0.02271888 0.01556353
v 0.04400000 -0.00758384 0.00636359
v 0.05297717 0.01639000 0.00378521
v 0.05297717 -0.01639000 0.00378521
v 0.05295980 -0.01228450 0.00443222
v 0.04746699 -0.01997507 0.00449555
v 0.05270001 0.01639000 0.00359999
v 0.05270001 -0.01639000 0.00359999
v 0.05300000 0.01639000 0.00390001
v 0.05300000 -0.01639000 0.00390001
v 0.07409999 0.05500000 0.00530000
v 0.06490001 -0.05500000 0.00530000
v 0.05285000 -0.01221283 0.00451542
v 0.04620000 0.00789026 0.00662072
v 0.04649999 0.00789026 0.00662072
v 0.04649999 -0.00789026 0.00662072
v 0.05295980 0.02003741 0.00457372
v 0.05270001 -0.01218660 0.00454588
v 0.04746699 0.01997507 0.00449555
v 0.04765001 -0.02008917 0.00463863
v 0.05295980 0.01236871 0.00450341
v 0.00200000 0.00000000 0.00414999
v -0.00000000 0.00000000 0.00414999
v 0.05300000 0.01886314 0.00513552
v 0.05300000 0.01765837 0.00555707
v 0.05300000 0.01464997 0.00551180
v 0.05300000 0.01610260 0.00570001
v 0.05300000 -0.01610260 0.00570001
v 0.05300000 -0.01454634 0.00548343
v 0.05300000 -0.01765837 0.00555707
v 0.05300000 -0.01886314 0.00513552
v 0.05285000 0.02010588 0.00465958
v 0.05295980 -0.02003741 0.00457372
v 0.05285000 0.01229863 0.00458793
v 0.05270001 0.01227297 0.00461887
v 0.05120000 0.01227297 0.00461887
v 0.05094999 0.01223022 0.00467043
v 0.04765001 0.02008917 0.00463863
v 0.04789999 -0.02013094 0.00469099
v 0.05270001 0.02013094 0.00469099
v 0.05285000 -0.02010588 0.00465958
v 0.05076700 0.01211341 0.00481133
v 0.05270001 -0.02013094 0.00469099
v 0.04789999 0.02013094 0.00469099
v 0.04699999 -0.01027872 0.00569303
v 0.05300000 0.01639000 0.00570001
v 0.05300000 0.01650672 0.00569881
v 0.05300000 -0.01639000 0.00570001
v 0.04719764 -0.01035582 0.00573574
v 0.04735490 -0.01052572 0.00582983
v 0.02984527 0.02025000 0.00600000
v 0.03215468 0.02025000 0.00600003
v 0.02984527 -0.01425000 0.00600000
v 0.02130940 -0.01425000 0.02800001
v 0.02015471 -0.01425000 0.02600001
v 0.02984527 -0.02025000 0.00600000
v 0.03215468 0.01425000 0.00600000
v 0.03215468 -0.01425000 0.00600000
v 0.03215468 -0.02025000 0.00600003
v 0.04739999 -0.01070727 0.00593038
v 0.05120000 -0.01222477 0.00449718
v 0.05093282 -0.01310886 0.00530203
v 0.05100757 -0.01313360 0.00525819
v 0.05101859 -0.01313469 0.00525628
v 0.05111426 -0.01314410 0.00523962
v 0.05078894 -0.01303809 0.00542735
v 0.05084478 -0.01307971 0.00535364
v 0.04746699 -0.01888483 0.00518058
v 0.05295980 -0.01332974 0.00515111
v 0.05071675 -0.01294892 0.00558527
v 0.05073672 -0.01299916 0.00549631
v 0.05285000 -0.01327770 0.00524779
v 0.05070001 -0.00762054 0.00827585
v 0.05070001 -0.00900734 0.00719850
v 0.05070001 -0.01090491 0.00622271
v 0.05070001 -0.01091554 0.00621857
v 0.05070001 -0.01290669 0.00566004
v 0.05070001 -0.00570247 0.00969763
v 0.05295980 0.01892822 0.00527067
v 0.04746699 0.01888483 0.00518058
v 0.04765001 -0.01896424 0.00534545
v 0.05270001 -0.01325865 0.00528316
v 0.05120000 -0.01315254 0.00522466
v 0.05295980 0.01342733 0.00520246
v 0.05285000 0.01897586 0.00536959
v 0.05295980 -0.01892822 0.00527067
v 0.05285000 0.01337711 0.00530009
v 0.07409999 -0.05500000 0.00649999
v 0.06490001 0.05500000 0.00649999
v 0.05270001 0.01335873 0.00533585
v 0.05120000 0.01315254 0.00522466
v 0.05111685 0.01314158 0.00524406
v 0.04699999 0.01010260 0.00600000
v 0.04719764 0.01007386 0.00621764
v 0.04765001 0.01896424 0.00534545
v 0.04789999 -0.01899330 0.00540583
v 0.05270001 0.01899330 0.00540583
v 0.05285000 -0.01897586 0.00536959
v 0.04727497 0.01015514 0.00626780
v 0.05102294 0.01312921 0.00526597
v 0.05094999 0.01311960 0.00528298
v 0.05270001 -0.01899330 0.00540583
v 0.04789999 0.01899330 0.00540583
v 0.04735490 0.01023913 0.00631963
v 0.05086025 0.01307547 0.00536115
v 0.05076700 0.01302962 0.00544237
v 0.04739999 0.01041574 0.00642864
v 0.04746699 -0.01766950 0.00560583
v 0.05074867 0.01299600 0.00550188
v 0.05072346 0.01294971 0.00558384
v 0.05295980 -0.01450539 0.00562774
v 0.05295980 0.01769175 0.00570331
v 0.05285000 -0.01447541 0.00573339
v 0.04746699 0.01766950 0.00560583
v 0.04765001 -0.01771022 0.00578426
v 0.05295980 0.01461175 0.00565685
v 0.05114650 0.01345442 0.00536819
v 0.05116188 -0.01344872 0.00537397
v 0.05270001 -0.01446443 0.00577204
v 0.05109638 -0.01356011 0.00543846
v 0.05099824 -0.01353563 0.00545154
v 0.05109754 0.01356032 0.00543840
v 0.05099997 0.01353612 0.00545113
v 0.05285000 0.01771618 0.00581039
v 0.05295980 -0.01769175 0.00570331
v 0.05090677 0.01350388 0.00548290
v 0.05114612 -0.01357134 0.00543578
v 0.07409999 0.05500000 0.00649999
v 0.06490001 -0.05500000 0.00649999
v 0.05285000 0.01458376 0.00576304
v 0.05109062 0.01376985 0.00551815
v 0.05112558 0.01357259 0.00542436
v 0.05270001 0.01457352 0.00580190
v 0.04765001 0.01771022 0.00578426
v 0.04789999 -0.01772512 0.00584955
v 0.05090466 -0.01350305 0.00548388
v 0.05082416 0.01346543 0.00553225
v 0.04746699 -0.01639000 0.00575001
v 0.05270001 0.01772512 0.00584955
v 0.05285000 -0.01771618 0.00581039
v 0.05270001 -0.01772512 0.00584955
v 0.04789999 0.01772512 0.00584955
v 0.05082190 -0.01346423 0.00553398
v 0.05113509 -0.01365703 0.00547896
v 0.05109417 -0.01377348 0.00551705
v 0.05075696 0.01342333 0.00559564
v 0.04649999 -0.00748371 0.00839980
v 0.04700002 -0.00999887 0.00617133
v 0.04700002 -0.00976807 0.00651763
v 0.04699999 -0.00954444 0.00685318
v 0.05100956 0.01399011 0.00561677
v 0.05106526 0.01391289 0.00558616
v 0.05100780 -0.01398962 0.00561671
v 0.05090892 -0.01395732 0.00562318
v 0.05091121 0.01395814 0.00562279
v 0.05295980 -0.01610260 0.00585000
v 0.05081567 -0.01391916 0.00564982
v 0.05075487 -0.01342181 0.00559811
v 0.04746699 0.01639000 0.00575001
v 0.04743850 0.01473304 0.00569244
v 0.04743126 -0.01300186 0.00582020
v 0.04743126 -0.01473304 0.00567405
v 0.05070781 0.01338042 0.00566806
v 0.05101508 -0.01399871 0.00559072
v 0.05081829 0.01392034 0.00564875
v 0.05073371 -0.01387775 0.00569428
v 0.05066073 0.01333924 0.00573553
v 0.05069276 0.01298641 0.00567396
v 0.05069276 -0.01298641 0.00567396
v 0.05070617 -0.01337867 0.00567119
v 0.05103346 0.01399819 0.00561188
v 0.05096733 -0.01413462 0.00563516
v 0.05073639 0.01387923 0.00569244
v 0.05066701 -0.01383586 0.00575234
v 0.04765001 -0.01639000 0.00593300
v 0.05099147 0.01411082 0.00564586
v 0.05087420 0.01442530 0.00574072
v 0.05077499 -0.01438323 0.00576250
v 0.05086490 -0.01442624 0.00573052
v 0.05285000 -0.01610260 0.00595979
v 0.04739999 -0.01089372 0.00622709
v 0.04743126 -0.01095736 0.00638910
v 0.05077782 0.01438435 0.00576208
v 0.05068391 -0.01434364 0.00578581
v 0.05295980 0.01610260 0.00585000
v 0.05066910 0.01301192 0.00581749
v 0.05066910 0.01097846 0.00637977
v 0.05067035 -0.01097722 0.00637658
v 0.05067035 -0.01301135 0.00581412
v 0.05061912 0.01379770 0.00581552
v 0.05065021 0.01345533 0.00575577
v 0.05066946 0.01383755 0.00574972
v 0.05066073 -0.01333926 0.00573553
v 0.05065122 -0.01344407 0.00575380
v 0.04747635 -0.01473304 0.00574397
v 0.05068698 0.01434506 0.00578468
v 0.04743850 0.01218736 0.00601174
v 0.04747405 0.01473304 0.00574525
v 0.04714343 -0.01005329 0.00620492
v 0.05060431 -0.01430328 0.00582595
v 0.05295980 0.01639000 0.00585000
v 0.05295980 -0.01639000 0.00585000
v 0.05285000 0.01639000 0.00595979
v 0.05084112 -0.01449396 0.00575267
v 0.05084848 -0.01447299 0.00574581
v 0.05270001 -0.01601611 0.00599937
v 0.04727497 -0.01015514 0.00626780
v 0.04719764 -0.01007386 0.00621764
v 0.05085513 0.01447640 0.00575612
v 0.04754811 -0.01303223 0.00599880
v 0.04754811 -0.01473304 0.00585522
v 0.04649999 0.00920448 0.00646837
v 0.04699999 0.00999886 0.00617133
v 0.04754811 0.01222757 0.00616948
v 0.04754811 0.01473304 0.00585522
v 0.05054459 0.01423594 0.00586776
v 0.05060735 0.01430492 0.00582401
v 0.04765001 0.01639000 0.00593300
v 0.05061912 -0.01379772 0.00581552
v 0.05072015 -0.01483839 0.00586529
v 0.05055523 -0.01304173 0.00599383
v 0.05055356 0.01304200 0.00599547
v 0.05081722 0.01457805 0.00578679
v 0.05072015 0.01483839 0.00586529
v 0.05062535 0.01480312 0.00587334
v 0.05285000 0.01610260 0.00595979
v 0.04789999 0.01647316 0.00599943
v 0.04789999 -0.01639000 0.00600000
v 0.05057948 0.01478604 0.00587721
v 0.05058449 0.01478791 0.00587679
v 0.05062192 -0.01480196 0.00587304
v 0.05053526 -0.01476631 0.00589617
v 0.05058437 -0.01478803 0.00587602
v 0.05270001 0.01610260 0.00600000
v 0.05285000 -0.01639000 0.00595979
v 0.05054628 -0.01422608 0.00586660
v 0.05055356 0.01104409 0.00654791
v 0.04754811 -0.01102360 0.00655772
v 0.05046007 0.01473304 0.00592704
v 0.05053943 0.01426638 0.00587140
v 0.05053848 0.01476785 0.00589432
v 0.05053943 -0.01426639 0.00587140
v 0.04736146 -0.01026487 0.00633551
v 0.04735490 -0.01023913 0.00631963
v 0.05270001 0.01651286 0.00599875
v 0.05270001 -0.01639000 0.00600000
v 0.04765486 0.01473304 0.00592564
v 0.04765606 -0.01473304 0.00592340
v 0.05071011 0.01486454 0.00587086
v 0.05057007 0.01484227 0.00588606
v 0.05071011 -0.01486454 0.00587086
v 0.05037406 -0.01306120 0.00610901
v 0.05037304 0.01306126 0.00610940
v 0.05070001 0.01489069 0.00587632
v 0.05070001 -0.01489069 0.00587632
v 0.05056998 -0.01484222 0.00588609
v 0.05037304 0.01473304 0.00596909
v 0.05046007 -0.01473304 0.00592704
v 0.05056470 -0.01483992 0.00588815
v 0.05059355 0.01515467 0.00591685
v 0.05270001 -0.01610260 0.00600000
v 0.05045595 -0.01549595 0.00596924
v 0.05056473 0.01483992 0.00588818
v 0.05032512 -0.01544556 0.00596647
v 0.05046650 0.01510452 0.00593622
v 0.05045506 -0.01476134 0.00593005
v 0.05044999 -0.01478969 0.00593300
v 0.05033138 -0.01541265 0.00596480
v 0.05039560 0.01507534 0.00594757
v 0.05044999 0.01478969 0.00593300
v 0.05045506 0.01476134 0.00593005
v 0.05045595 0.01549594 0.00596924
v 0.05032512 0.01544555 0.00596647
v 0.04773038 -0.01473304 0.00597034
v 0.04773038 -0.01305154 0.00611232
v 0.04771193 0.01225425 0.00627418
v 0.04771193 0.01473304 0.00596328
v 0.05037406 -0.01473304 0.00596873
v 0.05033490 0.01473304 0.00597592
v 0.05033487 -0.01473304 0.00597577
v 0.04739999 -0.01041574 0.00642864
v 0.04789999 0.01639000 0.00600000
v 0.05033138 0.01541265 0.00596480
v 0.05270001 0.01639000 0.00600000
v 0.04789999 0.01473304 0.00600000
v 0.05020001 0.01473304 0.00600000
v 0.05020001 -0.01473304 0.00600000
v 0.05032435 0.01544950 0.00596668
v 0.05020001 -0.01610260 0.00600000
v 0.05020001 0.01610260 0.00600000
v 0.05045440 0.01549958 0.00596945
v 0.04789999 -0.01305651 0.00614153
v 0.04789999 -0.01473304 0.00600000
v 0.05020001 -0.01306641 0.00613986
v 0.05020001 0.01306641 0.00613986
v 0.05055523 -0.01104348 0.00654636
v 0.05037304 0.01108610 0.00665556
v 0.04773038 -0.01106570 0.00666489
v 0.04789999 0.01226332 0.00630976
v 0.04199999 0.01425000 0.03425001
v 0.02984533 -0.01425000 0.02599998
v 0.04741370 0.01013574 0.00668941
v 0.04741391 0.01013402 0.00669099
v 0.04744064 0.00992145 0.00688510
v 0.05037406 -0.01108596 0.00665520
v 0.05020001 0.01109733 0.00668435
v 0.05020001 -0.01109733 0.00668435
v 0.04789999 -0.01109733 0.00668435
v 0.04789999 -0.01110603 0.00668095
v 0.04754811 0.00987732 0.00709279
v 0.04710963 -0.00992259 0.00635697
v 0.04699999 0.00976889 0.00652023
v 0.04708734 0.00979799 0.00652359
v 0.04711446 0.00992260 0.00636087
v 0.04726034 -0.01001584 0.00640385
v 0.04725995 0.01001345 0.00640644
v 0.05066910 0.00910171 0.00734357
v 0.05067035 -0.00909984 0.00734068
v 0.04740673 -0.01027819 0.00655673
v 0.04736098 0.01014056 0.00647809
v 0.04789999 0.01112575 0.00675668
v 0.04771193 0.00992904 0.00718765
v 0.04735314 -0.01012854 0.00646724
v 0.04708200 -0.00979749 0.00652121
v 0.04724142 0.00988070 0.00655393
v 0.04580000 0.00495000 0.00857367
v 0.04580000 -0.00495000 0.00857367
v 0.04620000 -0.00515000 0.00892006
v 0.04400000 -0.00839557 0.02087496
v 0.04400000 -0.00495000 0.00857367
v 0.05055356 0.00920014 0.00749485
v 0.04745000 -0.00984702 0.00695305
v 0.04743403 -0.00997410 0.00683700
v 0.04743194 -0.00999063 0.00682192
v 0.04741370 -0.01013573 0.00668941
v 0.04724159 -0.00988227 0.00655217
v 0.04735595 0.01000185 0.00661476
v 0.04734638 -0.00998949 0.00660555
v 0.04649999 0.00654606 0.00914942
v 0.04699999 0.00961357 0.00675587
v 0.04699999 0.00793550 0.00845940
v 0.04699999 0.00954445 0.00685318
v 0.07249999 0.05500000 0.00649999
v 0.07249999 0.05500000 0.00750001
v 0.07249999 -0.05500000 0.00649999
v 0.07249999 -0.05500000 0.00750001
v 0.06650001 -0.05500000 0.00750001
v 0.06650001 -0.05500000 0.00649999
v 0.06650001 0.05500000 0.00649999
v 0.06650001 0.05500000 0.00750001
v 0.04706451 -0.00967387 0.00668620
v 0.04705339 -0.00956211 0.00685196
v 0.04703822 -0.00955709 0.00685228
v 0.04707017 0.00967480 0.00668703
v 0.04723093 0.00974839 0.00670274
v 0.05055523 -0.00919923 0.00749345
v 0.05037304 0.00926314 0.00759171
v 0.04723096 -0.00974915 0.00670187
v 0.04735750 0.00986230 0.00675271
v 0.04756376 -0.00930075 0.00743769
v 0.04754623 -0.00938487 0.00736307
v 0.04734641 -0.00984974 0.00674526
v 0.04620000 0.00515000 0.00892006
v 0.04649999 0.00515000 0.00892006
v 0.04649999 -0.00515000 0.00892006
v 0.05020001 -0.01108720 0.00668828
v 0.05020001 -0.00927999 0.00761761
v 0.05037406 -0.00926294 0.00759141
v 0.05020001 0.00927999 0.00761761
v 0.04789999 -0.00925102 0.00763653
v 0.04773038 -0.00923476 0.00761174
v 0.04789999 -0.01107654 0.00669248
v 0.04720926 -0.00961370 0.00684835
v 0.04712262 -0.00958503 0.00685035
v 0.04705900 0.00956398 0.00685181
v 0.04712545 0.00958599 0.00685029
v 0.04704091 0.00955799 0.00685222
v 0.04721212 0.00961469 0.00684829
v 0.04789999 -0.00795923 0.00864367
v 0.04723003 -0.00962058 0.00684787
v 0.04722714 -0.00961962 0.00684793
v 0.04723015 0.00962065 0.00684787
v 0.04735300 0.00972064 0.00688760
v 0.04740876 -0.00977981 0.00691558
v 0.04740220 -0.00976911 0.00690962
v 0.04734689 -0.00972140 0.00688980
v 0.04734367 -0.00971861 0.00688864
v 0.04736116 0.00972730 0.00689025
v 0.04738235 0.00974453 0.00689711
v 0.04740792 0.00978328 0.00691827
v 0.04789999 0.00994662 0.00721990
v 0.04732826 0.00922638 0.00732146
v 0.04740762 0.00927166 0.00732584
v 0.04732540 -0.00922501 0.00732152
v 0.04724028 -0.00919133 0.00732873
v 0.04718929 0.00918653 0.00729205
v 0.04724317 0.00919226 0.00732829
v 0.04714897 -0.00921846 0.00728370
v 0.04706367 0.00942403 0.00700082
v 0.04704806 -0.00943926 0.00699209
v 0.04699999 -0.00802026 0.00854655
v 0.04745000 0.00984702 0.00695305
v 0.04740497 -0.00926991 0.00732551
v 0.04747605 -0.00932406 0.00734033
v 0.04747843 0.00932618 0.00734104
v 0.04754623 0.00938488 0.00736307
v 0.04745635 0.00981650 0.00698011
v 0.04756373 0.00930077 0.00743769
v 0.04771635 0.00864337 0.00802530
v 0.04764613 0.00890496 0.00778885
v 0.05066910 0.00773777 0.00840317
v 0.05066642 -0.00773491 0.00840007
v 0.04777440 0.00842713 0.00822075
v 0.04789999 0.00795923 0.00864367
v 0.05020001 0.00795923 0.00864367
v 0.04716444 -0.00918465 0.00732835
v 0.04720157 0.00916328 0.00732057
v 0.04731458 0.00894960 0.00758259
v 0.04741910 0.00877998 0.00779627
v 0.04729396 -0.00896888 0.00755994
v 0.04749357 -0.00881462 0.00778745
v 0.04741689 -0.00876407 0.00777979
v 0.04757419 -0.00885562 0.00778274
v 0.04749646 0.00881589 0.00778709
v 0.04717159 -0.00917274 0.00734113
v 0.04758703 -0.00918888 0.00753696
v 0.05066195 -0.00775015 0.00841661
v 0.04757699 0.00885730 0.00778280
v 0.05065870 0.00774875 0.00841509
v 0.05055356 -0.00786003 0.00853594
v 0.05038929 0.00793126 0.00861330
v 0.05055356 0.00786003 0.00853594
v 0.04764628 -0.00890441 0.00778933
v 0.04740724 0.00877437 0.00779743
v 0.05039134 -0.00793345 0.00861569
v 0.05037340 -0.00793586 0.00861831
v 0.05037304 0.00793829 0.00862093
v 0.04773521 -0.00857315 0.00808875
v 0.05020001 -0.00795923 0.00864367
v 0.04777440 -0.00842713 0.00822075
v 0.04744503 -0.00871717 0.00783013
v 0.04759588 -0.00846587 0.00809987
v 0.04769256 -0.00838952 0.00823085
v 0.04769557 0.00839067 0.00823019
v 0.04758384 0.00846884 0.00813477
v 0.04743772 0.00871675 0.00786810
v 0.04748210 0.00863283 0.00797100
v 0.04766172 -0.00835617 0.00821762
v 0.04764673 0.00836747 0.00823600
v 0.04774809 -0.00821230 0.00837202
v 0.04785022 0.00803947 0.00856353
v 0.04774510 0.00820889 0.00839437
v 0.04785367 -0.00803639 0.00856085
v 0.04649999 -0.00428319 0.01040272
v 0.04699999 -0.00781632 0.00877313
v 0.05066195 -0.00579946 0.00986259
v 0.05066195 0.00579946 0.00986259
v 0.05055356 0.00588169 0.01000242
v 0.04699999 0.00683699 0.00955604
v 0.05039134 0.00593663 0.01009585
v 0.05055356 -0.00588169 0.01000242
v 0.04580000 0.00171912 0.00974961
v 0.04580000 -0.00171912 0.00974961
v 0.04620000 -0.00178858 0.01014353
v 0.04400000 -0.00427570 0.02209000
v 0.04400000 -0.00171912 0.00974961
v 0.05039134 -0.00593663 0.01009585
v 0.05020001 -0.00595592 0.01012866
v 0.05020001 0.00595592 0.01012866
v 0.04699999 -0.00508247 0.01048399
v 0.04620000 0.00178858 0.01014353
v 0.04649999 0.00178858 0.01014353
v 0.04649999 0.00315033 0.01079990
v 0.04649999 -0.00178858 0.01014353
v 0.04699999 0.00506246 0.01041855
v 0.05066195 0.00358757 0.01086433
v 0.04400000 0.00000000 0.02249999
v 0.04400000 0.00427570 0.02209000
v 0.04400000 0.00839557 0.02087496
v 0.04400000 0.02271888 0.01556353
v 0.05055356 0.00363843 0.01101835
v 0.05066195 -0.00358757 0.01086433
v 0.05039134 0.00367241 0.01112129
v 0.05055356 -0.00363843 0.01101835
v 0.05020001 0.00510970 0.01051189
v 0.05020001 -0.00510970 0.01051189
v 0.05039134 -0.00367241 0.01112129
v 0.04649999 -0.00060023 0.01123397
v 0.04699999 -0.00447355 0.01086508
v 0.04699999 0.00329034 0.01127989
v 0.05020001 0.00368435 0.01115741
v 0.05020001 -0.00368435 0.01115741
v 0.05066195 0.00121408 0.01137675
v 0.04699999 0.00174821 0.01150019
v 0.04699999 -0.00000035 0.01175000
v 0.05055356 0.00123130 0.01153804
v 0.05066195 -0.00121408 0.01137675
v 0.04699999 -0.00173473 0.01148324
v 0.05039134 0.00124280 0.01164581
v 0.05055356 -0.00123130 0.01153804
v 0.05039134 -0.00124280 0.01164581
v 0.05020001 -0.00175559 0.01157384
v 0.05020001 0.00175559 0.01157384
v 0.04699999 -0.00062691 0.01173328
v 0.05020001 -0.00124684 0.01168366
v 0.05020001 0.00124684 0.01168366
v 0.05020001 0.00000000 0.01175000
v 0.04199999 0.02271888 0.01556353
v 0.04199999 0.02275000 0.03394999
v 0.03999999 0.02275000 0.03594999
v 0.04199999 -0.02275000 0.03394999
v 0.04199999 -0.02271888 0.01556353
v 0.04199999 0.02075000 0.03394999
v 0.04199999 -0.02075000 0.03394999
v 0.03999999 -0.02075000 0.03594999
v 0.04199999 0.00839557 0.02087496
v 0.04199999 -0.01325000 0.03524999
v 0.04199999 -0.01425000 0.03425001
v 0.04199999 -0.00839557 0.02087496
v 0.03330940 -0.01425000 0.02800001
v 0.04199999 0.00427570 0.02209000
v 0.04199999 0.01325000 0.03524999
v 0.04199999 -0.00427570 0.02209000
v 0.04199999 0.00000000 0.02249999
v 0.03215474 0.02025000 0.02600001
v 0.02984533 0.02025000 0.02599998
v 0.02869060 0.02025000 0.02799998
v 0.03330940 0.02025000 0.02800001
v 0.02869060 0.01425000 0.02799998
v 0.02869060 -0.01425000 0.02799998
v 0.03215474 -0.02025000 0.02600001
v 0.02984533 -0.02025000 0.02599998
v 0.02869060 -0.02025000 0.02799998
v 0.02015471 0.02025000 0.02600001
v 0.01784533 0.02025000 0.02599998
v 0.01669061 0.02025000 0.02799998
v 0.02130940 0.02025000 0.02800001
v 0.01669061 -0.01425000 0.02799998
v 0.02015471 -0.02025000 0.02600001
v 0.01784533 -0.02025000 0.02599998
v 0.01669061 -0.02025000 0.02799998
v 0.03330940 0.01425000 0.02800001
v 0.03330940 -0.02025000 0.02800001
v 0.02130940 0.01425000 0.02800001
v 0.02130940 -0.02025000 0.02800001
v 0.02984527 0.02025000 0.02999999
v 0.03215468 0.02025000 0.03000002
v 0.02984527 0.01425000 0.02999999
v 0.02984527 -0.01425000 0.02999999
v 0.02015468 -0.01425000 0.03000002
v 0.02984527 -0.02025000 0.02999999
v 0.01784527 0.02025000 0.02999999
v 0.02015468 0.02025000 0.03000002
v 0.01784527 0.01425000 0.02999999
v 0.01784527 -0.01425000 0.02999999
v 0.01784527 -0.02025000 0.02999999
v 0.03215468 0.01425000 0.03000002
v 0.03215468 -0.01425000 0.03000002
v 0.03215468 -0.02025000 0.03000002
v 0.02015468 0.01425000 0.03000002
v 0.02015468 -0.02025000 0.03000002
v 0.04173204 0.02275000 0.03495000
v 0.04173204 0.02075000 0.03495000
v 0.04100000 0.02075000 0.03568204
v 0.03999999 0.02075000 0.03594999
v 0.04173204 -0.02075000 0.03495000
v 0.04173204 -0.02275000 0.03495000
v 0.04100000 -0.02275000 0.03568204
v 0.03999999 -0.02275000 0.03594999
v 0.00800001 -0.01325000 0.03524999
v 0.00800001 0.01325000 0.03524999
v 0.04100000 0.02275000 0.03568204
v 0.04100000 -0.02075000 0.03568204
v 0.06968156 0.06500000 -0.00141783
v 0.06943935 0.05500000 -0.00142811
v 0.06943935 0.06500000 -0.00142811
v 0.06919885 0.05500000 -0.00139733
v 0.06919885 0.06500000 -0.00139733
v 0.06968156 0.05500000 -0.00141783
v 0.06991857 0.06500000 -0.00136675
v 0.06991857 0.05500000 -0.00136675
v 0.06896704 0.05500000 -0.00132634
v 0.06896704 0.06500000 -0.00132634
v 0.07014352 0.06500000 -0.00127636
v 0.07014352 0.05500000 -0.00127636
v 0.06875056 0.05500000 -0.00121717
v 0.06875056 0.06500000 -0.00121717
v 0.07034996 0.06500000 -0.00114922
v 0.07034996 0.05500000 -0.00114922
v 0.06855562 0.05500000 -0.00107302
v 0.06855562 0.06500000 -0.00107302
v 0.07053196 0.06500000 -0.00098907
v 0.07053196 0.05500000 -0.00098907
v 0.06838787 0.05500000 -0.00089799
v 0.06838787 0.06500000 -0.00089799
v 0.07068428 0.06500000 -0.00080042
v 0.07068428 0.05500000 -0.00080042
v 0.06825212 0.05500000 -0.00069712
v 0.06825212 0.06500000 -0.00069712
v 0.07080251 0.06500000 -0.00058876
v 0.07080251 0.05500000 -0.00058876
v 0.06815225 0.05500000 -0.00047620
v 0.06815225 0.06500000 -0.00047620
v 0.07088327 0.06500000 -0.00036018
v 0.07088327 0.05500000 -0.00036018
v 0.06809115 0.05500000 -0.00024156
v 0.06809115 0.06500000 -0.00024156
v 0.07092425 0.06500000 -0.00012122
v 0.07092425 0.05500000 -0.00012122
v 0.06807059 0.05500000 0.00000001
v 0.06807059 0.06500000 0.00000001
v 0.07092425 0.06500000 0.00012122
v 0.07092425 0.05500000 0.00012122
v 0.06809115 0.05500000 0.00024156
v 0.06809115 0.06500000 0.00024156
v 0.07088327 0.06500000 0.00036018
v 0.07088327 0.05500000 0.00036018
v 0.06815225 0.05500000 0.00047620
v 0.06815225 0.06500000 0.00047620
v 0.07080251 0.06500000 0.00058876
v 0.07080251 0.05500000 0.00058876
v 0.06825212 0.05500000 0.00069712
v 0.06825212 0.06500000 0.00069712
v 0.07068428 0.06500000 0.00080042
v 0.07068428 0.05500000 0.00080042
v 0.06838787 0.05500000 0.00089799
v 0.06838787 0.06500000 0.00089799
v 0.07053196 0.06500000 0.00098906
v 0.07053196 0.05500000 0.00098906
v 0.06855562 0.05500000 0.00107302
v 0.06855562 0.06500000 0.00107302
v 0.07034996 0.06500000 0.00114922
v 0.07034996 0.05500000 0.00114922
v 0.06875056 0.05500000 0.00121717
v 0.06875056 0.06500000 0.00121717
v 0.07014352 0.06500000 0.00127636
v 0.07014352 0.05500000 0.00127636
v 0.06896704 0.05500000 0.00132634
v 0.06896704 0.06500000 0.00132634
v 0.06991857 0.06500000 0.00136675
v 0.06991857 0.05500000 0.00136675
v 0.06919885 0.05500000 0.00139733
v 0.06919885 0.06500000 0.00139733
v 0.06968156 0.06500000 0.00141783
v 0.06968156 0.05500000 0.00141783
v 0.06943935 0.05500000 0.00142811
v 0.06943935 0.06500000 0.00142811
f 1 2 3
f 4 1 3
f 5 4 3
f 6 5 3
f 2 6 3
f 7 8 2
f 1 7 2
f 9 6 2
f 8 9 2
f 9 10 6
f 10 5 6
f 11 10 9
f 8 11 9
f 12 1 4
f 13 12 4
f 14 13 4
f 5 14 4
f 7 15 8
f 15 11 8
f 10 14 5
f 16 17 11
f 17 10 11
f 15 16 11
f 18 12 13
f 19 18 13
f 20 19 13
f 14 20 13
f 7 21 15
f 21 16 15
f 22 20 14
f 10 22 14
f 23 24 16
f 24 17 16
f 25 23 16
f 21 25 16
f 26 18 19
f 27 26 19
f 20 27 19
f 7 28 21
f 29 25 21
f 28 29 21
f 22 30 20
f 30 27 20
f 29 23 25
f 31 26 27
f 30 31 27
f 7 32 28
f 33 29 28
f 32 33 28
f 34 35 30
f 22 34 30
f 35 31 30
f 36 23 29
f 33 36 29
f 37 38 39
f 34 40 39
f 41 34 39
f 38 41 39
f 42 37 39
f 40 42 39
f 43 44 42
f 44 22 42
f 22 45 42
f 45 46 42
f 46 37 42
f 40 43 42
f 47 48 49
f 50 51 49
f 23 47 49
f 52 23 49
f 51 52 49
f 48 50 49
f 53 54 48
f 54 36 48
f 36 55 48
f 55 56 48
f 47 53 48
f 56 50 48
f 45 57 46
f 58 59 46
f 59 37 46
f 57 60 46
f 60 58 46
f 56 61 50
f 61 51 50
f 59 38 37
f 55 62 56
f 62 63 56
f 63 64 56
f 64 61 56
f 61 64 58
f 64 59 58
f 65 66 58
f 67 61 58
f 68 67 58
f 66 68 58
f 69 65 58
f 60 69 58
f 70 51 61
f 67 71 61
f 71 72 61
f 72 73 61
f 73 70 61
f 74 38 59
f 75 76 59
f 64 75 59
f 76 77 59
f 77 78 59
f 78 74 59
f 79 75 64
f 80 79 64
f 63 81 64
f 81 82 64
f 82 80 64
f 83 84 85
f 86 83 85
f 87 86 85
f 88 87 85
f 89 88 85
f 84 89 85
f 90 91 83
f 86 90 83
f 91 84 83
f 92 90 86
f 87 92 86
f 91 93 84
f 93 89 84
f 94 92 87
f 88 94 87
f 93 95 89
f 96 88 89
f 97 96 89
f 95 97 89
f 98 94 88
f 99 98 88
f 100 99 88
f 96 100 88
f 34 101 40
f 101 43 40
f 101 44 43
f 102 53 47
f 23 102 47
f 102 54 53
f 91 103 93
f 103 95 93
f 104 92 94
f 98 104 94
f 95 105 97
f 106 96 97
f 107 106 97
f 105 107 97
f 108 100 96
f 106 108 96
f 109 110 91
f 90 109 91
f 110 103 91
f 104 111 92
f 111 90 92
f 105 112 107
f 113 106 107
f 114 113 107
f 112 114 107
f 115 108 106
f 113 115 106
f 109 116 110
f 116 117 110
f 117 103 110
f 118 22 10
f 119 118 10
f 120 119 10
f 17 120 10
f 121 120 17
f 24 121 17
f 120 122 119
f 122 118 119
f 121 122 120
f 123 109 90
f 124 123 90
f 111 124 90
f 112 125 114
f 126 113 114
f 125 126 114
f 126 115 113
f 117 95 103
f 127 104 98
f 128 127 98
f 99 128 98
f 117 129 95
f 129 105 95
f 130 128 99
f 131 130 99
f 100 131 99
f 129 132 105
f 132 112 105
f 133 131 100
f 108 133 100
f 127 111 104
f 132 134 112
f 134 125 112
f 135 133 108
f 115 135 108
f 34 44 101
f 34 22 44
f 23 54 102
f 23 36 54
f 136 137 109
f 123 136 109
f 137 138 109
f 138 116 109
f 134 139 125
f 139 126 125
f 126 135 115
f 116 140 117
f 140 129 117
f 141 127 128
f 130 141 128
f 142 143 127
f 143 111 127
f 141 144 127
f 144 142 127
f 138 140 116
f 145 124 111
f 143 145 111
f 146 45 118
f 45 22 118
f 122 147 118
f 147 148 118
f 148 149 118
f 149 146 118
f 23 150 24
f 150 151 24
f 151 152 24
f 152 153 24
f 153 121 24
f 121 154 122
f 154 155 122
f 155 156 122
f 156 157 122
f 158 159 122
f 159 147 122
f 160 158 122
f 161 160 122
f 157 161 122
f 162 154 121
f 153 163 121
f 163 164 121
f 164 165 121
f 165 162 121
f 123 166 136
f 166 167 136
f 167 168 136
f 168 137 136
f 124 169 123
f 169 166 123
f 170 167 166
f 171 170 166
f 169 171 166
f 172 171 169
f 173 172 169
f 124 173 169
f 138 174 140
f 174 129 140
f 175 144 141
f 130 176 141
f 176 175 141
f 174 177 129
f 177 178 129
f 178 132 129
f 179 180 130
f 180 176 130
f 131 179 130
f 178 181 132
f 181 134 132
f 182 179 131
f 133 182 131
f 181 183 134
f 183 184 134
f 184 139 134
f 185 182 133
f 135 185 133
f 186 187 34
f 187 188 34
f 188 189 34
f 189 190 34
f 41 191 34
f 191 192 34
f 192 186 34
f 190 35 34
f 52 150 23
f 33 193 36
f 193 194 36
f 194 55 36
f 12 170 171
f 1 12 171
f 172 1 171
f 173 195 172
f 7 1 172
f 195 7 172
f 196 197 7
f 198 32 7
f 197 198 7
f 195 196 7
f 184 199 139
f 200 126 139
f 199 200 139
f 201 185 135
f 202 201 135
f 126 202 135
f 137 203 138
f 203 204 138
f 204 205 138
f 205 174 138
f 206 26 31
f 207 206 31
f 35 207 31
f 193 33 32
f 198 193 32
f 190 207 35
f 168 208 137
f 208 209 137
f 209 203 137
f 167 210 168
f 210 211 168
f 211 208 168
f 145 173 124
f 212 210 167
f 170 212 167
f 213 195 173
f 145 213 173
f 214 143 142
f 144 215 142
f 215 214 142
f 216 177 174
f 205 216 174
f 217 218 175
f 176 217 175
f 219 144 175
f 218 219 175
f 220 216 205
f 221 220 205
f 204 221 205
f 219 222 144
f 222 215 144
f 180 217 176
f 216 223 177
f 223 178 177
f 223 181 178
f 224 217 180
f 179 224 180
f 18 212 170
f 12 18 170
f 213 225 195
f 225 196 195
f 226 197 196
f 225 226 196
f 222 227 215
f 227 214 215
f 203 228 204
f 228 221 204
f 229 143 214
f 230 229 214
f 231 232 214
f 232 233 214
f 233 234 214
f 234 235 214
f 235 236 214
f 236 237 214
f 237 238 214
f 238 239 214
f 239 230 214
f 227 231 214
f 240 183 181
f 223 240 181
f 182 224 179
f 219 241 222
f 242 227 222
f 241 242 222
f 243 244 203
f 209 243 203
f 244 245 203
f 245 246 203
f 246 247 203
f 247 248 203
f 248 249 203
f 249 250 203
f 250 251 203
f 251 228 203
f 252 184 183
f 240 252 183
f 185 253 182
f 253 224 182
f 201 254 185
f 254 253 185
f 252 199 184
f 229 145 143
f 242 231 227
f 255 221 228
f 251 255 228
f 256 200 199
f 252 256 199
f 202 254 201
f 242 232 231
f 257 221 255
f 251 250 255
f 250 258 255
f 258 259 255
f 259 257 255
f 241 260 242
f 261 232 242
f 262 261 242
f 260 262 242
f 257 220 221
f 219 260 241
f 261 233 232
f 249 263 250
f 263 258 250
f 259 264 257
f 264 220 257
f 265 266 260
f 219 265 260
f 266 262 260
f 267 206 207
f 190 267 207
f 197 268 198
f 269 193 198
f 268 269 198
f 189 270 190
f 270 267 190
f 269 271 193
f 271 194 193
f 261 234 233
f 261 272 234
f 272 235 234
f 248 263 249
f 272 236 235
f 273 236 272
f 274 273 272
f 261 274 272
f 265 275 266
f 275 262 266
f 276 264 259
f 258 276 259
f 277 258 263
f 278 277 263
f 248 278 263
f 279 274 261
f 262 279 261
f 275 279 262
f 280 276 258
f 277 280 258
f 247 278 248
f 281 216 220
f 282 281 220
f 264 283 220
f 283 282 220
f 281 223 216
f 284 285 218
f 217 284 218
f 286 219 218
f 285 286 218
f 265 287 275
f 287 279 275
f 276 288 264
f 288 283 264
f 289 284 217
f 224 289 217
f 290 240 223
f 281 290 223
f 291 237 236
f 273 291 236
f 292 278 247
f 246 292 247
f 280 288 276
f 293 294 295
f 296 297 295
f 297 298 295
f 298 293 295
f 299 300 295
f 300 296 295
f 294 299 295
f 301 300 299
f 302 301 299
f 303 304 299
f 304 305 299
f 305 302 299
f 294 303 299
f 300 297 296
f 301 306 300
f 306 297 300
f 307 308 309
f 310 307 309
f 311 310 309
f 312 311 309
f 313 312 309
f 308 313 309
f 313 311 312
f 314 315 310
f 311 316 310
f 316 317 310
f 317 314 310
f 318 307 310
f 315 319 310
f 319 320 310
f 320 318 310
f 321 322 311
f 322 316 311
f 323 321 311
f 313 324 311
f 324 323 311
f 325 267 326
f 327 325 326
f 328 327 326
f 329 328 326
f 330 329 326
f 267 330 326
f 325 206 267
f 270 330 267
f 197 331 268
f 331 332 268
f 332 269 268
f 331 333 332
f 333 334 332
f 335 269 332
f 334 335 332
f 336 329 330
f 189 336 330
f 270 189 330
f 335 337 269
f 337 338 269
f 338 271 269
f 339 340 335
f 340 337 335
f 334 339 335
f 341 289 224
f 253 341 224
f 342 252 240
f 290 342 240
f 343 283 288
f 344 343 288
f 280 344 288
f 265 345 287
f 345 346 287
f 346 279 287
f 345 347 346
f 348 279 346
f 347 348 346
f 349 343 344
f 280 349 344
f 350 341 253
f 254 350 253
f 348 351 279
f 351 352 279
f 352 274 279
f 245 292 246
f 353 256 252
f 354 353 252
f 342 354 252
f 277 355 280
f 355 356 280
f 356 357 280
f 357 349 280
f 245 244 292
f 244 358 292
f 358 359 292
f 359 278 292
f 273 360 291
f 360 238 291
f 238 237 291
f 361 273 274
f 352 362 274
f 362 361 274
f 278 363 277
f 363 355 277
f 359 364 278
f 364 363 278
f 361 360 273
f 360 365 238
f 365 366 238
f 366 239 238
f 243 367 244
f 367 368 244
f 368 358 244
f 286 265 219
f 353 200 256
f 202 350 254
f 369 345 265
f 286 369 265
f 370 371 345
f 371 347 345
f 372 370 345
f 369 372 345
f 366 373 239
f 373 230 239
f 209 374 243
f 374 367 243
f 371 348 347
f 375 343 349
f 376 375 349
f 357 376 349
f 370 348 371
f 370 377 348
f 377 351 348
f 356 378 357
f 378 376 357
f 355 378 356
f 377 352 351
f 377 362 352
f 363 378 355
f 364 378 363
f 377 379 362
f 379 361 362
f 380 377 370
f 381 380 370
f 382 381 370
f 372 382 370
f 383 327 328
f 384 383 328
f 329 384 328
f 333 385 334
f 385 339 334
f 336 384 329
f 386 387 339
f 387 340 339
f 385 386 339
f 208 388 209
f 388 374 209
f 389 229 230
f 373 389 230
f 388 367 374
f 366 390 373
f 390 389 373
f 391 368 367
f 388 391 367
f 365 390 366
f 391 358 368
f 379 390 365
f 360 379 365
f 392 359 358
f 391 392 358
f 361 379 360
f 392 364 359
f 392 378 364
f 393 375 376
f 378 393 376
f 394 375 393
f 378 395 393
f 395 394 393
f 396 369 286
f 285 396 286
f 208 397 388
f 397 398 388
f 398 391 388
f 399 379 377
f 380 399 377
f 392 395 378
f 400 390 379
f 399 400 379
f 401 395 392
f 391 401 392
f 402 290 281
f 282 402 281
f 403 402 282
f 283 403 282
f 404 380 381
f 382 404 381
f 405 375 394
f 395 406 394
f 406 405 394
f 407 408 404
f 408 380 404
f 382 407 404
f 409 290 402
f 403 409 402
f 400 389 390
f 398 401 391
f 410 290 409
f 403 410 409
f 411 412 285
f 284 411 285
f 412 396 285
f 413 410 403
f 283 413 403
f 343 414 283
f 414 415 283
f 415 413 283
f 416 411 284
f 289 416 284
f 417 342 290
f 410 417 290
f 210 418 211
f 418 419 211
f 419 420 211
f 420 421 211
f 421 208 211
f 422 213 145
f 229 422 145
f 423 418 210
f 212 423 210
f 424 225 213
f 422 424 213
f 408 425 380
f 425 399 380
f 401 406 395
f 375 426 343
f 426 414 343
f 427 428 405
f 428 375 405
f 406 429 405
f 429 427 405
f 425 430 399
f 430 400 399
f 431 406 401
f 398 431 401
f 432 416 289
f 341 432 289
f 433 354 342
f 417 433 342
f 434 389 400
f 430 434 400
f 397 435 398
f 435 431 398
f 434 229 389
f 208 436 397
f 436 435 397
f 437 293 298
f 301 437 298
f 306 301 298
f 297 306 298
f 302 437 301
f 324 313 308
f 307 324 308
f 438 324 307
f 318 438 307
f 438 323 324
f 439 425 408
f 440 439 408
f 407 440 408
f 421 436 208
f 441 429 406
f 431 441 406
f 429 442 427
f 442 428 427
f 382 443 407
f 443 444 407
f 444 440 407
f 445 430 425
f 439 445 425
f 446 447 431
f 448 446 431
f 447 441 431
f 435 448 431
f 428 449 375
f 449 426 375
f 450 432 341
f 350 450 341
f 451 452 354
f 453 451 354
f 433 453 354
f 452 353 354
f 26 423 212
f 18 26 212
f 424 454 225
f 454 226 225
f 455 197 226
f 454 455 226
f 445 434 430
f 436 448 435
f 441 456 429
f 456 442 429
f 447 456 441
f 444 457 440
f 457 439 440
f 458 369 396
f 412 458 396
f 458 459 369
f 459 460 369
f 460 372 369
f 446 461 447
f 461 456 447
f 462 445 439
f 457 462 439
f 442 449 428
f 463 200 353
f 452 463 353
f 451 463 452
f 202 450 350
f 464 461 446
f 448 464 446
f 465 434 445
f 462 465 445
f 436 464 448
f 421 464 436
f 466 229 434
f 465 466 434
f 467 382 372
f 460 468 372
f 468 467 372
f 469 470 413
f 470 410 413
f 415 471 413
f 471 469 413
f 470 472 410
f 472 417 410
f 473 474 412
f 411 473 412
f 474 458 412
f 475 471 415
f 414 475 415
f 476 477 411
f 416 476 411
f 478 473 411
f 477 478 411
f 472 479 417
f 479 480 417
f 480 481 417
f 481 482 417
f 482 433 417
f 483 443 382
f 467 483 382
f 484 485 486
f 485 487 486
f 487 488 486
f 488 489 486
f 489 484 486
f 490 491 484
f 491 492 484
f 492 485 484
f 489 493 484
f 493 490 484
f 494 495 496
f 495 497 496
f 497 498 496
f 498 499 496
f 499 500 496
f 500 501 496
f 501 502 496
f 503 494 496
f 502 504 496
f 504 503 496
f 505 494 503
f 504 506 503
f 506 507 503
f 507 508 503
f 508 505 503
f 470 469 485
f 469 487 485
f 509 470 485
f 492 509 485
f 509 510 470
f 510 472 470
f 511 494 474
f 473 512 474
f 512 513 474
f 513 511 474
f 494 505 474
f 505 458 474
f 511 495 494
f 471 514 487
f 469 471 487
f 515 516 487
f 514 515 487
f 516 488 487
f 505 459 458
f 517 459 505
f 508 517 505
f 518 461 464
f 421 518 464
f 507 519 508
f 519 520 508
f 520 517 508
f 521 522 490
f 523 521 490
f 522 524 490
f 524 491 490
f 493 525 490
f 525 523 490
f 426 526 414
f 526 527 414
f 527 475 414
f 506 528 507
f 528 519 507
f 432 529 416
f 529 530 416
f 530 476 416
f 531 453 433
f 482 532 433
f 532 531 433
f 533 534 473
f 478 533 473
f 534 535 473
f 535 512 473
f 510 536 472
f 536 537 472
f 537 479 472
f 475 514 471
f 511 497 495
f 538 509 492
f 491 538 492
f 513 498 497
f 511 513 497
f 477 539 478
f 539 533 478
f 537 480 479
f 540 510 509
f 538 540 509
f 512 541 513
f 541 498 513
f 540 536 510
f 535 541 512
f 517 460 459
f 542 543 489
f 488 542 489
f 543 493 489
f 543 544 493
f 544 545 493
f 545 525 493
f 546 547 504
f 502 546 504
f 547 506 504
f 547 548 506
f 548 549 506
f 549 550 506
f 550 528 506
f 534 551 535
f 551 541 535
f 551 552 541
f 552 498 541
f 540 537 536
f 533 551 534
f 527 553 514
f 475 527 514
f 553 554 514
f 554 515 514
f 555 468 517
f 468 460 517
f 520 555 517
f 443 556 444
f 557 457 444
f 556 557 444
f 558 480 537
f 540 558 537
f 559 551 533
f 539 559 533
f 558 481 480
f 477 559 539
f 552 499 498
f 560 561 558
f 562 560 558
f 561 481 558
f 540 562 558
f 563 551 559
f 477 564 559
f 564 563 559
f 563 565 551
f 565 552 551
f 538 562 540
f 491 524 538
f 566 562 538
f 524 566 538
f 567 501 552
f 501 500 552
f 500 499 552
f 565 567 552
f 564 568 563
f 568 565 563
f 568 567 565
f 566 560 562
f 569 501 567
f 568 569 567
f 522 560 566
f 524 522 566
f 561 482 481
f 476 564 477
f 530 570 476
f 570 564 476
f 561 532 482
f 521 571 522
f 571 560 522
f 572 502 501
f 569 572 501
f 526 553 527
f 555 467 468
f 542 573 543
f 573 574 543
f 574 544 543
f 574 575 544
f 575 576 544
f 576 545 544
f 577 578 547
f 546 577 547
f 578 548 547
f 578 579 548
f 579 580 548
f 580 549 548
f 516 581 488
f 581 542 488
f 550 582 528
f 582 583 528
f 583 584 528
f 584 519 528
f 585 586 516
f 515 585 516
f 586 581 516
f 584 520 519
f 587 462 457
f 557 587 457
f 588 532 561
f 589 588 561
f 560 589 561
f 570 568 564
f 483 590 443
f 590 591 443
f 591 556 443
f 449 592 426
f 592 593 426
f 593 526 426
f 450 594 432
f 594 595 432
f 595 529 432
f 588 531 532
f 529 596 530
f 596 570 530
f 531 597 453
f 597 598 453
f 598 451 453
f 599 573 542
f 581 599 542
f 600 582 550
f 549 600 550
f 572 601 502
f 601 602 502
f 602 603 502
f 603 604 502
f 605 606 502
f 607 605 502
f 604 607 502
f 606 546 502
f 569 601 572
f 608 589 560
f 571 608 560
f 609 569 568
f 570 609 568
f 554 610 515
f 610 585 515
f 611 612 520
f 584 611 520
f 612 555 520
f 613 614 523
f 615 613 523
f 614 616 523
f 616 617 523
f 617 618 523
f 618 619 523
f 619 620 523
f 620 521 523
f 525 621 523
f 621 615 523
f 622 577 546
f 606 622 546
f 521 619 571
f 623 608 571
f 619 623 571
f 624 601 569
f 625 624 569
f 609 625 569
f 624 602 601
f 595 596 529
f 588 626 531
f 626 597 531
f 620 619 521
f 589 627 588
f 627 626 588
f 596 609 570
f 593 628 553
f 526 593 553
f 628 629 553
f 629 554 553
f 630 483 555
f 483 467 555
f 612 630 555
f 420 631 421
f 631 518 421
f 466 422 229
f 603 602 624
f 632 603 624
f 625 632 624
f 633 465 462
f 587 633 462
f 626 598 597
f 634 596 595
f 594 634 595
f 545 635 525
f 635 621 525
f 618 623 619
f 599 636 573
f 636 637 573
f 637 574 573
f 580 638 549
f 638 639 549
f 639 600 549
f 640 575 574
f 637 640 574
f 640 641 575
f 641 576 575
f 642 643 578
f 643 644 578
f 644 579 578
f 577 642 578
f 644 580 579
f 644 638 580
f 608 645 589
f 645 627 589
f 596 646 609
f 646 625 609
f 633 466 465
f 630 590 483
f 592 628 593
f 647 451 598
f 626 647 598
f 450 634 594
f 648 646 596
f 634 648 596
f 627 647 626
f 202 634 450
f 647 463 451
f 649 642 577
f 622 649 577
f 623 650 608
f 650 645 608
f 646 651 625
f 651 632 625
f 652 653 449
f 442 652 449
f 653 592 449
f 654 604 603
f 632 654 603
f 655 623 618
f 617 655 618
f 576 656 545
f 656 635 545
f 655 657 623
f 657 650 623
f 651 658 632
f 658 654 632
f 617 616 655
f 616 657 655
f 658 659 654
f 659 607 654
f 607 604 654
f 629 660 554
f 660 610 554
f 661 662 612
f 611 661 612
f 662 630 612
f 645 663 627
f 663 647 627
f 664 651 646
f 648 664 646
f 663 665 647
f 665 463 647
f 659 605 607
f 202 648 634
f 636 666 637
f 667 640 637
f 666 667 637
f 668 639 638
f 644 668 638
f 650 669 645
f 669 663 645
f 670 658 651
f 664 670 651
f 671 606 605
f 672 671 605
f 659 672 605
f 673 657 616
f 614 673 616
f 674 643 642
f 649 674 642
f 675 629 628
f 653 675 628
f 592 653 628
f 630 676 590
f 676 591 590
f 662 676 630
f 677 664 648
f 202 677 648
f 657 678 650
f 678 669 650
f 679 659 658
f 670 679 658
f 641 656 576
f 613 673 614
f 673 680 657
f 680 678 657
f 681 672 659
f 679 681 659
f 682 422 466
f 633 682 466
f 669 665 663
f 613 683 673
f 683 684 673
f 684 680 673
f 685 671 672
f 686 685 672
f 681 686 672
f 615 683 613
f 677 670 664
f 678 665 669
f 685 606 671
f 586 687 581
f 687 599 581
f 582 688 583
f 688 689 583
f 689 690 583
f 690 584 583
f 691 692 586
f 585 691 586
f 692 687 586
f 690 611 584
f 615 693 683
f 693 694 683
f 694 684 683
f 695 636 599
f 687 695 599
f 696 688 582
f 600 696 582
f 697 606 685
f 698 697 685
f 686 698 685
f 699 665 678
f 680 699 678
f 700 660 629
f 675 700 629
f 701 702 662
f 702 676 662
f 661 701 662
f 703 679 670
f 677 703 670
f 610 704 585
f 704 691 585
f 705 661 611
f 690 705 611
f 697 706 606
f 706 622 606
f 703 681 679
f 707 649 622
f 706 707 622
f 708 293 437
f 709 708 437
f 710 709 437
f 302 710 437
f 305 711 302
f 711 712 302
f 712 710 302
f 320 713 318
f 713 714 318
f 715 438 318
f 714 715 318
f 716 323 438
f 717 716 438
f 715 717 438
f 718 719 615
f 719 693 615
f 621 720 615
f 720 718 615
f 684 699 680
f 695 721 636
f 721 666 636
f 639 722 600
f 722 696 600
f 694 699 684
f 723 686 681
f 703 723 681
f 723 698 686
f 635 724 621
f 724 720 621
f 693 719 694
f 719 699 694
f 725 697 698
f 723 725 698
f 725 706 697
f 726 674 649
f 707 726 649
f 660 727 610
f 727 704 610
f 728 701 661
f 705 728 661
f 656 729 635
f 729 724 635
f 721 730 666
f 730 667 666
f 668 722 639
f 731 732 674
f 732 643 674
f 726 731 674
f 733 734 383
f 734 327 383
f 735 733 383
f 384 735 383
f 736 737 385
f 333 736 385
f 737 386 385
f 336 738 384
f 738 735 384
f 739 740 386
f 740 387 386
f 737 739 386
f 641 741 656
f 741 729 656
f 700 727 660
f 742 702 701
f 728 742 701
f 743 200 463
f 665 743 463
f 456 652 442
f 744 652 456
f 461 744 456
f 745 743 665
f 699 745 665
f 631 746 461
f 518 631 461
f 746 744 461
f 692 747 687
f 747 695 687
f 688 748 689
f 748 749 689
f 749 750 689
f 750 690 689
f 751 752 692
f 691 751 692
f 752 747 692
f 750 705 690
f 753 721 695
f 747 753 695
f 754 748 688
f 696 754 688
f 704 755 691
f 755 751 691
f 756 728 705
f 750 756 705
f 725 757 706
f 757 707 706
f 758 294 293
f 305 758 293
f 711 305 293
f 708 711 293
f 304 758 305
f 759 711 708
f 709 759 708
f 759 712 711
f 760 761 713
f 762 760 713
f 716 762 713
f 761 714 713
f 323 716 713
f 320 323 713
f 717 763 716
f 763 764 716
f 764 765 716
f 765 762 716
f 319 766 320
f 766 767 320
f 767 323 320
f 768 769 323
f 767 770 323
f 770 768 323
f 769 321 323
f 771 745 699
f 719 771 699
f 772 726 707
f 757 772 707
f 753 773 721
f 773 730 721
f 722 774 696
f 774 754 696
f 775 757 725
f 723 775 725
f 776 777 718
f 777 719 718
f 720 778 718
f 778 776 718
f 777 771 719
f 724 779 720
f 779 778 720
f 780 731 726
f 772 780 726
f 727 781 704
f 781 755 704
f 782 742 728
f 756 782 728
f 773 783 730
f 784 667 730
f 783 784 730
f 785 774 722
f 668 785 722
f 786 677 202
f 126 786 202
f 729 787 724
f 787 779 724
f 788 732 731
f 780 788 731
f 786 789 677
f 789 703 677
f 741 787 729
f 700 790 727
f 790 781 727
f 791 792 742
f 792 702 742
f 782 791 742
f 793 723 703
f 789 793 703
f 76 75 67
f 68 76 67
f 75 71 67
f 79 71 75
f 793 794 723
f 794 775 723
f 794 757 775
f 591 795 556
f 796 557 556
f 795 796 556
f 797 587 557
f 796 797 557
f 798 633 587
f 797 798 587
f 667 799 640
f 799 800 640
f 800 641 640
f 643 801 644
f 801 802 644
f 802 668 644
f 803 200 743
f 745 803 743
f 798 682 633
f 804 805 799
f 805 806 799
f 806 800 799
f 667 804 799
f 807 808 801
f 808 809 801
f 809 802 801
f 643 807 801
f 810 803 745
f 771 810 745
f 752 811 747
f 811 753 747
f 748 812 749
f 812 813 749
f 813 814 749
f 814 750 749
f 815 816 752
f 751 815 752
f 816 811 752
f 814 756 750
f 817 773 753
f 811 817 753
f 818 812 748
f 754 818 748
f 755 819 751
f 819 815 751
f 820 782 756
f 814 820 756
f 821 822 805
f 822 823 805
f 823 806 805
f 804 821 805
f 824 825 808
f 825 826 808
f 826 809 808
f 807 824 808
f 794 827 757
f 827 772 757
f 828 780 772
f 827 828 772
f 817 829 773
f 829 783 773
f 774 830 754
f 830 818 754
f 831 810 771
f 777 831 771
f 832 833 822
f 833 834 822
f 834 823 822
f 821 832 822
f 835 836 825
f 836 837 825
f 837 826 825
f 824 835 825
f 784 804 667
f 800 838 641
f 838 741 641
f 732 807 643
f 802 839 668
f 839 785 668
f 832 840 833
f 841 834 833
f 842 841 833
f 840 842 833
f 835 843 836
f 844 837 836
f 845 844 836
f 843 845 836
f 846 834 841
f 847 846 841
f 848 847 841
f 842 848 841
f 849 837 844
f 850 849 844
f 851 850 844
f 845 851 844
f 852 853 776
f 853 777 776
f 778 854 776
f 854 852 776
f 853 831 777
f 77 76 68
f 66 77 68
f 79 72 71
f 80 72 79
f 855 788 780
f 828 855 780
f 781 856 755
f 856 819 755
f 857 791 782
f 820 857 782
f 779 858 778
f 858 854 778
f 829 859 783
f 860 784 783
f 859 860 783
f 861 830 774
f 785 861 774
f 418 862 419
f 862 863 419
f 863 864 419
f 864 420 419
f 865 424 422
f 682 865 422
f 866 862 418
f 423 866 418
f 867 454 424
f 865 867 424
f 787 868 779
f 868 858 779
f 869 870 788
f 870 732 788
f 855 869 788
f 714 709 710
f 712 714 710
f 717 715 712
f 759 717 712
f 715 714 712
f 761 709 714
f 871 821 804
f 784 871 804
f 806 872 800
f 872 838 800
f 873 824 807
f 732 873 807
f 809 874 802
f 874 839 802
f 790 856 781
f 875 792 791
f 857 875 791
f 741 876 787
f 876 868 787
f 877 832 821
f 871 877 821
f 823 878 806
f 878 872 806
f 879 835 824
f 873 879 824
f 826 880 809
f 880 874 809
f 206 866 423
f 26 206 423
f 867 881 454
f 881 455 454
f 882 197 455
f 881 882 455
f 883 884 832
f 884 840 832
f 877 883 832
f 834 885 823
f 885 878 823
f 886 887 835
f 887 843 835
f 879 886 835
f 837 888 826
f 888 880 826
f 884 842 840
f 846 885 834
f 887 845 843
f 849 888 837
f 884 889 842
f 890 848 842
f 889 890 842
f 891 892 846
f 892 893 846
f 893 885 846
f 894 891 846
f 847 894 846
f 887 895 845
f 896 851 845
f 895 896 845
f 897 898 849
f 898 899 849
f 899 888 849
f 900 897 849
f 850 900 849
f 901 746 631
f 420 901 631
f 883 902 884
f 902 889 884
f 893 878 885
f 886 903 887
f 903 895 887
f 899 880 888
f 304 303 294
f 758 304 294
f 904 761 760
f 905 904 760
f 766 905 760
f 762 767 760
f 767 766 760
f 906 767 762
f 765 906 762
f 907 908 765
f 770 907 765
f 764 768 765
f 768 770 765
f 908 906 765
f 763 768 764
f 315 314 319
f 314 766 319
f 314 905 766
f 317 316 767
f 316 770 767
f 906 909 767
f 909 317 767
f 316 907 770
f 763 910 768
f 910 322 768
f 321 769 768
f 322 321 768
f 325 327 314
f 317 325 314
f 327 734 314
f 734 905 314
f 909 325 317
f 333 331 316
f 322 333 316
f 331 197 316
f 197 907 316
f 910 333 322
f 911 206 325
f 912 911 325
f 909 912 325
f 910 736 333
f 864 913 420
f 913 901 420
f 914 786 126
f 200 914 126
f 761 915 709
f 915 916 709
f 917 759 709
f 916 917 709
f 917 717 759
f 905 915 761
f 904 905 761
f 908 909 906
f 907 909 908
f 717 910 763
f 918 910 717
f 917 918 717
f 914 919 786
f 919 789 786
f 860 871 784
f 838 920 741
f 920 876 741
f 870 873 732
f 839 921 785
f 921 861 785
f 919 922 789
f 922 793 789
f 923 200 803
f 810 923 803
f 924 877 871
f 860 924 871
f 872 925 838
f 925 920 838
f 926 879 873
f 870 926 873
f 874 927 839
f 927 921 839
f 928 794 793
f 922 928 793
f 928 827 794
f 929 883 877
f 924 929 877
f 878 930 872
f 930 925 872
f 931 886 879
f 926 931 879
f 880 932 874
f 932 927 874
f 816 933 811
f 933 817 811
f 812 934 813
f 934 935 813
f 935 936 813
f 936 814 813
f 937 938 816
f 815 937 816
f 938 933 816
f 936 820 814
f 939 829 817
f 933 939 817
f 940 934 812
f 818 940 812
f 941 923 810
f 831 941 810
f 928 942 827
f 942 828 827
f 943 942 928
f 922 943 928
f 819 944 815
f 944 937 815
f 945 857 820
f 936 945 820
f 946 947 883
f 947 902 883
f 929 946 883
f 893 892 878
f 892 930 878
f 948 949 886
f 949 903 886
f 931 948 886
f 899 898 880
f 898 932 880
f 950 855 828
f 942 950 828
f 947 889 902
f 949 895 903
f 939 951 829
f 951 859 829
f 830 952 818
f 952 940 818
f 744 953 652
f 954 653 652
f 955 954 652
f 953 955 652
f 956 869 855
f 950 956 855
f 957 941 831
f 853 957 831
f 856 958 819
f 958 944 819
f 959 875 857
f 945 959 857
f 960 953 744
f 746 960 744
f 961 962 852
f 962 853 852
f 854 963 852
f 963 961 852
f 962 957 853
f 951 964 859
f 964 860 859
f 861 952 830
f 858 965 854
f 965 963 854
f 966 870 869
f 956 966 869
f 901 967 746
f 967 960 746
f 913 967 901
f 868 968 858
f 968 965 858
f 790 958 856
f 969 792 875
f 959 969 875
f 876 968 868
f 970 734 733
f 971 970 733
f 735 971 733
f 736 972 737
f 972 739 737
f 738 973 735
f 973 971 735
f 974 975 739
f 975 740 739
f 972 974 739
f 78 77 66
f 65 78 66
f 80 73 72
f 82 73 80
f 976 977 795
f 591 976 795
f 978 796 795
f 977 978 795
f 979 797 796
f 978 979 796
f 979 798 797
f 980 682 798
f 981 980 798
f 979 981 798
f 980 865 682
f 848 982 983
f 847 848 983
f 984 847 983
f 985 984 983
f 986 985 983
f 982 986 983
f 851 987 988
f 850 851 988
f 989 850 988
f 990 989 988
f 991 990 988
f 987 991 988
f 984 894 847
f 989 900 850
f 992 993 889
f 947 992 889
f 994 890 889
f 993 994 889
f 995 996 891
f 996 997 891
f 997 892 891
f 998 995 891
f 894 998 891
f 999 1000 895
f 949 999 895
f 1001 896 895
f 1000 1001 895
f 1002 1003 897
f 1003 1004 897
f 1004 898 897
f 1005 1002 897
f 900 1005 897
f 946 992 947
f 997 930 892
f 948 999 949
f 1004 932 898
f 890 1006 982
f 848 890 982
f 1007 986 982
f 1006 1007 982
f 1008 894 984
f 1009 1008 984
f 985 1009 984
f 896 1010 987
f 851 896 987
f 1011 991 987
f 1010 1011 987
f 1012 900 989
f 1013 1012 989
f 990 1013 989
f 1008 998 894
f 1012 1005 900
f 1014 1015 1016
f 1015 1017 1016
f 1017 1018 1016
f 1018 1019 1016
f 1020 1021 1016
f 1021 1022 1016
f 1022 1014 1016
f 336 1020 1016
f 738 336 1016
f 1019 738 1016
f 1023 1024 1020
f 1024 1025 1020
f 1025 1026 1020
f 1026 1027 1020
f 1027 1028 1020
f 1028 1029 1020
f 1029 1021 1020
f 189 1023 1020
f 336 189 1020
f 1030 1031 1032
f 1031 1033 1032
f 1033 1034 1032
f 1035 1030 1032
f 1034 1036 1032
f 1036 1037 1032
f 1037 1038 1032
f 337 1035 1032
f 338 337 1032
f 1038 338 1032
f 340 1039 1035
f 1039 1030 1035
f 337 340 1035
f 188 1023 189
f 387 1039 340
f 964 1040 860
f 1040 924 860
f 1041 968 876
f 920 1042 876
f 1042 1041 876
f 966 1043 870
f 1043 926 870
f 1044 952 861
f 921 1045 861
f 1045 1044 861
f 1040 1046 924
f 1046 929 924
f 925 1047 920
f 1047 1042 920
f 1043 1048 926
f 1048 931 926
f 927 1049 921
f 1049 1045 921
f 188 1024 1023
f 187 1024 188
f 1046 1050 929
f 1050 946 929
f 930 1051 925
f 1051 1047 925
f 1048 1052 931
f 1052 948 931
f 932 1053 927
f 1053 1049 927
f 1050 1054 946
f 1054 992 946
f 997 1051 930
f 1052 1055 948
f 1055 999 948
f 1004 1053 932
f 973 738 1019
f 1018 973 1019
f 271 338 1038
f 1037 271 1038
f 387 1056 1039
f 1056 1030 1039
f 740 1056 387
f 1054 1057 992
f 1057 993 992
f 996 1051 997
f 1055 1058 999
f 1058 1000 999
f 1003 1053 1004
f 943 1059 942
f 1059 950 942
f 1060 200 923
f 1061 1060 923
f 941 1061 923
f 1062 956 950
f 1059 1062 950
f 938 1063 933
f 1063 939 933
f 934 1064 935
f 1064 1065 935
f 1065 1066 935
f 1066 936 935
f 1067 1068 938
f 937 1067 938
f 1068 1063 938
f 1066 945 936
f 1069 951 939
f 1063 1069 939
f 1070 1064 934
f 940 1070 934
f 944 1071 937
f 1071 1067 937
f 1072 959 945
f 1066 1072 945
f 1073 966 956
f 1062 1073 956
f 1069 1074 951
f 1074 964 951
f 952 1075 940
f 1075 1070 940
f 1076 1061 941
f 957 1076 941
f 1077 1043 966
f 1073 1077 966
f 958 1078 944
f 1078 1071 944
f 1079 969 959
f 1072 1079 959
f 1074 1080 964
f 1080 1040 964
f 1044 1075 952
f 1081 1076 957
f 962 1081 957
f 675 1009 985
f 700 675 985
f 986 700 985
f 676 1013 990
f 591 676 990
f 991 591 990
f 653 1009 675
f 702 1013 676
f 1082 1083 961
f 1083 962 961
f 963 1084 961
f 1084 1082 961
f 1083 1081 962
f 965 1085 963
f 1085 1084 963
f 1086 1078 958
f 790 1086 958
f 1087 792 969
f 1088 1087 969
f 1079 1088 969
f 968 1089 965
f 1089 1085 965
f 1041 1089 968
f 790 700 986
f 1007 790 986
f 1090 1008 1009
f 653 1090 1009
f 976 591 991
f 1011 976 991
f 1091 1012 1013
f 702 1091 1013
f 954 1090 653
f 792 1091 702
f 187 1025 1024
f 186 1025 187
f 1060 914 200
f 1060 1092 914
f 1092 1093 914
f 1093 919 914
f 994 1094 1006
f 890 994 1006
f 1095 1007 1006
f 1094 1095 1006
f 1096 998 1008
f 1090 1096 1008
f 1001 1097 1010
f 896 1001 1010
f 1098 1011 1010
f 1097 1098 1010
f 1099 1005 1012
f 1091 1099 1012
f 1100 995 998
f 1096 1100 998
f 1101 1002 1005
f 1099 1101 1005
f 1093 1102 919
f 1102 922 919
f 1102 1103 922
f 1103 1104 922
f 1104 943 922
f 1104 1059 943
f 1105 973 1018
f 1017 1105 1018
f 194 271 1037
f 1036 194 1037
f 740 1106 1056
f 1106 1030 1056
f 1105 971 973
f 975 1106 740
f 1086 790 1007
f 1095 1086 1007
f 1107 1096 1090
f 954 1107 1090
f 1108 976 1011
f 1098 1108 1011
f 1109 1099 1091
f 792 1109 1091
f 955 1107 954
f 1108 977 976
f 1087 1109 792
f 186 1026 1025
f 192 1026 186
f 1110 1051 996
f 995 1110 996
f 1111 1053 1003
f 1002 1111 1003
f 1103 1112 1059
f 1104 1103 1059
f 1112 1062 1059
f 1113 1073 1062
f 1112 1113 1062
f 1114 1077 1073
f 1113 1114 1073
f 1115 1043 1077
f 1114 1115 1077
f 960 1116 953
f 1117 955 953
f 1116 1117 953
f 1118 1116 960
f 967 1118 960
f 1119 1120 967
f 913 1119 967
f 1120 1118 967
f 864 1119 913
f 1061 1121 1060
f 1121 1092 1060
f 1122 1112 1103
f 1102 1122 1103
f 734 1123 905
f 1124 1125 905
f 1126 1124 905
f 1123 1126 905
f 1125 915 905
f 1127 1128 909
f 1129 912 909
f 1130 1129 909
f 1128 1130 909
f 907 1127 909
f 1131 1127 907
f 197 1132 907
f 1133 1131 907
f 1134 1133 907
f 1132 1134 907
f 1135 1136 910
f 1137 736 910
f 1138 1137 910
f 1136 1138 910
f 918 1135 910
f 1139 1140 1080
f 1074 1139 1080
f 1140 1040 1080
f 1140 1141 1040
f 1141 1046 1040
f 1142 1143 1094
f 994 1142 1094
f 1144 1095 1094
f 1143 1144 1094
f 1145 1086 1095
f 1144 1145 1095
f 1146 1147 1107
f 1147 1096 1107
f 955 1146 1107
f 1147 1100 1096
f 1148 1149 1041
f 1149 1089 1041
f 1042 1150 1041
f 1150 1148 1041
f 1115 1151 1043
f 1151 1048 1043
f 1152 1153 1097
f 1001 1152 1097
f 1154 1098 1097
f 1153 1154 1097
f 1155 1108 1098
f 1154 1155 1098
f 1156 1157 1109
f 1157 1099 1109
f 1087 1156 1109
f 1157 1101 1099
f 1158 1159 1044
f 1159 1075 1044
f 1045 1160 1044
f 1160 1158 1044
f 1159 1070 1075
f 1161 1050 1046
f 1141 1161 1046
f 1047 1162 1042
f 1162 1150 1042
f 1163 1052 1048
f 1151 1163 1048
f 1049 1164 1045
f 1164 1160 1045
f 1069 1165 1074
f 1165 1139 1074
f 1166 1064 1070
f 1159 1166 1070
f 1167 1054 1050
f 1161 1167 1050
f 1051 1168 1047
f 1168 1162 1047
f 1169 1055 1052
f 1163 1169 1052
f 1053 1170 1049
f 1170 1164 1049
f 1171 1165 1069
f 1063 1171 1069
f 1166 1172 1064
f 1172 1065 1064
f 1173 1174 1054
f 1174 1175 1054
f 1175 1057 1054
f 1167 1173 1054
f 1110 1176 1051
f 1176 1168 1051
f 1177 1178 1055
f 1178 1179 1055
f 1179 1058 1055
f 1169 1177 1055
f 1111 1180 1053
f 1180 1170 1053
f 1068 1171 1063
f 1175 993 1057
f 995 1176 1110
f 1179 1000 1058
f 1002 1180 1111
f 1172 1181 1065
f 1181 1182 1065
f 1182 1066 1065
f 1175 1174 993
f 1174 1183 993
f 1142 994 993
f 1183 1142 993
f 1184 1185 1100
f 1185 995 1100
f 1147 1184 1100
f 1185 1176 995
f 1179 1178 1000
f 1178 1186 1000
f 1152 1001 1000
f 1186 1152 1000
f 1187 1188 1101
f 1188 1002 1101
f 1157 1187 1101
f 1188 1180 1002
f 1189 1190 1068
f 1067 1189 1068
f 1190 1171 1068
f 1182 1072 1066
f 1071 1191 1067
f 1191 1189 1067
f 1192 1079 1072
f 1182 1192 1072
f 1078 1193 1071
f 1193 1191 1071
f 1194 1088 1079
f 1192 1194 1079
f 1086 1193 1078
f 1145 1193 1086
f 1117 1146 955
f 1108 1195 977
f 1196 978 977
f 1195 1196 977
f 1155 1195 1108
f 1088 1197 1087
f 1197 1198 1087
f 1198 1156 1087
f 1194 1197 1088
f 1199 979 978
f 1196 1199 978
f 1199 981 979
f 1200 1120 1119
f 864 1200 1119
f 1201 980 981
f 1202 1201 981
f 1199 1202 981
f 863 1203 864
f 1203 1200 864
f 862 1204 863
f 1204 1205 863
f 1205 1203 863
f 1206 867 865
f 1201 1206 865
f 980 1201 865
f 1207 1204 862
f 866 1207 862
f 1208 881 867
f 1206 1208 867
f 911 1207 866
f 206 911 866
f 1209 882 881
f 1208 1209 881
f 970 1210 734
f 1210 1123 734
f 1211 1105 1017
f 1015 1211 1017
f 192 1027 1026
f 1212 911 912
f 1213 1214 912
f 1214 1215 912
f 1215 1212 912
f 1129 1213 912
f 1216 197 882
f 1217 1216 882
f 1209 1217 882
f 1216 1132 197
f 1218 194 1036
f 1034 1218 1036
f 975 1219 1106
f 1219 1030 1106
f 1220 1221 736
f 1221 972 736
f 1137 1220 736
f 1222 971 1105
f 1211 1222 1105
f 191 1027 192
f 1218 55 194
f 974 1223 975
f 1223 1219 975
f 1224 78 65
f 69 1224 65
f 1225 70 73
f 82 1225 73
f 1224 74 78
f 81 1225 82
f 1226 1081 1083
f 1082 1226 1083
f 1227 1121 1061
f 1076 1227 1061
f 1149 1085 1089
f 1149 1228 1085
f 1228 1084 1085
f 1228 1229 1084
f 1229 1082 1084
f 1230 1231 1082
f 1231 1226 1082
f 1229 1230 1082
f 1231 1232 1226
f 1232 1081 1226
f 1232 1233 1081
f 1233 1076 1081
f 1233 1234 1076
f 1234 1227 1076
f 1234 1121 1227
f 191 1028 1027
f 41 1235 191
f 1235 1028 191
f 1143 1236 1144
f 1237 1145 1144
f 1236 1237 1144
f 1238 1239 1146
f 1239 1147 1146
f 1117 1238 1146
f 1153 1240 1154
f 1241 1155 1154
f 1240 1241 1154
f 1242 1243 1156
f 1243 1157 1156
f 1198 1242 1156
f 1244 1193 1145
f 1237 1245 1145
f 1245 1246 1145
f 1246 1244 1145
f 1116 1247 1117
f 1247 1238 1117
f 1241 1195 1155
f 1248 1249 1198
f 1250 1248 1198
f 1197 1251 1198
f 1251 1250 1198
f 1249 1242 1198
f 1222 1210 970
f 971 1222 970
f 1221 974 972
f 1252 1223 974
f 1221 1252 974
f 1253 1211 1015
f 1014 1253 1015
f 1254 1218 1034
f 1033 1254 1034
f 1223 1255 1219
f 1255 1030 1219
f 1256 1222 1211
f 1253 1256 1211
f 1254 1257 1218
f 1257 55 1218
f 1252 1258 1223
f 1258 1255 1223
f 1259 1112 1122
f 1260 1259 1122
f 1102 1260 1122
f 1261 1260 1102
f 1093 1261 1102
f 1262 1261 1093
f 1092 1262 1093
f 1263 1264 1143
f 1142 1263 1143
f 1264 1236 1143
f 1239 1184 1147
f 1265 1266 1153
f 1152 1265 1153
f 1266 1240 1153
f 1243 1187 1157
f 1183 1263 1142
f 1267 1268 1184
f 1268 1185 1184
f 1239 1267 1184
f 1186 1265 1152
f 1269 1270 1187
f 1270 1188 1187
f 1243 1269 1187
f 1121 1271 1092
f 1271 1262 1092
f 1272 1273 1121
f 1273 1274 1121
f 1274 1275 1121
f 1275 1276 1121
f 1276 1277 1121
f 1234 1278 1121
f 1278 1279 1121
f 1279 1272 1121
f 1277 1271 1121
f 1235 1029 1028
f 41 1280 1235
f 1280 1281 1235
f 1281 1029 1235
f 1264 1282 1236
f 1283 1237 1236
f 1282 1283 1236
f 1282 1284 1238
f 1284 1239 1238
f 1247 1282 1238
f 1266 1285 1240
f 1286 1241 1240
f 1285 1286 1240
f 1285 1287 1242
f 1287 1243 1242
f 1249 1285 1242
f 1283 1288 1237
f 1288 1289 1237
f 1289 1245 1237
f 1290 1283 1247
f 1116 1291 1247
f 1291 1290 1247
f 1283 1282 1247
f 1286 1292 1241
f 1292 1293 1241
f 1293 1294 1241
f 1294 1195 1241
f 1295 1296 1249
f 1296 1286 1249
f 1248 1295 1249
f 1286 1285 1249
f 1297 1151 1115
f 1298 1297 1115
f 1114 1298 1115
f 1299 1298 1114
f 1113 1299 1114
f 1244 1191 1193
f 1300 1251 1197
f 1194 1300 1197
f 1259 1299 1113
f 1112 1259 1113
f 1264 1284 1282
f 1266 1287 1285
f 1290 1301 1283
f 1301 1288 1283
f 1296 1292 1286
f 1302 1303 1140
f 1139 1302 1140
f 1303 1141 1140
f 1158 1304 1159
f 1304 1166 1159
f 1244 1305 1191
f 1305 1189 1191
f 1306 1300 1194
f 1192 1306 1194
f 1148 1307 1149
f 1307 1228 1149
f 1165 1308 1139
f 1308 1302 1139
f 1309 1172 1166
f 1304 1309 1166
f 1307 1310 1228
f 1310 1229 1228
f 1305 1311 1189
f 1311 1190 1189
f 1182 1312 1192
f 1312 1306 1192
f 1313 1308 1165
f 1171 1313 1165
f 1309 1314 1172
f 1314 1181 1172
f 1190 1313 1171
f 1314 1315 1181
f 1315 1312 1181
f 1312 1182 1181
f 1311 1316 1190
f 1316 1313 1190
f 1310 1317 1229
f 1317 1230 1229
f 1318 1319 1230
f 1319 1231 1230
f 1317 1318 1230
f 1319 1320 1231
f 1320 1232 1231
f 1320 1321 1232
f 1321 1233 1232
f 1173 1322 1174
f 1322 1183 1174
f 1323 1168 1176
f 1185 1323 1176
f 1177 1324 1178
f 1324 1186 1178
f 1325 1170 1180
f 1188 1325 1180
f 1326 1253 1014
f 1022 1326 1014
f 1327 1254 1033
f 1031 1327 1033
f 1258 1030 1255
f 1328 1256 1253
f 1326 1328 1253
f 1329 1257 1254
f 1327 1329 1254
f 1330 1331 1258
f 1252 1330 1258
f 1331 1030 1258
f 1332 1333 1173
f 1333 1322 1173
f 1334 1332 1173
f 1167 1334 1173
f 1323 1335 1168
f 1335 1162 1168
f 1336 1337 1177
f 1337 1324 1177
f 1338 1336 1177
f 1169 1338 1177
f 1325 1339 1170
f 1339 1164 1170
f 1321 1278 1233
f 1278 1234 1233
f 1340 1334 1167
f 1161 1340 1167
f 1335 1341 1162
f 1341 1150 1162
f 1342 1338 1169
f 1163 1342 1169
f 1339 1343 1164
f 1343 1160 1164
f 1281 1021 1029
f 1280 1344 1281
f 1344 1021 1281
f 1345 1340 1161
f 1141 1345 1161
f 1341 1346 1150
f 1346 1148 1150
f 1347 1342 1163
f 1151 1347 1163
f 1343 1348 1160
f 1348 1158 1160
f 1303 1349 1141
f 1349 1345 1141
f 1350 1351 1148
f 1351 1307 1148
f 1346 1350 1148
f 1297 1352 1151
f 1352 1347 1151
f 1353 1354 1158
f 1354 1304 1158
f 1348 1353 1158
f 1333 1183 1322
f 1355 1335 1323
f 1185 1355 1323
f 1337 1186 1324
f 1356 1339 1325
f 1188 1356 1325
f 1333 1357 1183
f 1357 1263 1183
f 1268 1355 1185
f 1337 1358 1186
f 1358 1265 1186
f 1270 1356 1188
f 1344 1326 1022
f 1021 1344 1022
f 1331 1327 1031
f 1030 1331 1031
f 1344 1328 1326
f 1280 1328 1344
f 1331 1329 1327
f 1330 1329 1331
f 1359 1284 1264
f 1263 1359 1264
f 1284 1267 1239
f 1360 1287 1266
f 1265 1360 1266
f 1287 1269 1243
f 1357 1359 1263
f 1359 1361 1267
f 1361 1268 1267
f 1284 1359 1267
f 1358 1360 1265
f 1360 1362 1269
f 1362 1270 1269
f 1287 1360 1269
f 1357 1363 1359
f 1363 1361 1359
f 1358 1364 1360
f 1364 1362 1360
f 1365 1206 1201
f 1366 1365 1201
f 1202 1366 1201
f 1199 1366 1202
f 1367 1366 1199
f 1196 1367 1199
f 1368 148 1369
f 148 147 1369
f 147 1370 1369
f 1370 1371 1369
f 1371 1368 1369
f 159 1370 147
f 1372 1373 163
f 153 1372 163
f 1373 164 163
f 1374 164 1373
f 1372 1374 1373
f 1371 149 1368
f 149 148 1368
f 153 1375 1372
f 1375 1374 1372
f 152 1375 153
f 1195 1376 1196
f 1376 1367 1196
f 1294 1377 1195
f 1377 1376 1195
f 60 1378 69
f 1379 1224 69
f 1378 1379 69
f 1380 70 1225
f 81 1380 1225
f 1379 74 1224
f 63 1381 81
f 1381 1380 81
f 1382 1120 1200
f 1203 1382 1200
f 1383 1352 1297
f 1298 1383 1297
f 1382 1384 1120
f 1384 1385 1120
f 1385 1118 1120
f 1246 1305 1244
f 1386 1250 1251
f 1300 1386 1251
f 1385 1387 1118
f 1387 1116 1118
f 1388 1383 1298
f 1299 1388 1298
f 1387 1291 1116
f 1351 1310 1307
f 1389 1388 1299
f 1259 1389 1299
f 1390 1259 1260
f 1261 1390 1260
f 1391 1349 1303
f 1302 1391 1303
f 1354 1309 1304
f 1390 1389 1259
f 1246 1392 1305
f 1392 1311 1305
f 1393 1386 1300
f 1306 1393 1300
f 1351 1394 1310
f 1394 1317 1310
f 1308 1395 1302
f 1395 1391 1302
f 1396 1314 1309
f 1354 1396 1309
f 1332 1397 1333
f 1397 1357 1333
f 1398 1335 1355
f 1268 1398 1355
f 1336 1399 1337
f 1399 1358 1337
f 1400 1339 1356
f 1270 1400 1356
f 1394 1401 1317
f 1401 1318 1317
f 1402 1397 1332
f 1403 1402 1332
f 1334 1403 1332
f 1398 1404 1335
f 1404 1341 1335
f 1405 1399 1336
f 1406 1405 1336
f 1338 1406 1336
f 1400 1407 1339
f 1407 1343 1339
f 1392 1408 1311
f 1408 1316 1311
f 1312 1409 1306
f 1409 1393 1306
f 1410 1411 1318
f 1411 1319 1318
f 1401 1410 1318
f 1411 1412 1319
f 1412 1320 1319
f 1413 1395 1308
f 1313 1413 1308
f 1396 1414 1314
f 1414 1315 1314
f 1316 1413 1313
f 1414 1415 1315
f 1415 1409 1315
f 1409 1312 1315
f 1408 1416 1316
f 1416 1413 1316
f 1412 1417 1320
f 1417 1321 1320
f 1418 1403 1334
f 1340 1418 1334
f 1404 1419 1341
f 1419 1346 1341
f 1420 1406 1338
f 1342 1420 1338
f 1407 1421 1343
f 1421 1348 1343
f 1422 1389 1390
f 1261 1422 1390
f 1423 1422 1261
f 1262 1423 1261
f 1424 1418 1340
f 1345 1424 1340
f 1419 1425 1346
f 1425 1350 1346
f 1426 1420 1342
f 1347 1426 1342
f 1421 1427 1348
f 1427 1353 1348
f 1417 1279 1321
f 1279 1278 1321
f 1428 1423 1262
f 1271 1428 1262
f 1349 1429 1345
f 1429 1424 1345
f 1430 1351 1350
f 1431 1430 1350
f 1432 1431 1350
f 1425 1432 1350
f 1433 1426 1347
f 1352 1434 1347
f 1434 1433 1347
f 1435 1436 1353
f 1436 1354 1353
f 1427 1435 1353
f 1277 1437 1271
f 1437 1428 1271
f 1402 1438 1397
f 1363 1357 1397
f 1438 1363 1397
f 1439 1404 1398
f 1268 1439 1398
f 1405 1440 1399
f 1364 1358 1399
f 1440 1364 1399
f 1441 1407 1400
f 1270 1441 1400
f 1442 1443 916
f 915 1444 916
f 1444 1442 916
f 1445 917 916
f 1443 1445 916
f 1446 1447 917
f 1445 1446 917
f 1447 918 917
f 1125 1448 915
f 1449 1444 915
f 1448 1449 915
f 1450 1448 1125
f 1124 1450 1125
f 1131 1128 1127
f 1133 1451 1131
f 1451 1128 1131
f 918 1136 1135
f 1452 1136 918
f 1453 1452 918
f 1447 1453 918
f 1361 1439 1268
f 1362 1441 1270
f 1454 1455 1277
f 1455 1456 1277
f 1456 1457 1277
f 1457 1458 1277
f 1276 1459 1277
f 1459 1454 1277
f 1458 1437 1277
f 1205 1460 1203
f 1460 1461 1203
f 1461 1382 1203
f 1462 1463 1464
f 1465 1462 1464
f 1463 1465 1464
f 1466 1467 1465
f 1468 1466 1465
f 1467 1462 1465
f 1463 1468 1465
f 1469 1463 1462
f 1467 1469 1462
f 1466 1469 1467
f 1128 1448 1450
f 1124 1128 1450
f 1452 1448 1128
f 1451 1452 1128
f 1124 1130 1128
f 1136 1452 1451
f 1133 1136 1451
f 1133 1138 1136
f 1470 1471 1472
f 1471 1124 1472
f 1124 1470 1472
f 1471 1130 1124
f 1126 1470 1124
f 1133 1129 1130
f 1471 1133 1130
f 1134 1129 1133
f 1473 1138 1133
f 1471 1473 1133
f 1473 1474 1138
f 1474 1137 1138
f 1473 1475 1474
f 1475 1476 1474
f 1476 1137 1474
f 1477 1471 1470
f 1126 1477 1470
f 1129 1477 1126
f 1123 1129 1126
f 1475 1477 1129
f 1134 1475 1129
f 1123 1213 1129
f 1137 1475 1134
f 1132 1137 1134
f 1476 1475 1137
f 1132 1220 1137
f 1210 1478 1123
f 1478 1479 1123
f 1479 1213 1123
f 1479 1480 1213
f 1480 1214 1213
f 1216 1220 1132
f 1481 1482 1220
f 1482 1221 1220
f 1216 1481 1220
f 1461 1384 1382
f 1402 1483 1438
f 1483 1363 1438
f 1484 1404 1439
f 1361 1484 1439
f 1405 1485 1440
f 1485 1364 1440
f 1486 1407 1441
f 1362 1486 1441
f 1487 1483 1402
f 1488 1487 1402
f 1403 1488 1402
f 1484 1487 1404
f 1487 1419 1404
f 1489 1485 1405
f 1490 1489 1405
f 1406 1490 1405
f 1486 1489 1407
f 1489 1421 1407
f 1212 1491 1207
f 911 1212 1207
f 1491 1204 1207
f 1492 1217 1209
f 1208 1493 1209
f 1493 1492 1209
f 1494 1216 1217
f 1495 1494 1217
f 1492 1495 1217
f 1496 1488 1403
f 1418 1496 1403
f 1487 1488 1419
f 1488 1425 1419
f 1497 1490 1406
f 1420 1497 1406
f 1489 1490 1421
f 1490 1427 1421
f 1498 1434 1352
f 1383 1498 1352
f 1245 1392 1246
f 1499 1248 1250
f 1386 1499 1250
f 1487 1500 1483
f 1361 1363 1483
f 1500 1361 1483
f 1500 1487 1484
f 1361 1500 1484
f 1489 1501 1485
f 1362 1364 1485
f 1501 1362 1485
f 1501 1489 1486
f 1362 1501 1486
f 1502 1496 1418
f 1424 1502 1418
f 1488 1496 1425
f 1496 1432 1425
f 1503 1497 1420
f 1426 1503 1420
f 1490 1497 1427
f 1497 1435 1427
f 1504 1443 1442
f 1447 1504 1442
f 1453 1447 1442
f 1444 1453 1442
f 1446 1504 1447
f 1505 1453 1444
f 1449 1505 1444
f 1505 1452 1453
f 1430 1394 1351
f 1506 1498 1383
f 1388 1506 1383
f 1204 1507 1205
f 1507 1508 1205
f 1508 1460 1205
f 1509 1208 1206
f 1365 1509 1206
f 1491 1507 1204
f 1509 1493 1208
f 1510 1429 1349
f 1391 1510 1349
f 1436 1396 1354
f 1511 1506 1388
f 1389 1511 1388
f 1245 1512 1392
f 1512 1408 1392
f 1513 1499 1386
f 1393 1513 1386
f 1430 1514 1394
f 1514 1401 1394
f 60 1515 1378
f 1516 1379 1378
f 1515 1516 1378
f 1515 70 1380
f 1381 1515 1380
f 63 74 1379
f 1516 63 1379
f 63 1516 1381
f 1516 1515 1381
f 1422 1511 1389
f 1429 1517 1424
f 1517 1518 1424
f 1518 1502 1424
f 1519 1431 1432
f 1520 1519 1432
f 1502 1520 1432
f 1496 1502 1432
f 1521 1503 1426
f 1433 1522 1426
f 1522 1521 1426
f 1503 1523 1435
f 1523 1524 1435
f 1524 1436 1435
f 1497 1503 1435
f 1395 1525 1391
f 1525 1510 1391
f 1526 1414 1396
f 1436 1526 1396
f 1514 1527 1401
f 1527 1410 1401
f 1528 1529 1410
f 1529 1411 1410
f 1527 1528 1410
f 1529 1530 1411
f 1530 1412 1411
f 1512 1531 1408
f 1531 1416 1408
f 1409 1532 1393
f 1532 1513 1393
f 1256 1478 1210
f 1222 1256 1210
f 1482 1252 1221
f 1482 1330 1252
f 1533 1525 1395
f 1413 1533 1395
f 1526 1534 1414
f 1534 1415 1414
f 1530 1535 1412
f 1535 1417 1412
f 1416 1533 1413
f 1534 1536 1415
f 1536 1532 1415
f 1532 1409 1415
f 1531 1537 1416
f 1537 1533 1416
f 1535 1272 1417
f 1272 1279 1417
f 1538 1365 1366
f 1367 1538 1366
f 1539 1520 1502
f 1518 1540 1502
f 1540 1539 1502
f 1521 1541 1503
f 1541 1523 1503
f 1542 1538 1367
f 1376 1542 1367
f 1377 1543 1376
f 1543 1542 1376
f 159 1544 1370
f 1544 1545 1370
f 1545 1371 1370
f 158 1544 159
f 1546 1547 164
f 1547 1548 164
f 1548 165 164
f 1374 1546 164
f 1549 1546 1374
f 1375 1549 1374
f 1545 1550 1371
f 1550 149 1371
f 1550 146 149
f 151 1551 152
f 1552 1375 152
f 1551 1552 152
f 1552 1549 1375
f 1294 1553 1377
f 1553 1543 1377
f 1554 1511 1422
f 1423 1554 1422
f 1555 1556 1423
f 1556 1557 1423
f 1557 1558 1423
f 1558 1554 1423
f 1428 1555 1423
f 60 70 1515
f 1559 1560 1428
f 1560 1555 1428
f 1437 1559 1428
f 1289 1512 1245
f 1561 1295 1248
f 1499 1561 1248
f 1562 1433 1434
f 1498 1562 1434
f 1563 1564 1437
f 1458 1563 1437
f 1564 1559 1437
f 1431 1514 1430
f 1565 1562 1498
f 1506 1565 1498
f 1566 1567 1458
f 1567 1568 1458
f 1568 1569 1458
f 1569 1570 1458
f 1457 1571 1458
f 1571 1566 1458
f 1570 1563 1458
f 1572 1517 1429
f 1510 1572 1429
f 1524 1526 1436
f 1289 1573 1512
f 1573 1531 1512
f 1574 1561 1499
f 1513 1574 1499
f 1575 1511 1554
f 1576 1575 1554
f 1558 1576 1554
f 1431 1577 1514
f 1577 1527 1514
f 1575 1565 1506
f 1511 1575 1506
f 1525 1578 1510
f 1578 1572 1510
f 1579 1534 1526
f 1524 1579 1526
f 1577 1580 1527
f 1580 1528 1527
f 1443 1504 1469
f 1504 1463 1469
f 1466 1443 1469
f 1468 1581 1466
f 1581 1446 1466
f 1446 1445 1466
f 1445 1443 1466
f 1471 1449 1448
f 1452 1471 1448
f 1505 1473 1452
f 1473 1471 1452
f 1477 1582 1471
f 1582 1449 1471
f 1505 1475 1473
f 1583 1584 1528
f 1584 1529 1528
f 1580 1583 1528
f 1584 1585 1529
f 1585 1530 1529
f 1586 1587 1461
f 1587 1384 1461
f 1460 1586 1461
f 1573 1588 1531
f 1588 1537 1531
f 1532 1589 1513
f 1589 1574 1513
f 1590 1578 1525
f 1533 1590 1525
f 1579 1591 1534
f 1591 1536 1534
f 1587 1592 1384
f 1592 1385 1384
f 1585 1593 1530
f 1593 1594 1530
f 1594 1535 1530
f 1537 1590 1533
f 1591 1595 1536
f 1595 1589 1536
f 1589 1532 1536
f 1588 1596 1537
f 1596 1590 1537
f 1597 1387 1385
f 1592 1597 1385
f 1594 1598 1535
f 1598 1599 1535
f 1599 1272 1535
f 1597 1600 1387
f 1600 1291 1387
f 1288 1573 1289
f 1601 1296 1295
f 1561 1601 1295
f 1599 1602 1272
f 1602 1603 1272
f 1603 1273 1272
f 1604 1522 1433
f 1562 1604 1433
f 1519 1577 1431
f 1605 1518 1517
f 1572 1605 1517
f 1523 1579 1524
f 1606 1604 1562
f 1565 1606 1562
f 1288 1607 1573
f 1607 1588 1573
f 1608 1601 1561
f 1574 1608 1561
f 1519 1609 1577
f 1609 1580 1577
f 1610 1585 1584
f 1583 1610 1584
f 1558 1611 1576
f 1611 1575 1576
f 1557 1611 1558
f 1610 1593 1585
f 1612 1606 1565
f 1575 1612 1565
f 1613 1611 1557
f 1614 1613 1557
f 1556 1614 1557
f 1555 1614 1556
f 1610 1615 1593
f 1615 1616 1593
f 1616 1594 1593
f 1578 1617 1572
f 1617 1605 1572
f 1618 1591 1579
f 1523 1618 1579
f 1616 1619 1594
f 1619 1598 1594
f 1611 1620 1575
f 1620 1612 1575
f 1621 1463 1504
f 1446 1621 1504
f 1581 1621 1446
f 1622 1505 1449
f 1582 1622 1449
f 1622 1475 1505
f 1609 1623 1580
f 1623 1583 1580
f 1560 1614 1555
f 1624 1625 1583
f 1626 1624 1583
f 1625 1610 1583
f 1623 1626 1583
f 1607 1627 1588
f 1627 1596 1588
f 1589 1628 1574
f 1628 1608 1574
f 1559 1629 1560
f 1629 1614 1560
f 1619 1630 1598
f 1630 1599 1598
f 1301 1607 1288
f 1631 1292 1296
f 1601 1631 1296
f 1625 1615 1610
f 1632 1617 1578
f 1590 1632 1578
f 1618 1633 1591
f 1633 1595 1591
f 1613 1620 1611
f 1596 1632 1590
f 1633 1634 1595
f 1634 1628 1595
f 1628 1589 1595
f 1627 1635 1596
f 1635 1632 1596
f 1624 1615 1625
f 1564 1636 1559
f 1636 1629 1559
f 1613 1637 1620
f 1637 1612 1620
f 1624 1616 1615
f 1614 1638 1613
f 1638 1637 1613
f 1630 1639 1599
f 1639 1602 1599
f 1640 1509 1365
f 1641 1642 1365
f 1642 1643 1365
f 1643 1640 1365
f 1538 1641 1365
f 1644 1619 1616
f 1645 1644 1616
f 1624 1645 1616
f 1646 1638 1614
f 1647 1646 1614
f 1629 1647 1614
f 1638 1612 1637
f 1648 1630 1619
f 1644 1648 1619
f 1649 1521 1522
f 1604 1649 1522
f 1650 1647 1629
f 1636 1650 1629
f 1563 1651 1564
f 1651 1636 1564
f 1652 1607 1301
f 1290 1653 1301
f 1653 1652 1301
f 1291 1653 1290
f 1654 1294 1293
f 1655 1654 1293
f 1292 1655 1293
f 1631 1655 1292
f 1639 1656 1602
f 1656 1603 1602
f 1520 1609 1519
f 1646 1657 1638
f 1657 1612 1638
f 1626 1645 1624
f 1658 1639 1630
f 1648 1658 1630
f 1659 1650 1636
f 1651 1659 1636
f 1605 1540 1518
f 1541 1618 1523
f 1656 1660 1603
f 1660 1661 1603
f 1661 1273 1603
f 1570 1662 1563
f 1662 1663 1563
f 1663 1651 1563
f 1664 1644 1645
f 1626 1664 1645
f 1646 1665 1657
f 1665 1612 1657
f 1666 1656 1639
f 1658 1666 1639
f 1667 1659 1651
f 1663 1667 1651
f 1652 1627 1607
f 1668 1631 1601
f 1608 1668 1601
f 1669 1644 1664
f 1626 1669 1664
f 1647 1665 1646
f 1669 1648 1644
f 1669 1670 1648
f 1670 1658 1648
f 1650 1671 1647
f 1671 1672 1647
f 1672 1665 1647
f 1673 1649 1604
f 1606 1673 1604
f 1672 1612 1665
f 1626 1670 1669
f 1674 1553 1294
f 1675 1674 1294
f 1654 1675 1294
f 1670 1676 1658
f 1676 1666 1658
f 1659 1677 1650
f 1677 1671 1650
f 1520 1678 1609
f 1678 1623 1609
f 1661 1679 1273
f 1679 1680 1273
f 1680 1274 1273
f 1569 1681 1570
f 1682 1662 1570
f 1681 1682 1570
f 1683 1684 1656
f 1684 1660 1656
f 1685 1683 1656
f 1666 1685 1656
f 1662 1686 1663
f 1687 1667 1663
f 1686 1687 1663
f 1660 1679 1661
f 1682 1686 1662
f 1688 1654 1655
f 1631 1688 1655
f 1676 1689 1666
f 1689 1685 1666
f 1291 1690 1653
f 1690 1691 1653
f 1691 1652 1653
f 1692 1641 1538
f 1542 1692 1538
f 1667 1693 1659
f 1693 1677 1659
f 1694 1539 1540
f 1605 1694 1540
f 1694 1520 1539
f 1694 1678 1520
f 1649 1541 1521
f 1649 1695 1541
f 1695 1618 1541
f 1696 1694 1605
f 1617 1696 1605
f 1695 1633 1618
f 1697 1698 1672
f 1671 1697 1672
f 1698 1612 1672
f 1699 1673 1606
f 1612 1699 1606
f 1684 1679 1660
f 1682 1687 1686
f 1700 1701 1542
f 1701 1692 1542
f 1543 1700 1542
f 1702 1676 1670
f 1626 1702 1670
f 1703 1654 1688
f 1704 1703 1688
f 1631 1704 1688
f 1508 1705 1460
f 1706 1586 1460
f 1705 1706 1460
f 1690 1707 1691
f 1707 1708 1691
f 1708 1652 1691
f 1697 1612 1698
f 1709 1683 1685
f 1689 1710 1685
f 1710 1709 1685
f 1711 1627 1652
f 1708 1711 1652
f 1668 1704 1631
f 1687 1712 1667
f 1712 1693 1667
f 1671 1713 1697
f 1713 1699 1697
f 1699 1612 1697
f 1682 1714 1687
f 1714 1712 1687
f 1715 1679 1684
f 1683 1715 1684
f 1716 1676 1702
f 1626 1716 1702
f 1716 1717 1676
f 1717 1718 1676
f 1718 1689 1676
f 1677 1713 1671
f 1678 1719 1623
f 1719 1626 1623
f 1720 1635 1627
f 1711 1720 1627
f 1628 1721 1608
f 1721 1668 1608
f 1722 1710 1689
f 1718 1723 1689
f 1723 1722 1689
f 1724 1713 1677
f 1693 1725 1677
f 1725 1726 1677
f 1726 1724 1677
f 1626 1717 1716
f 1727 1717 1626
f 1719 1727 1626
f 1632 1696 1617
f 1695 1728 1633
f 1728 1634 1633
f 1681 1714 1682
f 1709 1715 1683
f 1714 1729 1712
f 1729 1693 1712
f 1715 1730 1679
f 1730 1680 1679
f 1731 1675 1654
f 1703 1731 1654
f 1732 1733 1710
f 1722 1734 1710
f 1734 1732 1710
f 1733 1709 1710
f 1600 1690 1291
f 1735 1725 1693
f 1729 1735 1693
f 1736 1737 1543
f 1553 1736 1543
f 1737 1700 1543
f 1635 1738 1632
f 1738 1696 1632
f 1728 1739 1634
f 1739 1721 1634
f 1721 1628 1634
f 1720 1738 1635
f 1696 1678 1694
f 1696 1719 1678
f 1673 1695 1649
f 1673 1728 1695
f 1707 1740 1708
f 1740 1711 1708
f 1741 1703 1704
f 1668 1741 1704
f 1727 1742 1717
f 1743 1718 1717
f 1742 1743 1717
f 1744 1699 1713
f 1724 1744 1713
f 1745 1735 1729
f 1714 1745 1729
f 1733 1746 1709
f 1746 1715 1709
f 1727 1747 1742
f 1747 1743 1742
f 1748 1699 1744
f 1749 1748 1744
f 1724 1749 1744
f 1750 1746 1733
f 1732 1750 1733
f 1745 1751 1735
f 1751 1725 1735
f 1726 1749 1724
f 1743 1723 1718
f 1725 1752 1726
f 1752 1749 1726
f 1727 1753 1747
f 1753 1743 1747
f 1754 1699 1748
f 1755 1754 1748
f 1749 1755 1748
f 1756 1722 1723
f 1743 1756 1723
f 1756 1734 1722
f 1752 1757 1749
f 1757 1755 1749
f 1758 1756 1743
f 1753 1758 1743
f 1759 1760 1752
f 1725 1759 1752
f 1760 1761 1752
f 1761 1757 1752
f 1762 1763 1756
f 1758 1762 1756
f 1763 1764 1756
f 1764 1734 1756
f 1764 1732 1734
f 1751 1759 1725
f 1727 1765 1753
f 1766 1758 1753
f 1765 1766 1753
f 1767 1768 1741
f 1768 1703 1741
f 1668 1767 1741
f 1769 1770 1740
f 1707 1769 1740
f 1770 1711 1740
f 1764 1750 1732
f 1745 1771 1751
f 1771 1759 1751
f 1763 1772 1764
f 1772 1750 1764
f 1773 1760 1759
f 1771 1773 1759
f 1674 1774 1553
f 1774 1736 1553
f 1762 1772 1763
f 1773 1761 1760
f 1775 1720 1711
f 1770 1775 1711
f 1721 1767 1668
f 1776 1762 1758
f 1766 1776 1758
f 1776 1772 1762
f 1738 1777 1696
f 1777 1719 1696
f 1777 1727 1719
f 1754 1728 1673
f 1699 1754 1673
f 1754 1739 1728
f 1769 1778 1770
f 1778 1775 1770
f 1779 1772 1776
f 1766 1779 1776
f 1780 1757 1761
f 1773 1780 1761
f 1781 1779 1766
f 1765 1781 1766
f 1780 1782 1757
f 1782 1755 1757
f 1783 1779 1781
f 1765 1784 1781
f 1784 1783 1781
f 1745 1773 1771
f 1772 1746 1750
f 1727 1784 1765
f 1782 1754 1755
f 1727 1783 1784
f 1785 1768 1767
f 1786 1785 1767
f 1721 1786 1767
f 1787 1780 1773
f 1745 1787 1773
f 1779 1788 1772
f 1788 1746 1772
f 1681 1789 1714
f 1789 1745 1714
f 1746 1790 1715
f 1790 1730 1715
f 1720 1777 1738
f 1791 1731 1703
f 1768 1791 1703
f 1775 1777 1720
f 1783 1727 1777
f 1775 1783 1777
f 1782 1739 1754
f 1782 1721 1739
f 1775 1779 1783
f 1775 1778 1779
f 1778 1788 1779
f 1785 1786 1780
f 1787 1785 1780
f 1786 1782 1780
f 1786 1721 1782
f 1769 1792 1778
f 1792 1788 1778
f 1706 1587 1586
f 1793 146 1550
f 158 1793 1550
f 1545 158 1550
f 151 1546 1551
f 1549 1552 1551
f 1546 1549 1551
f 158 1545 1544
f 160 1793 158
f 1794 1547 1546
f 151 1794 1546
f 1600 1795 1690
f 1795 1796 1690
f 1796 1797 1690
f 1797 1707 1690
f 1328 1479 1478
f 1256 1328 1478
f 1481 1330 1482
f 1481 1329 1330
f 1789 1798 1745
f 1798 1787 1745
f 1788 1799 1746
f 1799 1790 1746
f 1785 1791 1768
f 1792 1799 1788
f 1800 1801 1787
f 1801 1802 1787
f 1802 1785 1787
f 1798 1800 1787
f 1802 1791 1785
f 1797 1803 1707
f 1803 1769 1707
f 1804 1642 1641
f 1692 1804 1641
f 1705 1805 1706
f 1805 1806 1706
f 1806 1807 1706
f 1807 1587 1706
f 1701 1808 1692
f 1808 1804 1692
f 1809 1592 1587
f 1807 1809 1587
f 1700 1808 1701
f 1680 1810 1274
f 1810 1275 1274
f 1568 1681 1569
f 1567 1811 1568
f 1811 1681 1568
f 1812 1774 1674
f 1675 1812 1674
f 1813 1597 1592
f 1809 1813 1592
f 1737 1808 1700
f 1814 1792 1769
f 1803 1815 1769
f 1815 1814 1769
f 1814 1799 1792
f 1813 1600 1597
f 1736 1816 1737
f 1816 1808 1737
f 1812 1816 1736
f 1774 1812 1736
f 1817 1642 1804
f 1808 1817 1804
f 1818 1809 1807
f 1806 1818 1807
f 1215 1819 1491
f 1212 1215 1491
f 1819 1507 1491
f 1820 1495 1492
f 1493 1821 1492
f 1821 1820 1492
f 1822 1494 1495
f 1823 1822 1495
f 1820 1823 1495
f 1811 1789 1681
f 1730 1824 1680
f 1824 1810 1680
f 1731 1825 1675
f 1825 1826 1675
f 1826 1827 1675
f 1828 1812 1675
f 1827 1828 1675
f 1816 1829 1808
f 1829 1817 1808
f 1830 1813 1809
f 1818 1830 1809
f 1813 1795 1600
f 1828 1831 1816
f 1812 1828 1816
f 1831 1829 1816
f 1508 1832 1705
f 1833 1805 1705
f 1832 1834 1705
f 1834 1835 1705
f 1835 1833 1705
f 1830 1795 1813
f 1836 1837 1621
f 1837 1463 1621
f 1581 1836 1621
f 1468 1838 1581
f 1838 1836 1581
f 1838 1837 1836
f 1468 1839 1838
f 1839 1837 1838
f 1840 1841 1842
f 1843 1840 1842
f 1477 1843 1842
f 1582 1477 1842
f 1841 1582 1842
f 1840 1622 1841
f 1622 1582 1841
f 1840 1475 1622
f 1817 1844 1642
f 1844 1845 1642
f 1845 1846 1642
f 1846 1643 1642
f 1833 1847 1805
f 1847 1806 1805
f 1829 1844 1817
f 1848 1818 1806
f 1847 1848 1806
f 1811 1849 1789
f 1849 1798 1789
f 1790 1850 1730
f 1850 1824 1730
f 1831 1851 1829
f 1851 1844 1829
f 1852 1830 1818
f 1848 1852 1818
f 1791 1853 1731
f 1853 1854 1731
f 1854 1825 1731
f 1827 1855 1831
f 1828 1827 1831
f 1855 1851 1831
f 1852 1797 1830
f 1797 1796 1830
f 1796 1795 1830
f 1507 1856 1508
f 1856 1857 1508
f 1857 1832 1508
f 1858 1493 1509
f 1640 1858 1509
f 1819 1856 1507
f 1858 1821 1493
f 1859 1800 1798
f 1860 1859 1798
f 1849 1861 1798
f 1861 1860 1798
f 1799 1862 1790
f 1862 1850 1790
f 1863 1864 1791
f 1864 1853 1791
f 1802 1801 1791
f 1801 1865 1791
f 1865 1863 1791
f 1814 1862 1799
f 1859 1865 1800
f 1865 1801 1800
f 1866 1867 1844
f 1867 1845 1844
f 1851 1866 1844
f 1868 1869 1847
f 1870 1868 1847
f 1833 1870 1847
f 1871 1848 1847
f 1869 1871 1847
f 1860 1872 1859
f 1872 1863 1859
f 1863 1865 1859
f 1873 1874 1851
f 1855 1873 1851
f 1874 1866 1851
f 1871 1875 1848
f 1876 1852 1848
f 1875 1876 1848
f 1877 1878 1855
f 1878 1879 1855
f 1879 1880 1855
f 1826 1877 1855
f 1827 1826 1855
f 1880 1873 1855
f 1876 1881 1852
f 1881 1882 1852
f 1882 1883 1852
f 1883 1797 1852
f 1835 1870 1833
f 1815 1884 1814
f 1884 1862 1814
f 1825 1877 1826
f 1885 1886 1875
f 1871 1885 1875
f 1886 1876 1875
f 1887 1874 1873
f 1880 1887 1873
f 1888 1866 1874
f 1887 1888 1874
f 1869 1889 1871
f 1890 1885 1871
f 1889 1890 1871
f 1888 1891 1866
f 1891 1867 1866
f 1868 1889 1869
f 1891 1845 1867
f 1892 1889 1868
f 1870 1892 1868
f 1893 1846 1845
f 1891 1893 1845
f 1835 1892 1870
f 1893 1643 1846
f 1834 1892 1835
f 1894 1640 1643
f 1893 1894 1643
f 1883 1895 1797
f 1895 1803 1797
f 1886 1881 1876
f 1896 1887 1880
f 1879 1896 1880
f 1897 1896 1879
f 1878 1897 1879
f 1898 1882 1881
f 1886 1898 1881
f 1898 1883 1882
f 1877 1897 1878
f 1825 1897 1877
f 1898 1899 1883
f 1899 1900 1883
f 1900 1895 1883
f 1900 1803 1895
f 1854 1897 1825
f 1899 1803 1900
f 1891 1894 1893
f 1834 1889 1892
f 1901 1815 1803
f 1899 1901 1803
f 1902 1884 1815
f 1903 1902 1815
f 1901 1903 1815
f 1904 1276 1275
f 1810 1904 1275
f 1905 1811 1567
f 1566 1905 1567
f 1906 1907 1884
f 1902 1906 1884
f 1907 1908 1884
f 1908 1862 1884
f 1909 1894 1891
f 1888 1909 1891
f 1834 1910 1889
f 1910 1890 1889
f 1834 1911 1910
f 1911 1890 1910
f 1328 1480 1479
f 1216 1257 1481
f 1257 1329 1481
f 1280 1480 1328
f 1890 1911 1885
f 1911 1912 1885
f 1912 1886 1885
f 1913 1888 1887
f 1896 1914 1887
f 1914 1915 1887
f 1915 1913 1887
f 1897 1916 1896
f 1916 1914 1896
f 1912 1917 1886
f 1917 1898 1886
f 1918 1894 1909
f 1888 1918 1909
f 1913 1918 1888
f 1854 1853 1897
f 1853 1919 1897
f 1919 1916 1897
f 1920 1849 1811
f 1905 1920 1811
f 1903 1901 1898
f 1901 1899 1898
f 1917 1921 1898
f 1921 1903 1898
f 1913 1894 1918
f 1922 1904 1810
f 1824 1922 1810
f 1864 1919 1853
f 1923 1861 1849
f 1920 1923 1849
f 1850 1924 1824
f 1924 1925 1824
f 1925 1922 1824
f 1837 1468 1463
f 1837 1839 1468
f 1477 1840 1843
f 1477 1475 1840
f 1864 1926 1919
f 1926 1916 1919
f 1915 1894 1913
f 1834 1927 1911
f 1927 1912 1911
f 1928 1929 1861
f 1923 1928 1861
f 1929 1860 1861
f 1862 1908 1850
f 1908 1930 1850
f 1930 1924 1850
f 1931 1926 1864
f 1863 1931 1864
f 1932 1872 1860
f 1929 1932 1860
f 1872 1933 1863
f 1933 1931 1863
f 1934 1894 1915
f 1914 1934 1915
f 1935 1914 1916
f 1936 1935 1916
f 1926 1936 1916
f 1917 1937 1921
f 1937 1902 1921
f 1902 1903 1921
f 1938 1937 1917
f 1912 1939 1917
f 1939 1940 1917
f 1940 1938 1917
f 1935 1934 1914
f 1931 1936 1926
f 1927 1939 1912
f 1834 1939 1927
f 1935 1894 1934
f 1834 1940 1939
f 1834 1938 1940
f 1937 1906 1902
f 1933 1936 1931
f 1941 1894 1935
f 1936 1941 1935
f 1834 1942 1938
f 1942 1937 1938
f 1943 1894 1941
f 1936 1943 1941
f 1944 1907 1906
f 1945 1944 1906
f 1937 1945 1906
f 1872 1946 1933
f 1946 1943 1933
f 1943 1936 1933
f 1942 1945 1937
f 1834 1945 1942
f 1904 1459 1276
f 1571 1905 1566
f 1946 1894 1943
f 1834 1944 1945
f 1947 1858 1640
f 1948 1947 1640
f 1894 1948 1640
f 1949 1920 1905
f 1571 1949 1905
f 1922 1950 1904
f 1950 1459 1904
f 1925 1951 1922
f 1951 1950 1922
f 1949 1923 1920
f 1832 1952 1834
f 1907 1944 1834
f 1952 1907 1834
f 1924 1953 1925
f 1953 1951 1925
f 1954 1928 1923
f 1949 1954 1923
f 1946 1948 1894
f 1872 1948 1946
f 1214 1955 1819
f 1215 1214 1819
f 1955 1856 1819
f 1956 1823 1820
f 1821 1957 1820
f 1957 1956 1820
f 1958 1822 1823
f 1959 1958 1823
f 1956 1959 1823
f 1930 1953 1924
f 1960 1929 1928
f 1954 1960 1928
f 1961 1932 1929
f 1960 1961 1929
f 1962 1953 1930
f 1908 1962 1930
f 1907 1962 1908
f 1961 1872 1932
f 1952 1962 1907
f 1963 1948 1872
f 1961 1963 1872
f 1963 1947 1948
f 1856 1964 1857
f 1964 1965 1857
f 1965 1966 1857
f 1966 1832 1857
f 1967 1821 1858
f 1947 1967 1858
f 1955 1964 1856
f 1967 1957 1821
f 1966 1968 1832
f 1968 1952 1832
f 1968 1962 1952
f 1950 1969 1459
f 1969 1454 1459
f 1457 1949 1571
f 1959 1956 1955
f 1214 1959 1955
f 1956 1964 1955
f 1957 1964 1956
f 1970 1959 1214
f 1971 1970 1214
f 1972 1971 1214
f 1480 1973 1214
f 1973 1972 1214
f 1970 1958 1959
f 1951 1974 1950
f 1974 1969 1950
f 1975 1954 1949
f 1457 1975 1949
f 1953 1976 1951
f 1976 1974 1951
f 1977 1960 1954
f 1975 1977 1954
f 1978 1976 1953
f 1962 1978 1953
f 1979 1961 1960
f 1980 1979 1960
f 1977 1980 1960
f 1968 1978 1962
f 1979 1963 1961
f 1964 1957 1965
f 1957 1967 1965
f 1967 1981 1965
f 1981 1966 1965
f 1947 1981 1967
f 1963 1982 1947
f 1982 1981 1947
f 1966 1983 1968
f 1984 1978 1968
f 1983 1984 1968
f 1979 1982 1963
f 1984 1976 1978
f 1980 1985 1979
f 1985 1982 1979
f 1969 1986 1454
f 1986 1455 1454
f 1456 1975 1457
f 1987 1983 1966
f 1988 1987 1966
f 1981 1988 1966
f 1974 1989 1969
f 1989 1986 1969
f 1990 1977 1975
f 1456 1990 1975
f 1991 1981 1982
f 1985 1991 1982
f 1976 1992 1974
f 1992 1989 1974
f 1993 1980 1977
f 1990 1993 1977
f 41 1973 1480
f 1280 41 1480
f 1494 55 1216
f 55 1257 1216
f 1984 1992 1976
f 1994 1995 1980
f 1995 1985 1980
f 1993 1994 1980
f 1996 1992 1984
f 1983 1996 1984
f 1995 1991 1985
f 1986 1990 1455
f 1990 1456 1455
f 1997 1988 1981
f 1991 1997 1981
f 1987 1996 1983
f 1989 1993 1986
f 1993 1990 1986
f 1998 1997 1991
f 1995 1998 1991
f 1999 1996 1987
f 1988 1999 1987
f 1992 1994 1989
f 1994 1993 1989
f 1999 1992 1996
f 1994 1998 1995
f 1999 2000 1992
f 2000 1994 1992
f 2000 1998 1994
f 1988 2000 1999
f 2000 1997 1998
f 2000 1988 1997
f 2001 1973 41
f 2002 2001 41
f 2003 2002 41
f 38 2003 41
f 2004 62 55
f 2005 2004 55
f 1494 2005 55
f 146 1972 1973
f 45 146 1973
f 2001 45 1973
f 150 52 1494
f 1822 150 1494
f 52 2005 1494
f 2002 2006 2001
f 2006 45 2001
f 52 2007 2005
f 2007 2004 2005
f 2006 57 45
f 2008 2007 52
f 51 2008 52
f 1793 2009 146
f 2009 1972 146
f 2010 2011 150
f 2012 2010 150
f 1822 2012 150
f 2011 2013 150
f 2013 151 150
f 2014 1971 1972
f 2009 2014 1972
f 1958 2012 1822
f 1793 2015 2009
f 2015 2014 2009
f 2016 2010 2012
f 1958 2016 2012
f 2017 1970 1971
f 2014 2017 1971
f 1970 2016 1958
f 2015 2017 2014
f 2017 2015 2016
f 2015 2010 2016
f 1970 2017 2016
f 2018 160 2019
f 160 161 2019
f 161 2020 2019
f 2020 2021 2019
f 2021 2018 2019
f 157 2022 161
f 2022 2020 161
f 2023 1547 1794
f 2024 2025 1794
f 151 2024 1794
f 2025 2023 1794
f 2026 2023 2025
f 2024 2026 2025
f 2027 157 2028
f 157 156 2028
f 156 2029 2028
f 2029 2030 2028
f 2030 2027 2028
f 155 2029 156
f 2031 162 165
f 2032 2033 165
f 1548 2032 165
f 2033 2031 165
f 2034 2031 2033
f 2032 2034 2033
f 2021 2035 2018
f 2035 160 2018
f 151 2036 2024
f 2036 2026 2024
f 2035 1793 160
f 2013 2036 151
f 2030 2037 2027
f 2037 157 2027
f 2037 2022 157
f 2038 2032 1548
f 1547 2038 1548
f 2038 2034 2032
f 2022 2039 2020
f 2039 2040 2020
f 2040 2021 2020
f 2037 2041 2022
f 2041 2039 2022
f 2042 2043 2023
f 2043 1547 2023
f 2026 2042 2023
f 2044 2042 2026
f 2036 2044 2026
f 155 2045 2029
f 2045 2046 2029
f 2046 2030 2029
f 154 2047 155
f 2047 2045 155
f 2048 162 2031
f 2034 2048 2031
f 2049 2048 2034
f 2038 2049 2034
f 2040 2050 2021
f 2050 2035 2021
f 2050 1793 2035
f 2011 2051 2013
f 2052 2036 2013
f 2051 2052 2013
f 2052 2044 2036
f 2046 2053 2030
f 2053 2037 2030
f 2053 2041 2037
f 2054 2038 1547
f 2043 2054 1547
f 2054 2049 2038
f 2041 2040 2039
f 1793 2050 2041
f 154 1793 2041
f 2053 154 2041
f 2050 2040 2041
f 2051 2011 2042
f 2011 162 2042
f 162 2043 2042
f 2044 2051 2042
f 2052 2051 2044
f 2047 2046 2045
f 154 2053 2047
f 2053 2046 2047
f 2043 162 2048
f 2049 2043 2048
f 2054 2043 2049
f 2055 2006 2002
f 2003 2055 2002
f 2056 2057 2006
f 2057 2058 2006
f 2058 57 2006
f 2055 2056 2006
f 2008 2059 2007
f 2059 2004 2007
f 2060 2061 2004
f 2061 2062 2004
f 2062 62 2004
f 2059 2060 2004
f 154 2015 1793
f 2063 162 2011
f 2010 2063 2011
f 162 2064 154
f 2064 2015 154
f 2063 2064 162
f 2065 2056 2055
f 2003 2065 2055
f 2065 2057 2056
f 2008 2066 2059
f 2066 2060 2059
f 2066 2061 2060
f 2064 2010 2015
f 2064 2063 2010
f 2003 2057 2065
f 2003 2058 2057
f 2008 2061 2066
f 2008 2062 2061
f 57 2058 2003
f 38 57 2003
f 51 62 2008
f 62 2062 2008
f 38 60 57
f 70 63 51
f 63 62 51
f 74 60 38
f 74 70 60
f 74 63 70
f 2067 2068 2069
f 2068 2070 2069
f 2070 2071 2069
f 2067 2072 2068
f 2073 2072 2067
f 2073 2074 2072
f 2070 2075 2071
f 2075 2076 2071
f 2077 2074 2073
f 2077 2078 2074
f 2075 2079 2076
f 2079 2080 2076
f 2081 2078 2077
f 2081 2082 2078
f 2079 2083 2080
f 2083 2084 2080
f 2085 2082 2081
f 2085 2086 2082
f 2083 2087 2084
f 2087 2088 2084
f 2089 2086 2085
f 2089 2090 2086
f 2087 2091 2088
f 2091 2092 2088
f 2093 2090 2089
f 2093 2094 2090
f 2091 2095 2092
f 2095 2096 2092
f 2097 2094 2093
f 2097 2098 2094
f 2095 2099 2096
f 2099 2100 2096
f 2101 2098 2097
f 2101 2102 2098
f 2099 2103 2100
f 2103 2104 2100
f 2105 2102 2101
f 2105 2106 2102
f 2107 2108 2104
f 2103 2107 2104
f 2109 2106 2105
f 2109 2110 2106
f 2107 2111 2108
f 2111 2112 2108
f 2113 2110 2109
f 2113 2114 2110
f 2111 2115 2112
f 2115 2116 2112
f 2117 2114 2113
f 2117 2118 2114
f 2115 2119 2116
f 2119 2120 2116
f 2121 2118 2117
f 2121 2122 2118
f 2119 2123 2120
f 2123 2124 2120
f 2125 2122 2121
f 2125 2126 2122
f 2123 2127 2124
f 2127 2128 2124
f 2129 2126 2125
f 2129 2130 2126
f 2127 2131 2128
f 2131 2132 2128
f 2133 2130 2129
f 2133 2134 2130
f 2131 2135 2132
f 2135 2136 2132
f 2137 2134 2133
f 2137 2138 2134
f 2135 2139 2136
f 2139 2140 2136
f 2140 2138 2137
f 2140 2139 2138

