# https://github.com/mikedh/trimesh

o link_gripper_left.STL
v 0.02041724 0.01200000 -0.01452999
v 0.04754981 0.00778506 -0.01447590
v 0.04750001 0.00748621 -0.01452999
v 0.04750001 0.00095711 -0.01452999
v 0.04803797 0.00742621 -0.01446889
v 0.04807630 0.00769853 -0.01443489
v -0.01350001 0.00093248 -0.01452510
v -0.01350001 0.00095711 -0.01452999
v 0.04750001 0.00076576 -0.01449193
v 0.04802739 0.00095711 -0.01448329
v 0.04817289 0.00741116 -0.01445358
v 0.02044519 0.01233712 -0.01447146
v -0.01350001 0.01200000 -0.01452999
v -0.01350001 0.01233838 -0.01443933
v -0.01383838 0.01200000 -0.01443933
v -0.01393301 0.01225000 -0.01439603
v -0.01374999 0.01243301 -0.01439603
v -0.01363969 0.00094360 -0.01450326
v -0.01363883 0.00092161 -0.01451932
v -0.01350001 0.00076576 -0.01449193
v -0.01387635 0.00085442 -0.01445215
v -0.01384530 0.00092372 -0.01446392
v -0.01360745 0.00074538 -0.01447876
v -0.01350001 0.00075452 -0.01448442
v 0.04750001 0.00060355 -0.01438354
v 0.04802069 0.00076576 -0.01444583
v -0.01350001 0.00060355 -0.01438354
v -0.01356921 0.00059146 -0.01437147
v 0.04853835 0.00095711 -0.01434459
v -0.01366946 0.00057396 -0.01435395
v -0.01379407 0.00069245 -0.01442583
v 0.04755690 0.00782761 -0.01446818
v 0.02044588 0.01234534 -0.01446684
v 0.04759448 0.00805315 -0.01432182
v 0.04809776 0.00798108 -0.01429455
v 0.02046948 0.01263101 -0.01430579
v -0.01386920 0.00092141 -0.01445936
v -0.01400000 0.01200000 -0.01439603
v -0.01418439 0.00082124 -0.01425912
v -0.01418302 0.01200000 -0.01421301
v 0.04853239 0.00737109 -0.01432772
v 0.04858619 0.00761355 -0.01429312
v -0.01411560 0.00069635 -0.01429407
v 0.04852518 0.00076576 -0.01430886
v 0.04800164 0.00060355 -0.01433911
v -0.01350001 0.01250000 -0.01439603
v -0.01384539 0.00046408 -0.01424410
v -0.01398966 0.00056281 -0.01429619
v -0.01350001 0.01268301 -0.01421301
v 0.02047518 0.01269981 -0.01423045
v -0.01393301 0.01275000 -0.01403000
v -0.01425001 0.01243301 -0.01403000
v 0.04750001 0.00014645 -0.01392643
v 0.04796752 0.00014645 -0.01388039
v -0.01350001 0.00014645 -0.01392643
v -0.01361990 0.00016778 -0.01394777
v -0.01386643 0.00032434 -0.01410435
v 0.04911741 0.00095711 -0.01405664
v 0.04855573 0.00736849 -0.01431955
v 0.04879728 0.00734157 -0.01423501
v 0.04903930 0.00731483 -0.01408212
v 0.04848766 0.00060355 -0.01420717
v 0.04761624 0.00818369 -0.01423712
v 0.04903847 0.00060355 -0.01393332
v 0.04858762 0.00060355 -0.01415749
v 0.04909691 0.00076576 -0.01402460
v -0.01384834 0.00046225 -0.01424225
v -0.01410857 0.00040574 -0.01412429
v 0.04809537 0.00820816 -0.01407452
v 0.04858338 0.00790014 -0.01415952
v -0.01420245 0.00080858 -0.01423372
v -0.01419008 0.00081724 -0.01425110
v -0.01417071 0.00041586 -0.01411416
v -0.01426742 0.00047354 -0.01405655
v 0.04906371 0.00753396 -0.01406108
v -0.01391989 0.00037500 -0.01415499
v 0.04763019 0.00826725 -0.01410477
v -0.01425019 0.00077513 -0.01416667
v -0.01436603 0.01200000 -0.01403000
v 0.02048590 0.01282963 -0.01408832
v -0.01350001 0.01286602 -0.01403000
v 0.04841709 0.00014645 -0.01374404
v -0.01441309 0.00066100 -0.01393776
v -0.01440934 0.01200000 -0.01386838
v -0.01438633 0.00057071 -0.01395936
v -0.01435617 0.00052645 -0.01400368
v 0.04854306 0.00813355 -0.01395004
v 0.04903817 0.00782435 -0.01393853
v 0.04883140 0.00014645 -0.01352258
v -0.01402960 0.00027575 -0.01400910
v -0.01416296 0.00028565 -0.01388334
v 0.02212432 0.01266024 -0.01387335
v 0.04765424 0.00841163 -0.01387613
v -0.01374847 0.00021257 -0.01399256
v 0.02050000 0.01282847 -0.00353001
v 0.02050000 0.01282847 -0.00952999
v 0.02057701 0.01282201 -0.01008047
v 0.02063736 0.01281676 -0.01021613
v 0.02080401 0.01280228 -0.01059072
v 0.02109485 0.01277528 -0.01093657
v 0.02116269 0.01276899 -0.01101725
v 0.02181270 0.01270143 -0.01139177
v 0.02162405 0.01272232 -0.01132809
v 0.02048590 0.01282963 0.01402829
v 0.01884192 0.01293189 -0.01387335
v 0.04938560 0.00727655 -0.01386334
v 0.04949313 0.00746239 -0.01374559
v 0.04962131 0.00095711 -0.01365133
v 0.04948073 0.00726601 -0.01376949
v -0.01425943 0.00036161 -0.01375394
v -0.01350001 0.01290933 -0.01386838
v -0.01400000 0.01286602 -0.01353000
v -0.01436603 0.01250000 -0.01353000
v 0.04959440 0.00076576 -0.01362442
v -0.01385570 0.00013483 -0.01386820
v -0.01395297 0.00011596 -0.01371364
v -0.01443222 0.00063809 -0.01389192
v 0.04846915 0.00829043 -0.01368560
v 0.04896214 0.00806370 -0.01374640
v -0.01357505 0.00015215 -0.01393215
v -0.01368463 0.00006664 -0.01380001
v 0.04944703 0.00775620 -0.01363815
v -0.01443625 0.00065225 -0.01387774
v 0.04951778 0.00060355 -0.01354776
v 0.04919454 0.00014645 -0.01322456
v -0.01350001 0.00004575 -0.01377536
v 0.04750001 0.00003806 -0.01376425
v 0.04793587 0.00003806 -0.01372130
v -0.01443625 0.00065225 0.01381774
v -0.01423386 0.00032068 -0.01373352
v -0.01425004 0.00034659 -0.01374646
v -0.01398096 0.00013790 -0.01364197
v -0.01419929 0.00029571 -0.01372103
v -0.01443684 0.00065429 -0.01387571
v 0.02251982 0.01261935 -0.01382147
v 0.04765549 0.00841923 -0.01383297
v -0.01448292 0.00081594 -0.01371406
v 0.02210909 0.01266860 -0.01149182
v 0.01884192 0.01293190 0.01381336
v 0.01844489 0.01295659 -0.01382144
v -0.01350001 0.01300000 -0.01353000
v 0.01636186 0.01300000 -0.01353000
v -0.01449999 0.01200000 -0.01353000
v -0.01373789 0.00003041 -0.01362811
v 0.02458182 0.01231970 -0.01353000
v 0.04766440 0.00847260 -0.01353000
v 0.04836174 0.00835638 -0.01335768
v 0.02250000 0.01262181 -0.01153000
v 0.01844504 0.01295659 0.01376144
v -0.01350001 0.00003761 -0.01376315
v 0.04961106 0.00725156 -0.01364093
v -0.01350001 0.00000487 -0.01359750
v 0.04750001 0.00000000 -0.01357289
v 0.04580000 0.00000000 -0.01357289
v 0.04359999 0.00000000 -0.01357289
v 0.04140001 0.00000000 -0.01357289
v 0.03920000 0.00000000 -0.01357289
v 0.03700000 0.00000000 -0.01357289
v 0.03260001 0.00000000 -0.01357289
v 0.03040000 0.00000000 -0.01357289
v 0.02820000 0.00000000 -0.01357289
v 0.02599999 0.00000000 -0.01357289
v 0.02380001 0.00000000 -0.01357289
v 0.02160000 0.00000000 -0.01357289
v 0.01425001 0.00000000 -0.01357289
v 0.04789856 0.00000000 -0.01353364
v 0.04933878 0.00800093 -0.01346968
v 0.05002316 0.00737406 -0.01312609
v 0.04980725 0.00722982 -0.01344742
v 0.04835501 0.00003806 -0.01359417
v -0.01441255 0.00059105 0.01380847
v -0.01424995 0.00036333 0.01369484
v -0.01419950 0.00029266 0.01365958
v -0.01419029 0.00027973 0.01365311
v -0.01386893 0.00007054 0.01354836
v -0.01418308 0.00026966 0.01364811
v -0.01448292 0.00081592 0.01365407
v -0.01449999 0.00100000 -0.01353000
v -0.01383642 0.00007090 -0.01360841
v -0.01391480 0.00009009 -0.01361804
v -0.01374358 0.00004818 -0.01359703
v 0.04859590 0.00831735 -0.01329981
v 0.04917916 0.00817210 -0.01325704
v 0.05002665 0.00095711 -0.01314743
v 0.05001086 0.00720713 -0.01313590
v 0.04995155 0.00767212 -0.01304849
v -0.01355234 0.00000137 -0.01357357
v 0.04999458 0.00076576 -0.01312690
v -0.01383823 0.00006467 0.01354541
v -0.01350001 0.00000000 -0.01357289
v 0.04828179 0.00000000 -0.01341738
v 0.04874128 0.00003806 -0.01338770
v 0.04852146 0.00000000 -0.01328929
v -0.01350001 0.00000000 -0.01083644
v -0.01364044 0.00002685 0.01352639
v 0.04725000 0.00000000 -0.01300590
v 0.04699999 0.00000000 -0.01307289
v 0.04523301 0.00000000 -0.01282288
v 0.04504999 0.00000000 -0.01300590
v 0.04480001 0.00000000 -0.01307289
v 0.04580000 0.00000000 -0.01083644
v 0.04530000 0.00000000 -0.01083644
v 0.04530000 0.00000000 -0.01257290
v 0.04680001 0.00000000 -0.01307289
v 0.04655000 0.00000000 -0.01300590
v 0.04636699 0.00000000 -0.01282288
v 0.04629999 0.00000000 -0.01257290
v 0.04303300 0.00000000 -0.01282288
v 0.04285001 0.00000000 -0.01300590
v 0.04260000 0.00000000 -0.01307289
v 0.04359999 0.00000000 -0.01083644
v 0.04310000 0.00000000 -0.01083644
v 0.04310000 0.00000000 -0.01257290
v 0.04460001 0.00000000 -0.01307289
v 0.04434999 0.00000000 -0.01300590
v 0.04416698 0.00000000 -0.01282288
v 0.04410001 0.00000000 -0.01257290
v 0.04086193 0.00000000 -0.01276423
v 0.04075354 0.00000000 -0.01292645
v 0.04059136 0.00000000 -0.01303484
v 0.04039999 0.00000000 -0.01307289
v 0.04140001 0.00000000 -0.01083644
v 0.04089999 0.00000000 -0.01083644
v 0.04089999 0.00000000 -0.01257290
v 0.04240000 0.00000000 -0.01307289
v 0.04214999 0.00000000 -0.01300590
v 0.04196700 0.00000000 -0.01282288
v 0.04190001 0.00000000 -0.01257290
v 0.03863302 0.00000000 -0.01282288
v 0.03845000 0.00000000 -0.01300590
v 0.03819999 0.00000000 -0.01307289
v 0.03920000 0.00000000 -0.01083644
v 0.03870001 0.00000000 -0.01083644
v 0.03870001 0.00000000 -0.01257290
v 0.04019999 0.00000000 -0.01307289
v 0.03995001 0.00000000 -0.01300590
v 0.03976699 0.00000000 -0.01282288
v 0.03970000 0.00000000 -0.01257290
v 0.03646195 0.00000000 -0.01276423
v 0.03635355 0.00000000 -0.01292645
v 0.03700000 0.00000000 -0.01083644
v 0.03650000 0.00000000 -0.01083644
v 0.03650000 0.00000000 -0.01257290
v 0.03415355 0.00000000 -0.01292645
v 0.03399133 0.00000000 -0.01303484
v 0.03380000 0.00000000 -0.01307289
v 0.03619134 0.00000000 -0.01303484
v 0.03600001 0.00000000 -0.01307289
v 0.03580001 0.00000000 -0.01307289
v 0.03560865 0.00000000 -0.01303484
v 0.03426194 0.00000000 -0.01276423
v 0.03800001 0.00000000 -0.01307289
v 0.03775000 0.00000000 -0.01300590
v 0.03756699 0.00000000 -0.01282288
v 0.03749999 0.00000000 -0.01257290
v 0.03334999 0.00000000 -0.01300590
v 0.03316700 0.00000000 -0.01282288
v 0.03310001 0.00000000 -0.01257290
v 0.03260001 0.00000000 -0.01083644
v 0.03360000 0.00000000 -0.01307289
v 0.03206193 0.00000000 -0.01276423
v 0.03195354 0.00000000 -0.01292645
v 0.03179136 0.00000000 -0.01303484
v 0.03159999 0.00000000 -0.01307289
v 0.03209999 0.00000000 -0.01083644
v 0.03209999 0.00000000 -0.01257290
v 0.02983302 0.00000000 -0.01282288
v 0.02965000 0.00000000 -0.01300590
v 0.02939999 0.00000000 -0.01307289
v 0.03040000 0.00000000 -0.01083644
v 0.02990001 0.00000000 -0.01083644
v 0.02990001 0.00000000 -0.01257290
v 0.03139999 0.00000000 -0.01307289
v 0.03115001 0.00000000 -0.01300590
v 0.03096699 0.00000000 -0.01282288
v 0.03090000 0.00000000 -0.01257290
v 0.02766195 0.00000000 -0.01276423
v 0.02755355 0.00000000 -0.01292645
v 0.02739134 0.00000000 -0.01303484
v 0.02720001 0.00000000 -0.01307289
v 0.02820000 0.00000000 -0.01083644
v 0.02770000 0.00000000 -0.01083644
v 0.02770000 0.00000000 -0.01257290
v 0.02920001 0.00000000 -0.01307289
v 0.02895000 0.00000000 -0.01300590
v 0.02876699 0.00000000 -0.01282288
v 0.02869999 0.00000000 -0.01257290
v 0.02700001 0.00000000 -0.01307289
v 0.02674999 0.00000000 -0.01300590
v 0.02656698 0.00000000 -0.01282288
v 0.02650001 0.00000000 -0.01257290
v 0.02599999 0.00000000 -0.01083644
v 0.02546194 0.00000000 -0.01276423
v 0.02535355 0.00000000 -0.01292645
v 0.02519133 0.00000000 -0.01303484
v 0.02500000 0.00000000 -0.01307289
v 0.02550000 0.00000000 -0.01083644
v 0.02550000 0.00000000 -0.01257290
v 0.02480000 0.00000000 -0.01307289
v 0.02454999 0.00000000 -0.01300590
v 0.02436700 0.00000000 -0.01282288
v 0.02430001 0.00000000 -0.01257290
v 0.02380001 0.00000000 -0.01083644
v 0.02323302 0.00000000 -0.01282288
v 0.02305001 0.00000000 -0.01300590
v 0.02279999 0.00000000 -0.01307289
v 0.02329999 0.00000000 -0.01083644
v 0.02329999 0.00000000 -0.01257290
v 0.02259999 0.00000000 -0.01307289
v 0.02235001 0.00000000 -0.01300590
v 0.02216699 0.00000000 -0.01282288
v 0.02210000 0.00000000 -0.01257290
v 0.02160000 0.00000000 -0.01083644
v 0.02103302 0.00000000 -0.01282288
v 0.02085000 0.00000000 -0.01300590
v 0.02059999 0.00000000 -0.01307289
v 0.02040001 0.00000000 -0.01307289
v 0.02110001 0.00000000 -0.01083644
v 0.02110001 0.00000000 -0.01257290
v 0.02015000 0.00000000 -0.01300590
v 0.01996699 0.00000000 -0.01282288
v 0.01989999 0.00000000 -0.01257290
v 0.01425001 0.00000000 -0.01083644
v 0.04990330 0.00060355 -0.01306845
v 0.04949256 0.00014645 -0.01286139
v 0.04743301 0.00000000 -0.01282288
v 0.02458182 0.01231970 -0.01153000
v 0.04959735 0.00815044 -0.01193576
v 0.01636186 0.01300000 0.01347001
v 0.00312096 0.01300000 -0.00857528
v 0.00356453 0.01300000 -0.00834726
v 0.00787762 0.01300000 -0.00856070
v 0.00830710 0.01300000 -0.00830712
v 0.00856068 0.01300000 0.00259240
v 0.00830710 0.01300000 0.00216289
v -0.00760001 0.01300000 -0.00860001
v -0.00737906 0.01300000 -0.00857528
v -0.00693548 0.01300000 -0.00834726
v 0.00290000 0.01300000 -0.00860001
v 0.00737905 0.01300000 -0.00857528
v 0.00760001 0.01300000 -0.00860001
v 0.00856068 0.01300000 -0.00787760
v 0.00857529 0.01300000 -0.00737907
v 0.00834727 0.01300000 -0.00693546
v -0.00312093 0.01300000 -0.00857528
v -0.00290001 0.01300000 -0.00860001
v 0.00262239 0.01300000 -0.00856070
v 0.00857529 0.01300000 -0.00315096
v 0.00856068 0.01300000 -0.00265239
v -0.01350001 0.01300000 0.01347001
v -0.00830710 0.01300000 -0.00830712
v -0.00787762 0.01300000 -0.00856070
v -0.00857529 0.01300000 -0.00737907
v -0.00856069 0.01300000 -0.00787760
v -0.01400000 0.01286602 0.01347001
v -0.01436603 0.01250000 0.01347001
v -0.01449999 0.01200000 0.01347001
v -0.01449999 0.00506494 -0.00349455
v -0.01449999 0.00650000 -0.00377999
v -0.01449999 0.00793506 -0.00349455
v -0.01449999 0.00915165 -0.00268166
v -0.01449999 0.00996455 -0.00146507
v -0.01449999 0.01025000 -0.00003000
v -0.01449999 0.00100000 0.01347001
v -0.01449999 0.00275000 -0.00003000
v -0.01449999 0.00303545 -0.00146507
v -0.01449999 0.00384835 -0.00268166
v 0.04980325 0.00792352 -0.01292683
v 0.04750001 0.00000000 -0.01257290
v 0.04907983 0.00003806 -0.01310985
v 0.04863497 0.00000000 -0.01322861
v 0.04895162 0.00825806 -0.01298384
v 0.04750001 0.00000000 -0.01083644
v 0.04852146 0.00000000 -0.01083644
v 0.04959312 0.00810311 -0.01277326
v 0.04894453 0.00000000 -0.01297455
v 0.05031457 0.00095711 -0.01256834
v 0.05018228 0.00718802 -0.01287364
v 0.05025869 0.00717954 -0.01266228
v 0.05027887 0.00076576 -0.01255517
v 0.05012747 0.00060355 -0.01261760
v 0.05026805 0.00733324 -0.01265471
v 0.04935771 0.00003806 -0.01277126
v 0.04725000 -0.00021651 -0.01294790
v 0.04699999 -0.00025000 -0.01300590
v 0.04680001 -0.00025000 -0.01300590
v 0.04658350 -0.00025000 -0.01294790
v 0.04480001 -0.00025000 -0.01300590
v 0.04504999 -0.00021651 -0.01294790
v 0.04460001 -0.00025000 -0.01300590
v 0.04438349 -0.00025000 -0.01294790
v 0.04260000 -0.00025000 -0.01300590
v 0.04285001 -0.00021651 -0.01294790
v 0.04240000 -0.00025000 -0.01300590
v 0.04218348 -0.00025000 -0.01294790
v 0.04039999 -0.00025000 -0.01300590
v 0.04019999 -0.00025000 -0.01300590
v 0.03998351 -0.00025000 -0.01294790
v 0.03819999 -0.00025000 -0.01300590
v 0.03845000 -0.00021651 -0.01294790
v 0.03800001 -0.00025000 -0.01300590
v 0.03778350 -0.00025000 -0.01294790
v 0.03600001 -0.00025000 -0.01300590
v 0.03580001 -0.00025000 -0.01300590
v 0.03563431 -0.00025000 -0.01297294
v 0.03380000 -0.00025000 -0.01300590
v 0.03360000 -0.00025000 -0.01300590
v 0.03338348 -0.00025000 -0.01294790
v 0.03159999 -0.00025000 -0.01300590
v 0.03139999 -0.00025000 -0.01300590
v 0.03118351 -0.00025000 -0.01294790
v 0.02939999 -0.00025000 -0.01300590
v 0.02965000 -0.00021651 -0.01294790
v 0.02920001 -0.00025000 -0.01300590
v 0.02898350 -0.00025000 -0.01294790
v 0.02720001 -0.00025000 -0.01300590
v 0.02700001 -0.00025000 -0.01300590
v 0.02678349 -0.00025000 -0.01294790
v 0.02500000 -0.00025000 -0.01300590
v 0.02480000 -0.00025000 -0.01300590
v 0.02458348 -0.00025000 -0.01294790
v 0.02279999 -0.00025000 -0.01300590
v 0.02305001 -0.00021651 -0.01294790
v 0.02259999 -0.00025000 -0.01300590
v 0.02238351 -0.00025000 -0.01294790
v 0.02059999 -0.00025000 -0.01300590
v 0.02085000 -0.00021651 -0.01294790
v 0.02040001 -0.00025000 -0.01300590
v 0.02018350 -0.00025000 -0.01294790
v 0.04971403 0.00014645 -0.01244707
v 0.05018454 0.00763328 -0.01259996
v 0.04056570 -0.00025000 -0.01297294
v 0.03616571 -0.00025000 -0.01297294
v 0.03544643 0.00000000 -0.01292645
v 0.03549382 -0.00025000 -0.01287909
v 0.03396570 -0.00025000 -0.01297294
v 0.03176570 -0.00025000 -0.01297294
v 0.02736571 -0.00025000 -0.01297294
v 0.02516570 -0.00025000 -0.01297294
v 0.04743301 -0.00012500 -0.01278941
v 0.04725000 -0.00037500 -0.01278941
v 0.04699999 -0.00043301 -0.01282288
v 0.04680001 -0.00043301 -0.01282288
v 0.04667499 -0.00043301 -0.01278941
v 0.04642501 -0.00025000 -0.01278941
v 0.04523301 -0.00012500 -0.01278941
v 0.04480001 -0.00043301 -0.01282288
v 0.04504999 -0.00037500 -0.01278941
v 0.04460001 -0.00043301 -0.01282288
v 0.04447499 -0.00043301 -0.01278941
v 0.04422500 -0.00025000 -0.01278941
v 0.04303300 -0.00012500 -0.01278941
v 0.04260000 -0.00043301 -0.01282288
v 0.04285001 -0.00037500 -0.01278941
v 0.04240000 -0.00043301 -0.01282288
v 0.04227501 -0.00043301 -0.01278941
v 0.04202500 -0.00025000 -0.01278941
v 0.04039999 -0.00043301 -0.01282288
v 0.04019999 -0.00043301 -0.01282288
v 0.04007500 -0.00043301 -0.01278941
v 0.03982499 -0.00025000 -0.01278941
v 0.03863302 -0.00012500 -0.01278941
v 0.03819999 -0.00043301 -0.01282288
v 0.03845000 -0.00037500 -0.01278941
v 0.03800001 -0.00043301 -0.01282288
v 0.03787499 -0.00043301 -0.01278941
v 0.03762501 -0.00025000 -0.01278941
v 0.03600001 -0.00043301 -0.01282288
v 0.03580001 -0.00043301 -0.01282288
v 0.03570434 -0.00043301 -0.01280387
v 0.03380000 -0.00043301 -0.01282288
v 0.03360000 -0.00043301 -0.01282288
v 0.03347501 -0.00043301 -0.01278941
v 0.03322500 -0.00025000 -0.01278941
v 0.03159999 -0.00043301 -0.01282288
v 0.03139999 -0.00043301 -0.01282288
v 0.03127500 -0.00043301 -0.01278941
v 0.03102499 -0.00025000 -0.01278941
v 0.02983302 -0.00012500 -0.01278941
v 0.02939999 -0.00043301 -0.01282288
v 0.02965000 -0.00037500 -0.01278941
v 0.02920001 -0.00043301 -0.01282288
v 0.02907499 -0.00043301 -0.01278941
v 0.02882501 -0.00025000 -0.01278941
v 0.02720001 -0.00043301 -0.01282288
v 0.02700001 -0.00043301 -0.01282288
v 0.02687499 -0.00043301 -0.01278941
v 0.02662500 -0.00025000 -0.01278941
v 0.02500000 -0.00043301 -0.01282288
v 0.02480000 -0.00043301 -0.01282288
v 0.02467501 -0.00043301 -0.01278941
v 0.02442500 -0.00025000 -0.01278941
v 0.02323302 -0.00012500 -0.01278941
v 0.02279999 -0.00043301 -0.01282288
v 0.02305001 -0.00037500 -0.01278941
v 0.02259999 -0.00043301 -0.01282288
v 0.02247500 -0.00043301 -0.01278941
v 0.02222499 -0.00025000 -0.01278941
v 0.02103302 -0.00012500 -0.01278941
v 0.02059999 -0.00043301 -0.01282288
v 0.02085000 -0.00037500 -0.01278941
v 0.02040001 -0.00043301 -0.01282288
v 0.02027499 -0.00043301 -0.01278941
v 0.02002501 -0.00025000 -0.01278941
v 0.04933601 0.00819400 -0.01260243
v 0.04931193 0.00819801 -0.01266383
v 0.04919859 0.00000000 -0.01266496
v 0.04070618 -0.00025000 -0.01287909
v 0.04049566 -0.00043301 -0.01280387
v 0.03630620 -0.00025000 -0.01287909
v 0.03609568 -0.00043301 -0.01280387
v 0.03562322 -0.00043301 -0.01274966
v 0.03410619 -0.00025000 -0.01287909
v 0.03389567 -0.00043301 -0.01280387
v 0.03190618 -0.00025000 -0.01287909
v 0.03169566 -0.00043301 -0.01280387
v 0.02750620 -0.00025000 -0.01287909
v 0.02729568 -0.00043301 -0.01280387
v 0.02530619 -0.00025000 -0.01287909
v 0.02509567 -0.00043301 -0.01280387
v 0.04743301 -0.00021651 -0.01269789
v 0.04658350 -0.00043301 -0.01269789
v 0.04523301 -0.00021651 -0.01269789
v 0.04438349 -0.00043301 -0.01269789
v 0.04303300 -0.00021651 -0.01269789
v 0.04218348 -0.00043301 -0.01269789
v 0.03998351 -0.00043301 -0.01269789
v 0.03863302 -0.00021651 -0.01269789
v 0.03778350 -0.00043301 -0.01269789
v 0.03338348 -0.00043301 -0.01269789
v 0.03118351 -0.00043301 -0.01269789
v 0.02983302 -0.00021651 -0.01269789
v 0.02898350 -0.00043301 -0.01269789
v 0.02678349 -0.00043301 -0.01269789
v 0.02458348 -0.00043301 -0.01269789
v 0.02323302 -0.00021651 -0.01269789
v 0.02238351 -0.00043301 -0.01269789
v 0.02103302 -0.00021651 -0.01269789
v 0.02018350 -0.00043301 -0.01269789
v 0.05001768 0.00788778 -0.01251410
v 0.03533807 0.00000000 -0.01276423
v 0.03539994 -0.00025000 -0.01273860
v 0.04080006 -0.00025000 -0.01273860
v 0.04057678 -0.00043301 -0.01274966
v 0.03640005 -0.00025000 -0.01273860
v 0.03617677 -0.00043301 -0.01274966
v 0.03556904 -0.00043301 -0.01266857
v 0.03420004 -0.00025000 -0.01273860
v 0.03397679 -0.00043301 -0.01274966
v 0.03200006 -0.00025000 -0.01273860
v 0.03177678 -0.00043301 -0.01274966
v 0.02760005 -0.00025000 -0.01273860
v 0.02737677 -0.00043301 -0.01274966
v 0.02540004 -0.00025000 -0.01273860
v 0.02517679 -0.00043301 -0.01274966
v 0.04725000 -0.00043301 -0.01257290
v 0.04699999 -0.00050000 -0.01257290
v 0.04680001 -0.00050000 -0.01257290
v 0.04636699 -0.00025000 -0.01257290
v 0.04480001 -0.00050000 -0.01257290
v 0.04504999 -0.00043301 -0.01257290
v 0.04460001 -0.00050000 -0.01257290
v 0.04416698 -0.00025000 -0.01257290
v 0.04260000 -0.00050000 -0.01257290
v 0.04285001 -0.00043301 -0.01257290
v 0.04240000 -0.00050000 -0.01257290
v 0.04196700 -0.00025000 -0.01257290
v 0.04039999 -0.00050000 -0.01257290
v 0.04019999 -0.00050000 -0.01257290
v 0.03975039 -0.00018804 -0.01257290
v 0.03819999 -0.00050000 -0.01257290
v 0.03845000 -0.00043301 -0.01257290
v 0.03800001 -0.00050000 -0.01257290
v 0.03756699 -0.00025000 -0.01257290
v 0.03600001 -0.00050000 -0.01257290
v 0.03580001 -0.00050000 -0.01257290
v 0.03380000 -0.00050000 -0.01257290
v 0.03360000 -0.00050000 -0.01257290
v 0.03315037 -0.00018804 -0.01257290
v 0.03159999 -0.00050000 -0.01257290
v 0.03139999 -0.00050000 -0.01257290
v 0.03095039 -0.00018804 -0.01257290
v 0.02939999 -0.00050000 -0.01257290
v 0.02965000 -0.00043301 -0.01257290
v 0.02920001 -0.00050000 -0.01257290
v 0.02876699 -0.00025000 -0.01257290
v 0.02720001 -0.00050000 -0.01257290
v 0.02700001 -0.00050000 -0.01257290
v 0.02655038 -0.00018804 -0.01257290
v 0.02500000 -0.00050000 -0.01257290
v 0.02480000 -0.00050000 -0.01257290
v 0.02435037 -0.00018804 -0.01257290
v 0.02279999 -0.00050000 -0.01257290
v 0.02305001 -0.00043301 -0.01257290
v 0.02259999 -0.00050000 -0.01257290
v 0.02216699 -0.00025000 -0.01257290
v 0.02059999 -0.00050000 -0.01257290
v 0.02085000 -0.00043301 -0.01257290
v 0.02040001 -0.00050000 -0.01257290
v 0.01996699 -0.00025000 -0.01257290
v 0.04743301 -0.00025000 -0.01257290
v 0.04655000 -0.00043301 -0.01257290
v 0.04523301 -0.00025000 -0.01257290
v 0.04434999 -0.00043301 -0.01257290
v 0.04303300 -0.00025000 -0.01257290
v 0.04214999 -0.00043301 -0.01257290
v 0.03985849 -0.00034151 -0.01257290
v 0.03976699 -0.00025000 -0.01257290
v 0.03863302 -0.00025000 -0.01257290
v 0.03775000 -0.00043301 -0.01257290
v 0.03325849 -0.00034151 -0.01257290
v 0.03316700 -0.00025000 -0.01257290
v 0.03105849 -0.00034151 -0.01257290
v 0.03096699 -0.00025000 -0.01257290
v 0.02983302 -0.00025000 -0.01257290
v 0.02895000 -0.00043301 -0.01257290
v 0.02665850 -0.00034151 -0.01257290
v 0.02656698 -0.00025000 -0.01257290
v 0.02445849 -0.00034151 -0.01257290
v 0.02436700 -0.00025000 -0.01257290
v 0.02323302 -0.00025000 -0.01257290
v 0.02235001 -0.00043301 -0.01257290
v 0.02103302 -0.00025000 -0.01257290
v 0.02015000 -0.00043301 -0.01257290
v 0.04990637 0.00805090 -0.01200919
v 0.05015507 0.00786488 -0.01206856
v 0.04956415 0.00003806 -0.01238500
v 0.04084962 -0.00018804 -0.01257290
v 0.03644961 -0.00018804 -0.01257290
v 0.03530001 0.00000000 -0.01257290
v 0.03430000 0.00000000 -0.01257290
v 0.03535038 -0.00018804 -0.01257290
v 0.03424960 -0.00018804 -0.01257290
v 0.03204962 -0.00018804 -0.01257290
v 0.02764961 -0.00018804 -0.01257290
v 0.02544960 -0.00018804 -0.01257290
v 0.04063096 -0.00043301 -0.01266857
v 0.03623098 -0.00043301 -0.01266857
v 0.03403097 -0.00043301 -0.01266857
v 0.03183096 -0.00043301 -0.01266857
v 0.02743098 -0.00043301 -0.01266857
v 0.02523097 -0.00043301 -0.01266857
v 0.04083302 -0.00025000 -0.01257290
v 0.04074150 -0.00034151 -0.01257290
v 0.03643301 -0.00025000 -0.01257290
v 0.03634151 -0.00034151 -0.01257290
v 0.03554999 -0.00043301 -0.01257290
v 0.03545850 -0.00034151 -0.01257290
v 0.03536698 -0.00025000 -0.01257290
v 0.03423300 -0.00025000 -0.01257290
v 0.03414151 -0.00034151 -0.01257290
v 0.03203302 -0.00025000 -0.01257290
v 0.03194150 -0.00034151 -0.01257290
v 0.02763301 -0.00025000 -0.01257290
v 0.02754151 -0.00034151 -0.01257290
v 0.02543300 -0.00025000 -0.01257290
v 0.02534151 -0.00034151 -0.01257290
v 0.04001197 -0.00044962 -0.01257290
v 0.03995001 -0.00043301 -0.01257290
v 0.03341195 -0.00044962 -0.01257290
v 0.03334999 -0.00043301 -0.01257290
v 0.03121197 -0.00044962 -0.01257290
v 0.03115001 -0.00043301 -0.01257290
v 0.02681195 -0.00044962 -0.01257290
v 0.02674999 -0.00043301 -0.01257290
v 0.02461195 -0.00044962 -0.01257290
v 0.02454999 -0.00043301 -0.01257290
v 0.04065001 -0.00043301 -0.01257290
v 0.04058805 -0.00044962 -0.01257290
v 0.03624999 -0.00043301 -0.01257290
v 0.03618803 -0.00044962 -0.01257290
v 0.03561195 -0.00044962 -0.01257290
v 0.03405001 -0.00043301 -0.01257290
v 0.03398803 -0.00044962 -0.01257290
v 0.03185001 -0.00043301 -0.01257290
v 0.03178805 -0.00044962 -0.01257290
v 0.02744999 -0.00043301 -0.01257290
v 0.02738803 -0.00044962 -0.01257290
v 0.02525001 -0.00043301 -0.01257290
v 0.02518803 -0.00044962 -0.01257290
v 0.04938739 0.00000000 -0.01231177
v 0.05029517 0.00717549 -0.01256134
v 0.05042141 0.00716149 -0.01221208
v 0.05042505 0.00730707 -0.01214556
v 0.05017718 0.00060355 -0.01251768
v 0.05033394 0.00760838 -0.01211558
v 0.04743301 -0.00025000 0.01251291
v 0.04725000 -0.00043301 0.01251291
v 0.04699999 -0.00050000 0.01251291
v 0.04655000 -0.00043301 0.01251291
v 0.04680001 -0.00050000 0.01251291
v 0.04636699 -0.00025000 0.01251291
v 0.04629999 0.00000000 -0.01083644
v 0.04523301 -0.00025000 0.01251291
v 0.04504999 -0.00043301 0.01251291
v 0.04480001 -0.00050000 0.01251291
v 0.04460001 -0.00050000 0.01251291
v 0.04434999 -0.00043301 0.01251291
v 0.04416698 -0.00025000 0.01251291
v 0.04410001 0.00000000 -0.01083644
v 0.04303300 -0.00025000 0.01251291
v 0.04285001 -0.00043301 0.01251291
v 0.04260000 -0.00050000 0.01251291
v 0.04240000 -0.00050000 0.01251291
v 0.04214999 -0.00043301 0.01251291
v 0.04196700 -0.00025000 0.01251291
v 0.04190001 0.00000000 -0.01083644
v 0.04084962 -0.00018804 0.01251291
v 0.04083302 -0.00025000 0.01251291
v 0.04074150 -0.00034151 0.01251291
v 0.04065001 -0.00043301 0.01251291
v 0.04058805 -0.00044962 0.01251291
v 0.04039999 -0.00050000 0.01251291
v 0.04019999 -0.00050000 0.01251291
v 0.04001197 -0.00044962 0.01251291
v 0.03995001 -0.00043301 0.01251291
v 0.03985849 -0.00034151 0.01251291
v 0.03976699 -0.00025000 0.01251291
v 0.03970000 0.00000000 -0.01083644
v 0.03975039 -0.00018804 0.01251291
v 0.03863302 -0.00025000 0.01251291
v 0.03845000 -0.00043301 0.01251291
v 0.03819999 -0.00050000 0.01251291
v 0.03800001 -0.00050000 0.01251291
v 0.03775000 -0.00043301 0.01251291
v 0.03756699 -0.00025000 0.01251291
v 0.03749999 0.00000000 -0.01083644
v 0.03644961 -0.00018804 0.01251291
v 0.03643301 -0.00025000 0.01251291
v 0.03634151 -0.00034151 0.01251291
v 0.03624999 -0.00043301 0.01251291
v 0.03618803 -0.00044962 0.01251291
v 0.03600001 -0.00050000 0.01251291
v 0.03580001 -0.00050000 0.01251291
v 0.03561195 -0.00044962 0.01251291
v 0.03554999 -0.00043301 0.01251291
v 0.03545850 -0.00034151 0.01251291
v 0.03536698 -0.00025000 0.01251291
v 0.03530001 0.00000000 -0.01083644
v 0.03535038 -0.00018804 0.01251291
v 0.03430000 0.00000000 -0.01083644
v 0.03424960 -0.00018804 0.01251291
v 0.03423300 -0.00025000 0.01251291
v 0.03414151 -0.00034151 0.01251291
v 0.03405001 -0.00043301 0.01251291
v 0.03398803 -0.00044962 0.01251291
v 0.03380000 -0.00050000 0.01251291
v 0.03341195 -0.00044962 0.01251291
v 0.03360000 -0.00050000 0.01251291
v 0.03334999 -0.00043301 0.01251291
v 0.03325849 -0.00034151 0.01251291
v 0.03316700 -0.00025000 0.01251291
v 0.03310001 0.00000000 -0.01083644
v 0.03315037 -0.00018804 0.01251291
v 0.03204962 -0.00018804 0.01251291
v 0.03203302 -0.00025000 0.01251291
v 0.03194150 -0.00034151 0.01251291
v 0.03185001 -0.00043301 0.01251291
v 0.03178805 -0.00044962 0.01251291
v 0.03159999 -0.00050000 0.01251291
v 0.03139999 -0.00050000 0.01251291
v 0.03121197 -0.00044962 0.01251291
v 0.03115001 -0.00043301 0.01251291
v 0.03105849 -0.00034151 0.01251291
v 0.03096699 -0.00025000 0.01251291
v 0.03090000 0.00000000 -0.01083644
v 0.03095039 -0.00018804 0.01251291
v 0.02983302 -0.00025000 0.01251291
v 0.02965000 -0.00043301 0.01251291
v 0.02939999 -0.00050000 0.01251291
v 0.02920001 -0.00050000 0.01251291
v 0.02895000 -0.00043301 0.01251291
v 0.02876699 -0.00025000 0.01251291
v 0.02869999 0.00000000 -0.01083644
v 0.02764961 -0.00018804 0.01251291
v 0.02763301 -0.00025000 0.01251291
v 0.02754151 -0.00034151 0.01251291
v 0.02744999 -0.00043301 0.01251291
v 0.02738803 -0.00044962 0.01251291
v 0.02720001 -0.00050000 0.01251291
v 0.02700001 -0.00050000 0.01251291
v 0.02681195 -0.00044962 0.01251291
v 0.02674999 -0.00043301 0.01251291
v 0.02665850 -0.00034151 0.01251291
v 0.02656698 -0.00025000 0.01251291
v 0.02650001 0.00000000 -0.01083644
v 0.02655038 -0.00018804 0.01251291
v 0.02544960 -0.00018804 0.01251291
v 0.02543300 -0.00025000 0.01251291
v 0.02534151 -0.00034151 0.01251291
v 0.02525001 -0.00043301 0.01251291
v 0.02518803 -0.00044962 0.01251291
v 0.02500000 -0.00050000 0.01251291
v 0.02480000 -0.00050000 0.01251291
v 0.02461195 -0.00044962 0.01251291
v 0.02454999 -0.00043301 0.01251291
v 0.02445849 -0.00034151 0.01251291
v 0.02436700 -0.00025000 0.01251291
v 0.02430001 0.00000000 -0.01083644
v 0.02435037 -0.00018804 0.01251291
v 0.02323302 -0.00025000 0.01251291
v 0.02305001 -0.00043301 0.01251291
v 0.02279999 -0.00050000 0.01251291
v 0.02259999 -0.00050000 0.01251291
v 0.02235001 -0.00043301 0.01251291
v 0.02216699 -0.00025000 0.01251291
v 0.02210000 0.00000000 -0.01083644
v 0.02103302 -0.00025000 0.01251291
v 0.02085000 -0.00043301 0.01251291
v 0.02059999 -0.00050000 0.01251291
v 0.02040001 -0.00050000 0.01251291
v 0.02015000 -0.00043301 0.01251291
v 0.01996699 -0.00025000 0.01251291
v 0.01989999 0.00000000 -0.01083644
v 0.05045327 0.00095711 -0.01205738
v 0.05041581 0.00076576 -0.01205070
v 0.05030912 0.00060355 -0.01203163
v 0.04985040 0.00014645 -0.01199754
v 0.04969132 0.00003806 -0.01196589
v 0.04950365 0.00000000 -0.01192854
v 0.05042833 0.00716073 -0.01215206
v 0.05050000 0.00095711 -0.01153000
v 0.05050000 0.00715288 -0.01153000
v 0.05049961 0.00719997 -0.01153000
v 0.05045256 0.00747138 -0.01153000
v 0.05048310 0.00729518 -0.01153000
v 0.05024218 0.00782305 -0.01153000
v 0.05037900 0.00762967 -0.01153000
v 0.05039501 0.00759796 -0.01153000
v 0.05040550 0.00757720 -0.01153000
v 0.05006635 0.00797704 -0.01153000
v 0.05020880 0.00785229 -0.01153000
v 0.05046194 0.00076576 -0.01153000
v 0.05035355 0.00060355 -0.01153000
v 0.04989645 0.00014645 -0.01153000
v 0.04964360 0.00814274 -0.01181777
v 0.04994928 0.00802429 -0.01153000
v 0.04973423 0.00003806 -0.01153000
v 0.04954290 0.00000000 -0.01153000
v 0.04966440 0.00813927 -0.01153000
v 0.05050000 0.00715288 0.01147000
v 0.05049961 0.00719997 0.01147000
v 0.05050000 0.00095711 0.01147000
v 0.05046194 0.00076576 0.01147000
v 0.05048310 0.00729518 0.01147000
v 0.05045256 0.00747138 0.01147000
v 0.05035355 0.00060355 0.01147000
v 0.05040556 0.00757708 -0.00153001
v 0.05040556 0.00757708 0.00147001
v 0.05034366 0.00767507 -0.01153000
v 0.04989645 0.00014645 0.01147000
v 0.05026835 0.00776300 -0.01153000
v 0.05026835 0.00776300 -0.00153001
v 0.04997849 0.00794996 -0.01153000
v 0.05013361 0.00787229 -0.00153001
v 0.04969999 0.00800000 -0.01153000
v 0.04997849 0.00794996 -0.00153001
v 0.04973423 0.00003806 0.01147000
v 0.04954290 0.00000000 -0.01083644
v 0.02250000 0.00800000 -0.01153000
v 0.04969999 0.00800000 -0.00153001
v 0.02250000 0.00800000 -0.00153001
v 0.02180776 0.00800000 -0.01140638
v 0.02050000 0.00800000 -0.00952999
v 0.02108580 0.00800000 -0.01094420
v 0.02062362 0.00800000 -0.01022224
v 0.04852146 0.00000000 0.01322929
v 0.04954290 0.00000000 0.01147000
v 0.04750001 0.00000000 0.01251291
v 0.04580000 0.00000000 0.01351289
v 0.04629999 0.00000000 0.01251291
v 0.04530000 0.00000000 0.01251291
v 0.04359999 0.00000000 0.01351289
v 0.04410001 0.00000000 0.01251291
v 0.04310000 0.00000000 0.01251291
v 0.04140001 0.00000000 0.01351289
v 0.04190001 0.00000000 0.01251291
v 0.04089999 0.00000000 0.01251291
v 0.03920000 0.00000000 0.01351289
v 0.03970000 0.00000000 0.01251291
v 0.03870001 0.00000000 0.01251291
v 0.03700000 0.00000000 0.01351289
v 0.03749999 0.00000000 0.01251291
v 0.03650000 0.00000000 0.01251291
v 0.03530001 0.00000000 0.01251291
v 0.03430000 0.00000000 0.01251291
v 0.03260001 0.00000000 0.01351289
v 0.03310001 0.00000000 0.01251291
v 0.03209999 0.00000000 0.01251291
v 0.03040000 0.00000000 0.01351289
v 0.03090000 0.00000000 0.01251291
v 0.02990001 0.00000000 0.01251291
v 0.02820000 0.00000000 0.01351289
v 0.02869999 0.00000000 0.01251291
v 0.02770000 0.00000000 0.01251291
v 0.02599999 0.00000000 0.01351289
v 0.02650001 0.00000000 0.01251291
v 0.02550000 0.00000000 0.01251291
v 0.02380001 0.00000000 0.01351289
v 0.02430001 0.00000000 0.01251291
v 0.02329999 0.00000000 0.01251291
v 0.02160000 0.00000000 0.01351289
v 0.02210000 0.00000000 0.01251291
v 0.02110001 0.00000000 0.01251291
v 0.01989999 0.00000000 0.01251291
v 0.01425001 0.00000000 0.01351289
v 0.00857529 0.00000000 0.00737907
v 0.00856068 0.00000000 0.00259240
v 0.00830710 0.00000000 0.00216289
v 0.00857529 0.00000000 0.00309093
v 0.00857529 0.00000000 -0.00737907
v 0.00856068 0.00000000 -0.00787760
v 0.00830710 0.00000000 -0.00830712
v 0.00787762 0.00000000 -0.00856070
v 0.00356453 0.00000000 -0.00834726
v 0.00312096 0.00000000 -0.00857528
v 0.00290000 0.00000000 -0.00860001
v 0.00857529 0.00000000 -0.00315096
v 0.00856068 0.00000000 -0.00265239
v 0.00737905 0.00000000 -0.00857528
v 0.00760001 0.00000000 -0.00860001
v -0.00787762 0.00000000 -0.00856070
v -0.00830710 0.00000000 -0.00830712
v 0.00219288 0.00000000 -0.00830712
v 0.00193929 0.00000000 -0.00787760
v -0.00760001 0.00000000 -0.00860001
v -0.00856069 0.00000000 -0.00787760
v -0.00857529 0.00000000 -0.00737907
v -0.01350001 0.00000000 0.01351289
v 0.00262239 0.00000000 -0.00856070
v -0.00262240 0.00000000 -0.00856070
v -0.00290001 0.00000000 -0.00860001
v -0.00737906 0.00000000 -0.00857528
v 0.02050000 0.00800000 -0.00353001
v 0.00219288 0.01300000 -0.00830712
v -0.00262240 0.01300000 -0.00856070
v -0.00312093 0.00000000 -0.00857528
v -0.00693548 0.00000000 -0.00834726
v 0.00693547 0.01300000 -0.00834726
v 0.00693547 0.00000000 -0.00834726
v -0.00356454 0.01300000 -0.00834726
v -0.00356454 0.00000000 -0.00834726
v 0.00193929 0.01300000 -0.00787760
v -0.00219289 0.01300000 -0.00830712
v -0.00219289 0.00000000 -0.00830712
v 0.00665718 0.01300000 -0.00793333
v 0.00665718 0.00000000 -0.00793333
v 0.00384280 0.00000000 -0.00793333
v 0.00384280 0.01300000 -0.00793333
v -0.00384280 0.01300000 -0.00793333
v -0.00384280 0.00000000 -0.00793333
v -0.00665719 0.00000000 -0.00793333
v -0.00665719 0.01300000 -0.00793333
v -0.00193930 0.01300000 -0.00787760
v -0.00193930 0.00000000 -0.00787760
v 0.00618580 0.01300000 -0.00760000
v 0.00655159 0.01300000 -0.00775911
v 0.00431421 0.01300000 -0.00760000
v 0.00655159 0.00000000 -0.00775911
v 0.00638523 0.00000000 -0.00764151
v 0.00618580 0.00000000 -0.00760000
v 0.00411477 0.01300000 -0.00764151
v 0.00394842 0.01300000 -0.00775911
v 0.00394842 0.00000000 -0.00775911
v 0.00431421 0.00000000 -0.00760000
v -0.00431422 0.01300000 -0.00760000
v -0.00394842 0.01300000 -0.00775911
v -0.00618577 0.01300000 -0.00760000
v -0.00431422 0.00000000 -0.00760000
v -0.00411475 0.00000000 -0.00764151
v -0.00394842 0.00000000 -0.00775911
v -0.00638524 0.01300000 -0.00764151
v -0.00655157 0.01300000 -0.00775911
v -0.00655157 0.00000000 -0.00775911
v -0.00618577 0.00000000 -0.00760000
v 0.00192472 0.01300000 -0.00737907
v 0.00192472 0.00000000 -0.00737907
v -0.00192473 0.00000000 -0.00737907
v -0.00192473 0.01300000 -0.00737907
v 0.00638523 0.01300000 -0.00764151
v 0.00411477 0.00000000 -0.00764151
v -0.00411475 0.01300000 -0.00764151
v -0.00638524 0.00000000 -0.00764151
v 0.00834727 0.00000000 -0.00693546
v -0.00215274 0.01300000 -0.00693546
v -0.00256667 0.01300000 -0.00665720
v -0.00285849 0.01300000 -0.00638525
v 0.00215274 0.01300000 -0.00693546
v 0.00215274 0.00000000 -0.00693546
v -0.00290001 0.00000000 -0.00618579
v -0.00285849 0.00000000 -0.00638525
v -0.00274086 0.00000000 -0.00655158
v -0.00256667 0.00000000 -0.00665720
v -0.00215274 0.00000000 -0.00693546
v -0.00834725 0.01300000 -0.00693546
v -0.00834725 0.00000000 -0.00693546
v 0.00793335 0.01300000 -0.00665720
v 0.00793335 0.01300000 -0.00387280
v 0.00834727 0.01300000 -0.00359453
v 0.00834727 0.00000000 -0.00359453
v 0.00793335 0.00000000 -0.00387280
v 0.00793335 0.00000000 -0.00665720
v -0.00290001 0.01300000 -0.00467999
v -0.00276602 0.01300000 -0.00418000
v -0.00189999 0.01300000 -0.00368001
v 0.00256666 0.01300000 -0.00665720
v -0.00290001 0.01300000 -0.00618579
v 0.00256666 0.00000000 -0.00665720
v 0.00190001 0.00000000 -0.00368001
v -0.00290001 0.00000000 -0.00467999
v -0.00240001 0.00000000 -0.00381397
v -0.00189999 0.00000000 -0.00368001
v -0.00859893 0.01300000 -0.00288396
v -0.00850183 0.01300000 -0.00336210
v -0.00819004 0.01300000 -0.00373738
v -0.00793332 0.01300000 -0.00665720
v -0.00793332 0.00000000 -0.00665720
v -0.00819004 0.00000000 -0.00373738
v -0.00850183 0.00000000 -0.00336210
v -0.00859893 0.00000000 -0.00288396
v 0.00760001 0.01300000 -0.00618579
v 0.00764149 0.01300000 -0.00638525
v 0.00775912 0.01300000 -0.00655158
v 0.00775912 0.00000000 -0.00655158
v 0.00760001 0.00000000 -0.00618579
v 0.00760001 0.00000000 -0.00434421
v 0.00290000 0.01300000 -0.00618579
v 0.00274089 0.01300000 -0.00655158
v 0.00290000 0.01300000 -0.00467999
v 0.00190001 0.01300000 -0.00368001
v 0.00290000 0.00000000 -0.00618579
v 0.00285849 0.00000000 -0.00638525
v 0.00274089 0.00000000 -0.00655158
v -0.00274086 0.01300000 -0.00655158
v -0.00793332 0.01300000 -0.00387280
v -0.00760001 0.01300000 -0.00618579
v -0.00775913 0.01300000 -0.00655158
v -0.00760001 0.01300000 -0.00434421
v -0.00793332 0.00000000 -0.00387280
v -0.00760001 0.00000000 -0.00618579
v -0.00764150 0.00000000 -0.00638525
v -0.00775913 0.00000000 -0.00655158
v 0.00764149 0.00000000 -0.00638525
v 0.00285849 0.01300000 -0.00638525
v -0.00764150 0.01300000 -0.00638525
v 0.00760001 0.01300000 -0.00434421
v 0.00290000 0.00000000 -0.00467999
v -0.00760001 0.00000000 -0.00434421
v 0.00276604 0.01300000 -0.00418000
v 0.00276604 0.00000000 -0.00418000
v 0.00240001 0.00000000 -0.00381397
v -0.00276602 0.00000000 -0.00418000
v 0.00764149 0.01300000 -0.00414477
v 0.00775912 0.01300000 -0.00397842
v 0.00764149 0.00000000 -0.00414477
v -0.00764150 0.01300000 -0.00414477
v -0.00764150 0.00000000 -0.00414477
v -0.00775913 0.00000000 -0.00397842
v 0.00240001 0.01300000 -0.00381397
v -0.00240001 0.01300000 -0.00381397
v 0.00775912 0.00000000 -0.00397842
v -0.00775913 0.01300000 -0.00397842
v -0.01350001 0.00588915 -0.00245424
v -0.01350001 0.00711085 -0.00245424
v -0.01350001 0.00650000 -0.00377999
v -0.01350001 0.00506494 -0.00349455
v -0.01350001 0.00793506 -0.00349455
v 0.02063736 0.01281676 0.00278388
v 0.02080401 0.01280228 0.00240929
v 0.02050000 0.01282847 0.00346999
v 0.02057701 0.01282201 0.00291951
v 0.02053791 0.01282530 -0.00314052
v 0.02062362 0.00800000 -0.00283776
v 0.02108580 0.00800000 -0.00211577
v 0.02180776 0.00800000 -0.00165363
v -0.01350001 0.00915165 -0.00268166
v -0.01350001 0.00481333 -0.00187530
v -0.01350001 0.00384835 -0.00268166
v 0.02063834 0.01281672 -0.00284274
v 0.00464999 0.01300000 -0.00293000
v 0.00365001 0.01300000 -0.00193001
v 0.00618580 0.01300000 -0.00293000
v 0.00665718 0.01300000 -0.00259666
v 0.00638523 0.01300000 -0.00288849
v 0.00618580 0.00000000 -0.00293000
v 0.00464999 0.00000000 -0.00293000
v 0.00638523 0.00000000 -0.00288849
v 0.00655159 0.00000000 -0.00277089
v 0.00665718 0.00000000 -0.00259666
v 0.00415000 0.01300000 -0.00279604
v 0.00378397 0.01300000 -0.00243001
v 0.00415000 0.00000000 -0.00279604
v 0.00365001 0.00000000 -0.00193001
v -0.00618577 0.01300000 -0.00293000
v -0.00665719 0.01300000 -0.00259666
v -0.00465000 0.01300000 -0.00293000
v -0.00365001 0.01300000 -0.00193001
v -0.00415001 0.01300000 -0.00279604
v -0.00465000 0.00000000 -0.00293000
v -0.00618577 0.00000000 -0.00293000
v -0.00415001 0.00000000 -0.00279604
v -0.00378397 0.00000000 -0.00243001
v -0.00365001 0.00000000 -0.00193001
v -0.00638524 0.01300000 -0.00288849
v -0.00655157 0.01300000 -0.00277089
v -0.00638524 0.00000000 -0.00288849
v -0.00665719 0.00000000 -0.00259666
v 0.00655159 0.01300000 -0.00277089
v -0.00655157 0.00000000 -0.00277089
v -0.00811324 0.01300000 0.00201176
v -0.00845826 0.01300000 -0.00241678
v -0.00859893 0.01300000 0.00282396
v -0.00845826 0.01300000 0.00235675
v -0.00845525 0.00721048 -0.00241865
v -0.00847835 0.00711899 -0.00245215
v -0.00847888 0.00711072 -0.00245328
v -0.00851640 0.00654280 -0.00252964
v -0.00811324 0.00000000 0.00201176
v -0.00845826 0.00000000 0.00235675
v -0.00859893 0.00000000 0.00282396
v -0.00845826 0.00000000 -0.00241678
v -0.00848761 0.00595298 -0.00246941
v 0.02070215 0.01281126 -0.00265358
v 0.02101242 0.01278326 -0.00219308
v 0.00378397 0.00000000 -0.00243001
v -0.00378397 0.01300000 -0.00243001
v -0.01350001 0.00818668 -0.00187530
v -0.01350001 0.00996455 -0.00146507
v -0.01350001 0.00414029 -0.00085570
v -0.01350001 0.00303545 -0.00146507
v 0.00830710 0.01300000 -0.00222288
v 0.00830710 0.00000000 -0.00222288
v 0.00693547 0.01300000 -0.00218274
v 0.00693547 0.00000000 -0.00218274
v 0.00693547 0.00000000 0.00212274
v -0.00365001 0.01300000 0.00186999
v -0.00679261 0.01300000 -0.00233997
v -0.00679261 0.00000000 -0.00233997
v -0.00847388 0.00589109 -0.00244849
v -0.00845456 0.00580422 -0.00241907
v -0.00837660 0.00545313 -0.00230025
v -0.00835899 0.00759194 -0.00227894
v -0.00811324 0.01300000 -0.00207175
v -0.00810936 0.00792867 -0.00207912
v -0.00817952 0.00787958 -0.00211488
v -0.00811324 0.00000000 -0.00207175
v -0.00816486 0.00510502 -0.00210463
v -0.00378397 0.01300000 0.00237001
v -0.00716791 0.01300000 -0.00202818
v -0.00365001 0.00000000 0.00186999
v -0.00716791 0.00000000 -0.00202818
v 0.00787762 0.01300000 0.00190930
v 0.00787762 0.01300000 -0.00196929
v 0.00787762 0.00000000 0.00190930
v 0.00787762 0.00000000 -0.00196929
v 0.02109345 0.01277534 -0.00212489
v 0.00693547 0.01300000 0.00212274
v 0.00737905 0.01300000 -0.00195472
v 0.00737905 0.00000000 -0.00195472
v 0.02143862 0.01274160 -0.00183444
v -0.00810996 0.00506967 -0.00207846
v -0.00791973 0.00806135 -0.00198247
v -0.00788504 0.00492481 -0.00197132
v -0.00764606 0.01300000 0.00187106
v -0.00764606 0.01300000 -0.00193106
v -0.00764522 0.00811760 -0.00193597
v -0.00764606 0.00000000 0.00187106
v -0.00764606 0.00000000 -0.00193106
v -0.00415001 0.01300000 0.00273602
v -0.00465000 0.01300000 0.00287001
v -0.00760001 0.01300000 -0.00193001
v -0.00760001 0.01300000 0.00186999
v -0.00716791 0.01300000 0.00196816
v -0.00728667 0.00493600 -0.00198035
v -0.00728667 0.00806400 -0.00198035
v -0.00733832 0.00808317 -0.00196482
v -0.00378397 0.00000000 0.00237001
v -0.00465000 0.00000000 0.00287001
v -0.00679261 0.00000000 0.00227998
v -0.00716791 0.00000000 0.00196816
v -0.00760001 0.00000000 0.00186999
v -0.00760001 0.00000000 -0.00193001
v -0.00760001 0.00487519 -0.00193001
v -0.00737951 0.00811445 -0.00193884
v -0.00745759 0.00482129 -0.00188254
v -0.00764525 0.00488307 -0.00193657
v -0.00746441 0.00481358 -0.00187500
v 0.00760001 0.01300000 0.00186999
v 0.00760001 0.01300000 -0.00193001
v 0.00760001 0.00000000 -0.00193001
v -0.00761035 0.00812475 -0.00193004
v 0.00737905 0.01300000 0.00189473
v 0.00737905 0.00000000 0.00189473
v 0.00760001 0.00000000 0.00186999
v -0.00744582 0.00818449 -0.00187294
v 0.00665718 0.01300000 0.00253667
v 0.00365001 0.01300000 0.00186999
v 0.00365001 0.00000000 0.00186999
v -0.00746006 0.00481964 -0.00188111
v -0.00756181 0.00830703 -0.00175761
v -0.00757873 0.00835945 -0.00169502
v -0.00762999 0.00851811 -0.00150554
v -0.01350001 0.00885971 -0.00085570
v -0.00761730 0.00456885 -0.00161757
v -0.00759331 0.00463386 -0.00169353
v -0.00759018 0.00463821 -0.00169794
v -0.00762999 0.00414029 -0.00085570
v -0.00762999 0.00448188 -0.00150554
v 0.02109485 0.01277528 0.00206341
v 0.02116269 0.01276899 0.00198276
v 0.02181387 0.01270135 -0.00166731
v 0.02194887 0.01268687 -0.00160717
v 0.02162405 0.01272232 0.00167192
v 0.02210909 0.01266860 0.00150819
v 0.02250000 0.01262181 -0.00153001
v 0.02181270 0.01270143 0.00160824
v 0.05027759 0.00778165 -0.00153001
v 0.05027759 0.00778165 0.00147001
v 0.05010432 0.00794961 -0.00153001
v 0.05010432 0.00794961 0.00147001
v 0.04966440 0.00813927 -0.00153001
v 0.02458182 0.01231970 -0.00153001
v 0.04966440 0.00813927 0.00147001
v 0.02250000 0.01262181 0.00147001
v 0.02458182 0.01231970 0.00147001
v -0.00762999 0.00885971 -0.00085570
v -0.01350001 0.01025000 -0.00003000
v -0.01350001 0.00400000 -0.00003000
v -0.01350001 0.00275000 -0.00003000
v -0.00762999 0.00900000 -0.00003000
v -0.01350001 0.00900000 -0.00003000
v -0.00762999 0.00400000 -0.00003000
v -0.00762999 0.00885971 0.00079571
v -0.01350001 0.00885971 0.00079571
v -0.00762999 0.00414029 0.00079571
v -0.01350001 0.00996455 0.00140507
v -0.01449999 0.00996455 0.00140507
v -0.01350001 0.00414029 0.00079571
v -0.01350001 0.00303545 0.00140507
v -0.01449999 0.00303545 0.00140507
v -0.00762999 0.00851811 0.00144555
v -0.01350001 0.00818668 0.00181530
v -0.00762999 0.00448188 0.00144555
v -0.01350001 0.00915165 0.00262166
v -0.01350001 0.00481333 0.00181530
v -0.01449999 0.00915165 0.00262166
v -0.01350001 0.00384835 0.00262166
v -0.01449999 0.00384835 0.00262166
v -0.00761730 0.00843115 0.00155754
v -0.00757873 0.00464055 0.00163503
v -0.00759018 0.00836179 0.00163795
v -0.00759331 0.00836614 0.00163354
v 0.05026835 0.00776300 0.00147001
v 0.05040553 0.00757716 0.01147000
v 0.05013361 0.00787229 0.00147001
v 0.05013361 0.00787229 0.01147000
v 0.05026835 0.00776300 0.01147000
v 0.04997849 0.00794996 0.00147001
v 0.04997849 0.00794996 0.01147000
v 0.04969999 0.00800000 0.00147001
v 0.02250000 0.00800000 0.00147001
v 0.04969999 0.00800000 0.01147000
v 0.02250000 0.00800000 0.01147000
v 0.02180776 0.00800000 0.00159360
v 0.02050000 0.00800000 0.00346999
v 0.02108580 0.00800000 0.00205578
v 0.02062362 0.00800000 0.00277777
v -0.00756181 0.00469297 0.00169761
v -0.00746006 0.00818036 0.00182112
v -0.00746441 0.00818642 0.00181501
v -0.00744582 0.00481552 0.00181292
v -0.00745759 0.00817871 0.00182252
v -0.00737951 0.00488555 0.00187881
v -0.00760001 0.00487522 0.00187002
v -0.00763706 0.00487601 0.00187071
v -0.00760001 0.00812481 0.00186999
v -0.00764507 0.00811611 0.00187720
v -0.00791186 0.00806462 0.00191988
v -0.00810910 0.00792746 0.00201981
v -0.00818202 0.00787672 0.00205676
v -0.00838292 0.00752990 0.00224800
v -0.00845471 0.00719428 0.00235893
v -0.01350001 0.00711085 0.00239421
v -0.01350001 0.00793506 0.00343455
v -0.01350001 0.00588915 0.00239421
v -0.00845504 0.00579707 0.00235881
v -0.00837091 0.00543788 0.00223316
v -0.00817439 0.00511508 0.00205134
v -0.00810948 0.00507123 0.00201921
v -0.00790337 0.00493194 0.00191711
v -0.00764585 0.00487785 0.00187223
v -0.00728667 0.00806400 0.00192036
v 0.00464999 0.01300000 0.00287001
v 0.00415000 0.01300000 0.00273602
v 0.00378397 0.01300000 0.00237001
v 0.00378397 0.00000000 0.00237001
v 0.00464999 0.00000000 0.00287001
v 0.00618580 0.00000000 0.00287001
v 0.00665718 0.00000000 0.00253667
v -0.00729332 0.00493330 0.00191818
v -0.00728667 0.00493600 0.00192036
v -0.00679261 0.01300000 0.00227998
v -0.00665719 0.01300000 0.00253667
v -0.00665719 0.00000000 0.00253667
v -0.00847304 0.00710856 0.00238727
v -0.00847683 0.00589015 0.00239135
v 0.00415000 0.00000000 0.00273602
v -0.00415001 0.00000000 0.00273602
v -0.00848973 0.00703060 0.00241305
v -0.00848380 0.00591987 0.00240175
v -0.01350001 0.00650000 0.00372000
v -0.00851652 0.00649891 0.00247000
v -0.01350001 0.00506494 0.00343455
v 0.00618580 0.01300000 0.00287001
v 0.00655159 0.01300000 0.00271086
v 0.00655159 0.00000000 0.00271086
v 0.00638523 0.00000000 0.00282849
v -0.00655157 0.01300000 0.00271086
v -0.00638524 0.01300000 0.00282849
v -0.00618577 0.01300000 0.00287001
v -0.00655157 0.00000000 0.00271086
v -0.00618577 0.00000000 0.00287001
v 0.00857529 0.01300000 0.00309093
v -0.01449999 0.00793506 0.00343455
v -0.01449999 0.00506494 0.00343455
v 0.00638523 0.01300000 0.00282849
v -0.00638524 0.00000000 0.00282849
v -0.00857529 0.01300000 0.00737907
v -0.00834725 0.01300000 0.00693546
v -0.00850183 0.01300000 0.00330211
v -0.00850183 0.00000000 0.00330211
v -0.00834725 0.00000000 0.00693546
v -0.00857529 0.00000000 0.00737907
v 0.00834727 0.01300000 0.00353454
v 0.00834727 0.00000000 0.00353454
v -0.00819004 0.01300000 0.00367738
v -0.00819004 0.00000000 0.00367738
v -0.01449999 0.00650000 0.00372000
v 0.02050000 0.01282847 0.00947000
v 0.02050000 0.00800000 0.00947000
v 0.00834727 0.01300000 0.00693546
v 0.00793335 0.01300000 0.00665720
v 0.00793335 0.01300000 0.00381280
v 0.00793335 0.00000000 0.00665720
v 0.00793335 0.00000000 0.00381280
v 0.00834727 0.00000000 0.00693546
v 0.00290000 0.01300000 0.00462000
v 0.00240001 0.01300000 0.00375397
v 0.00190001 0.01300000 0.00362001
v 0.00290000 0.01300000 0.00618578
v 0.00256666 0.01300000 0.00665720
v 0.00215274 0.01300000 0.00693546
v -0.00189999 0.01300000 0.00362001
v 0.00190001 0.00000000 0.00362001
v -0.00189999 0.00000000 0.00362001
v 0.00240001 0.00000000 0.00375397
v 0.00276604 0.00000000 0.00412001
v 0.00256666 0.00000000 0.00665720
v 0.00290000 0.00000000 0.00462000
v -0.00240001 0.01300000 0.00375397
v -0.00240001 0.00000000 0.00375397
v -0.00276602 0.00000000 0.00412001
v 0.00215274 0.00000000 0.00693546
v -0.00793332 0.01300000 0.00665720
v -0.00793332 0.01300000 0.00381280
v -0.00793332 0.00000000 0.00381280
v -0.00793332 0.00000000 0.00665720
v 0.00276604 0.01300000 0.00412001
v -0.00290001 0.01300000 0.00462000
v -0.00276602 0.01300000 0.00412001
v 0.00760001 0.01300000 0.00428422
v 0.00764149 0.01300000 0.00408475
v 0.00775912 0.01300000 0.00391842
v 0.00775912 0.00000000 0.00391842
v 0.00760001 0.00000000 0.00428422
v 0.00760001 0.00000000 0.00618578
v -0.00760001 0.01300000 0.00428422
v -0.00775913 0.01300000 0.00391842
v -0.00760001 0.01300000 0.00618578
v -0.00760001 0.00000000 0.00428422
v -0.00764150 0.00000000 0.00408475
v -0.00775913 0.00000000 0.00391842
v 0.00764149 0.00000000 0.00408475
v -0.00764150 0.01300000 0.00408475
v -0.00290001 0.00000000 0.00462000
v 0.00760001 0.01300000 0.00618578
v -0.00760001 0.00000000 0.00618578
v 0.00290000 0.00000000 0.00618578
v -0.00290001 0.01300000 0.00618578
v -0.00290001 0.00000000 0.00618578
v 0.00764149 0.01300000 0.00638525
v 0.00775912 0.01300000 0.00655158
v 0.00764149 0.00000000 0.00638525
v 0.00285849 0.01300000 0.00638525
v 0.00285849 0.00000000 0.00638525
v 0.00274089 0.00000000 0.00655158
v -0.00285849 0.01300000 0.00638525
v 0.00192472 0.01300000 0.00737907
v -0.00285849 0.00000000 0.00638525
v -0.00764150 0.01300000 0.00638525
v -0.00764150 0.00000000 0.00638525
v -0.00775913 0.00000000 0.00655158
v 0.00775912 0.00000000 0.00655158
v 0.00274089 0.01300000 0.00655158
v -0.00274086 0.01300000 0.00655158
v -0.00274086 0.00000000 0.00655158
v -0.00256667 0.00000000 0.00665720
v 0.00192472 0.00000000 0.00737907
v -0.00775913 0.01300000 0.00655158
v -0.00256667 0.01300000 0.00665720
v -0.00215274 0.01300000 0.00693546
v -0.00215274 0.00000000 0.00693546
v 0.00857529 0.01300000 0.00737907
v -0.00192473 0.01300000 0.00737907
v -0.00192473 0.00000000 0.00737907
v 0.00856068 0.01300000 0.00787760
v 0.00856068 0.00000000 0.00787760
v 0.00193929 0.01300000 0.00787760
v 0.00193929 0.00000000 0.00787760
v -0.00193930 0.00000000 0.00787760
v -0.00193930 0.01300000 0.00787760
v -0.00856069 0.01300000 0.00787760
v -0.00856069 0.00000000 0.00787760
v 0.00431421 0.01300000 0.00759999
v 0.00384280 0.01300000 0.00793333
v 0.00618580 0.01300000 0.00759999
v 0.00665718 0.01300000 0.00793333
v 0.00638523 0.01300000 0.00764151
v 0.00618580 0.00000000 0.00759999
v 0.00431421 0.00000000 0.00759999
v 0.00638523 0.00000000 0.00764151
v 0.00655159 0.00000000 0.00775911
v 0.00665718 0.00000000 0.00793333
v 0.00411477 0.01300000 0.00764151
v 0.00394842 0.01300000 0.00775911
v 0.00411477 0.00000000 0.00764151
v 0.00384280 0.00000000 0.00793333
v -0.00618577 0.01300000 0.00759999
v -0.00665719 0.01300000 0.00793333
v -0.00431422 0.01300000 0.00759999
v -0.00384280 0.01300000 0.00793333
v -0.00411475 0.01300000 0.00764151
v -0.00431422 0.00000000 0.00759999
v -0.00618577 0.00000000 0.00759999
v -0.00411475 0.00000000 0.00764151
v -0.00394842 0.00000000 0.00775911
v -0.00384280 0.00000000 0.00793333
v -0.00638524 0.01300000 0.00764151
v -0.00655157 0.01300000 0.00775911
v -0.00638524 0.00000000 0.00764151
v -0.00665719 0.00000000 0.00793333
v 0.00655159 0.01300000 0.00775911
v 0.00394842 0.00000000 0.00775911
v -0.00394842 0.01300000 0.00775911
v -0.00655157 0.00000000 0.00775911
v 0.00830710 0.01300000 0.00830711
v 0.00830710 0.00000000 0.00830711
v -0.00219289 0.01300000 0.00830711
v -0.00262240 0.01300000 0.00856070
v 0.00219288 0.01300000 0.00830711
v 0.00219288 0.00000000 0.00830711
v -0.00262240 0.00000000 0.00856070
v -0.00219289 0.00000000 0.00830711
v -0.00830710 0.01300000 0.00830711
v -0.00830710 0.00000000 0.00830711
v 0.00693547 0.01300000 0.00834726
v 0.00693547 0.00000000 0.00834726
v 0.00356453 0.00000000 0.00834726
v 0.00356453 0.01300000 0.00834726
v -0.00693548 0.01300000 0.00834726
v -0.00356454 0.01300000 0.00834726
v -0.00356454 0.00000000 0.00834726
v -0.00693548 0.00000000 0.00834726
v 0.00787762 0.01300000 0.00856070
v 0.00787762 0.00000000 0.00856070
v -0.00290001 0.01300000 0.00860001
v 0.00262239 0.01300000 0.00856070
v 0.00262239 0.00000000 0.00856070
v -0.00290001 0.00000000 0.00860001
v -0.00787762 0.01300000 0.00856070
v -0.00787762 0.00000000 0.00856070
v 0.00737905 0.01300000 0.00857527
v 0.00737905 0.00000000 0.00857527
v 0.00312096 0.01300000 0.00857527
v 0.00312096 0.00000000 0.00857527
v -0.00312093 0.01300000 0.00857527
v -0.00312093 0.00000000 0.00857527
v -0.00737906 0.01300000 0.00857527
v -0.00737906 0.00000000 0.00857527
v 0.00760001 0.01300000 0.00860001
v 0.00760001 0.00000000 0.00860001
v 0.00290000 0.01300000 0.00860001
v 0.00290000 0.00000000 0.00860001
v -0.00760001 0.01300000 0.00860001
v -0.00760001 0.00000000 0.00860001
v 0.02053791 0.01282530 0.00985949
v 0.02062362 0.00800000 0.01016225
v 0.02108580 0.00800000 0.01088421
v 0.02180776 0.00800000 0.01134638
v 0.02063834 0.01281672 0.01015727
v 0.02070215 0.01281126 0.01034643
v 0.02101242 0.01278326 0.01080693
v 0.02109345 0.01277534 0.01087512
v 0.02143862 0.01274160 0.01116554
v 0.02181387 0.01270135 0.01133270
v 0.02194887 0.01268687 0.01139282
v 0.02212432 0.01266024 0.01381336
v 0.02250000 0.01262181 0.01147000
v 0.05049419 0.00715350 0.01165666
v 0.05045327 0.00095711 0.01199739
v 0.05044245 0.00730417 0.01199697
v 0.05043420 0.00716010 0.01199995
v 0.05041581 0.00076576 0.01199071
v 0.05035048 0.00760563 0.01197128
v 0.05027583 0.00778381 0.01147000
v 0.05030912 0.00060355 0.01197164
v 0.04985040 0.00014645 0.01193751
v 0.05020669 0.00785039 0.01147000
v 0.05017030 0.00786234 0.01193102
v 0.05010143 0.00795180 0.01147000
v 0.04994627 0.00801836 0.01147000
v 0.04981097 0.00806680 0.01227696
v 0.05004793 0.00788274 0.01237683
v 0.04966440 0.00813927 0.01147000
v 0.04949736 0.00816711 0.01215915
v 0.04969132 0.00003806 0.01190586
v 0.02458182 0.01231970 0.01147000
v 0.04950365 0.00000000 0.01186855
v 0.04766440 0.00847260 0.01347001
v 0.04813903 0.00839349 0.01337020
v 0.02458182 0.01231970 0.01347001
v 0.04913261 0.00822790 0.01274200
v 0.04881805 0.00828032 0.01310371
v 0.02252000 0.01261932 0.01376144
v 0.04863497 0.00000000 0.01316862
v 0.04938739 0.00000000 0.01225178
v 0.04919859 0.00000000 0.01260497
v 0.04894453 0.00000000 0.01291455
v 0.04956415 0.00003806 0.01232500
v 0.04971403 0.00014645 0.01238708
v 0.05021745 0.00762780 0.01245595
v 0.05017718 0.00060355 0.01245765
v 0.05030259 0.00732748 0.01250641
v 0.05027887 0.00076576 0.01249517
v 0.05031457 0.00095711 0.01250835
v 0.05038005 0.00716605 0.01230980
v 0.04944247 0.00817626 0.01238568
v 0.04935771 0.00003806 0.01271127
v 0.04939299 0.00813646 0.01298110
v 0.04984831 0.00791601 0.01279373
v 0.05030161 0.00717478 0.01250310
v 0.04949256 0.00014645 0.01280139
v 0.05000051 0.00766396 0.01290907
v 0.05012747 0.00060355 0.01255761
v 0.05007460 0.00736548 0.01298262
v 0.04990330 0.00060355 0.01300846
v 0.04999458 0.00076576 0.01306690
v 0.05002665 0.00095711 0.01308741
v 0.05029738 0.00717525 0.01251353
v 0.05015075 0.00719155 0.01287483
v 0.04746195 0.00000000 0.01270424
v 0.04740005 -0.00025000 0.01267861
v 0.04723096 -0.00043301 0.01260857
v 0.04699999 -0.00043301 0.01276289
v 0.04717677 -0.00043301 0.01268966
v 0.04709568 -0.00043301 0.01274387
v 0.04680001 -0.00043301 0.01276289
v 0.04655000 -0.00037500 0.01272939
v 0.04636699 -0.00021651 0.01263790
v 0.04636699 0.00000000 0.01276289
v 0.04636699 -0.00012500 0.01272939
v 0.04526195 0.00000000 0.01270424
v 0.04520005 -0.00025000 0.01267861
v 0.04503098 -0.00043301 0.01260857
v 0.04480001 -0.00043301 0.01276289
v 0.04497677 -0.00043301 0.01268966
v 0.04489568 -0.00043301 0.01274387
v 0.04460001 -0.00043301 0.01276289
v 0.04434999 -0.00037500 0.01272939
v 0.04416698 -0.00021651 0.01263790
v 0.04416698 0.00000000 0.01276289
v 0.04416698 -0.00012500 0.01272939
v 0.04306194 0.00000000 0.01270424
v 0.04300004 -0.00025000 0.01267861
v 0.04283097 -0.00043301 0.01260857
v 0.04260000 -0.00043301 0.01276289
v 0.04277679 -0.00043301 0.01268966
v 0.04269567 -0.00043301 0.01274387
v 0.04240000 -0.00043301 0.01276289
v 0.04214999 -0.00037500 0.01272939
v 0.04196700 -0.00021651 0.01263790
v 0.04196700 0.00000000 0.01276289
v 0.04196700 -0.00012500 0.01272939
v 0.04086193 0.00000000 0.01270424
v 0.04080006 -0.00025000 0.01267861
v 0.04063096 -0.00043301 0.01260857
v 0.04039999 -0.00043301 0.01276289
v 0.04049566 -0.00043301 0.01274387
v 0.04057678 -0.00043301 0.01268966
v 0.04019999 -0.00043301 0.01276289
v 0.04010433 -0.00043301 0.01274387
v 0.04002323 -0.00043301 0.01268966
v 0.03996902 -0.00043301 0.01260857
v 0.03979995 -0.00025000 0.01267861
v 0.03973806 0.00000000 0.01270424
v 0.03866195 0.00000000 0.01270424
v 0.03860005 -0.00025000 0.01267861
v 0.03843096 -0.00043301 0.01260857
v 0.03819999 -0.00043301 0.01276289
v 0.03837677 -0.00043301 0.01268966
v 0.03829568 -0.00043301 0.01274387
v 0.03800001 -0.00043301 0.01276289
v 0.03775000 -0.00037500 0.01272939
v 0.03756699 -0.00021651 0.01263790
v 0.03756699 0.00000000 0.01276289
v 0.03756699 -0.00012500 0.01272939
v 0.03646195 0.00000000 0.01270424
v 0.03640005 -0.00025000 0.01267861
v 0.03623098 -0.00043301 0.01260857
v 0.03600001 -0.00043301 0.01276289
v 0.03609568 -0.00043301 0.01274387
v 0.03617677 -0.00043301 0.01268966
v 0.03580001 -0.00043301 0.01276289
v 0.03570434 -0.00043301 0.01274387
v 0.03562322 -0.00043301 0.01268966
v 0.03556904 -0.00043301 0.01260857
v 0.03539994 -0.00025000 0.01267861
v 0.03533807 0.00000000 0.01270424
v 0.03426194 0.00000000 0.01270424
v 0.03420004 -0.00025000 0.01267861
v 0.03403097 -0.00043301 0.01260857
v 0.03380000 -0.00043301 0.01276289
v 0.03389567 -0.00043301 0.01274387
v 0.03397679 -0.00043301 0.01268966
v 0.03350433 -0.00043301 0.01274387
v 0.03342321 -0.00043301 0.01268966
v 0.03360000 -0.00043301 0.01276289
v 0.03336903 -0.00043301 0.01260857
v 0.03319996 -0.00025000 0.01267861
v 0.03313806 0.00000000 0.01270424
v 0.03206193 0.00000000 0.01270424
v 0.03200006 -0.00025000 0.01267861
v 0.03183096 -0.00043301 0.01260857
v 0.03159999 -0.00043301 0.01276289
v 0.03169566 -0.00043301 0.01274387
v 0.03177678 -0.00043301 0.01268966
v 0.03130433 -0.00043301 0.01274387
v 0.03122323 -0.00043301 0.01268966
v 0.03139999 -0.00043301 0.01276289
v 0.03116902 -0.00043301 0.01260857
v 0.03099995 -0.00025000 0.01267861
v 0.03093806 0.00000000 0.01270424
v 0.02986195 0.00000000 0.01270424
v 0.02980005 -0.00025000 0.01267861
v 0.02963096 -0.00043301 0.01260857
v 0.02939999 -0.00043301 0.01276289
v 0.02957677 -0.00043301 0.01268966
v 0.02949568 -0.00043301 0.01274387
v 0.02920001 -0.00043301 0.01276289
v 0.02895000 -0.00037500 0.01272939
v 0.02876699 -0.00021651 0.01263790
v 0.02876699 0.00000000 0.01276289
v 0.02876699 -0.00012500 0.01272939
v 0.02766195 0.00000000 0.01270424
v 0.02760005 -0.00025000 0.01267861
v 0.02743098 -0.00043301 0.01260857
v 0.02720001 -0.00043301 0.01276289
v 0.02729568 -0.00043301 0.01274387
v 0.02737677 -0.00043301 0.01268966
v 0.02700001 -0.00043301 0.01276289
v 0.02690434 -0.00043301 0.01274387
v 0.02682322 -0.00043301 0.01268966
v 0.02676904 -0.00043301 0.01260857
v 0.02659994 -0.00025000 0.01267861
v 0.02653807 0.00000000 0.01270424
v 0.02546194 0.00000000 0.01270424
v 0.02540004 -0.00025000 0.01267861
v 0.02523097 -0.00043301 0.01260857
v 0.02500000 -0.00043301 0.01276289
v 0.02509567 -0.00043301 0.01274387
v 0.02517679 -0.00043301 0.01268966
v 0.02480000 -0.00043301 0.01276289
v 0.02470433 -0.00043301 0.01274387
v 0.02462321 -0.00043301 0.01268966
v 0.02456903 -0.00043301 0.01260857
v 0.02439996 -0.00025000 0.01267861
v 0.02433806 0.00000000 0.01270424
v 0.02326193 0.00000000 0.01270424
v 0.02320006 -0.00025000 0.01267861
v 0.02303096 -0.00043301 0.01260857
v 0.02279999 -0.00043301 0.01276289
v 0.02297678 -0.00043301 0.01268966
v 0.02289566 -0.00043301 0.01274387
v 0.02259999 -0.00043301 0.01276289
v 0.02235001 -0.00037500 0.01272939
v 0.02216699 -0.00021651 0.01263790
v 0.02216699 0.00000000 0.01276289
v 0.02216699 -0.00012500 0.01272939
v 0.02106195 0.00000000 0.01270424
v 0.02100005 -0.00025000 0.01267861
v 0.02083096 -0.00043301 0.01260857
v 0.02059999 -0.00043301 0.01276289
v 0.02077677 -0.00043301 0.01268966
v 0.02069568 -0.00043301 0.01274387
v 0.02040001 -0.00043301 0.01276289
v 0.02015000 -0.00037500 0.01272939
v 0.01996699 -0.00021651 0.01263790
v 0.01996699 0.00000000 0.01276289
v 0.01996699 -0.00012500 0.01272939
v 0.04907983 0.00003806 0.01304985
v 0.04730618 -0.00025000 0.01281907
v 0.04510620 -0.00025000 0.01281907
v 0.04290619 -0.00025000 0.01281907
v 0.04070618 -0.00025000 0.01281907
v 0.03850618 -0.00025000 0.01281907
v 0.03630620 -0.00025000 0.01281907
v 0.03410619 -0.00025000 0.01281907
v 0.03190618 -0.00025000 0.01281907
v 0.02970618 -0.00025000 0.01281907
v 0.02750620 -0.00025000 0.01281907
v 0.02530619 -0.00025000 0.01281907
v 0.02310618 -0.00025000 0.01281907
v 0.02090618 -0.00025000 0.01281907
v 0.04655000 -0.00021651 0.01288788
v 0.04434999 -0.00021651 0.01288788
v 0.04214999 -0.00021651 0.01288788
v 0.03775000 -0.00021651 0.01288788
v 0.02895000 -0.00021651 0.01288788
v 0.02235001 -0.00021651 0.01288788
v 0.02015000 -0.00021651 0.01288788
v 0.04735356 0.00000000 0.01286645
v 0.04515355 0.00000000 0.01286645
v 0.04295355 0.00000000 0.01286645
v 0.04075354 0.00000000 0.01286645
v 0.03989380 -0.00025000 0.01281907
v 0.03855356 0.00000000 0.01286645
v 0.03635355 0.00000000 0.01286645
v 0.03549382 -0.00025000 0.01281907
v 0.03415355 0.00000000 0.01286645
v 0.03329381 -0.00025000 0.01281907
v 0.03195354 0.00000000 0.01286645
v 0.03109380 -0.00025000 0.01281907
v 0.02975356 0.00000000 0.01286645
v 0.02755355 0.00000000 0.01286645
v 0.02669382 -0.00025000 0.01281907
v 0.02535355 0.00000000 0.01286645
v 0.02449381 -0.00025000 0.01281907
v 0.02315354 0.00000000 0.01286645
v 0.02095356 0.00000000 0.01286645
v 0.04716572 -0.00025000 0.01291294
v 0.04496571 -0.00025000 0.01291294
v 0.04276570 -0.00025000 0.01291294
v 0.04056570 -0.00025000 0.01291294
v 0.03836572 -0.00025000 0.01291294
v 0.03616571 -0.00025000 0.01291294
v 0.03396570 -0.00025000 0.01291294
v 0.03176570 -0.00025000 0.01291294
v 0.02956572 -0.00025000 0.01291294
v 0.02736571 -0.00025000 0.01291294
v 0.02516570 -0.00025000 0.01291294
v 0.02296570 -0.00025000 0.01291294
v 0.02076572 -0.00025000 0.01291294
v 0.04828179 0.00000000 0.01335739
v 0.03984645 0.00000000 0.01286645
v 0.03399133 0.00000000 0.01297484
v 0.03544643 0.00000000 0.01286645
v 0.03324645 0.00000000 0.01286645
v 0.03104645 0.00000000 0.01286645
v 0.02664643 0.00000000 0.01286645
v 0.02444645 0.00000000 0.01286645
v 0.04919454 0.00014645 0.01316453
v 0.04680001 -0.00025000 0.01294590
v 0.04655000 0.00000000 0.01294590
v 0.04460001 -0.00025000 0.01294590
v 0.04434999 0.00000000 0.01294590
v 0.04240000 -0.00025000 0.01294590
v 0.04214999 0.00000000 0.01294590
v 0.03800001 -0.00025000 0.01294590
v 0.03775000 0.00000000 0.01294590
v 0.02920001 -0.00025000 0.01294590
v 0.02895000 0.00000000 0.01294590
v 0.02259999 -0.00025000 0.01294590
v 0.02235001 0.00000000 0.01294590
v 0.02040001 -0.00025000 0.01294590
v 0.02015000 0.00000000 0.01294590
v 0.04699999 -0.00025000 0.01294590
v 0.04480001 -0.00025000 0.01294590
v 0.04260000 -0.00025000 0.01294590
v 0.04039999 -0.00025000 0.01294590
v 0.04003429 -0.00025000 0.01291294
v 0.03819999 -0.00025000 0.01294590
v 0.03600001 -0.00025000 0.01294590
v 0.03563431 -0.00025000 0.01291294
v 0.03380000 -0.00025000 0.01294590
v 0.03343430 -0.00025000 0.01291294
v 0.03159999 -0.00025000 0.01294590
v 0.03123429 -0.00025000 0.01291294
v 0.02939999 -0.00025000 0.01294590
v 0.02720001 -0.00025000 0.01294590
v 0.02683431 -0.00025000 0.01291294
v 0.02500000 -0.00025000 0.01294590
v 0.02463430 -0.00025000 0.01291294
v 0.02279999 -0.00025000 0.01294590
v 0.02059999 -0.00025000 0.01294590
v 0.04019999 -0.00025000 0.01294590
v 0.03580001 -0.00025000 0.01294590
v 0.03360000 -0.00025000 0.01294590
v 0.03139999 -0.00025000 0.01294590
v 0.02700001 -0.00025000 0.01294590
v 0.02480000 -0.00025000 0.01294590
v 0.04957863 0.00796095 0.01316743
v 0.04970753 0.00771279 0.01331507
v 0.04719135 0.00000000 0.01297484
v 0.04499134 0.00000000 0.01297484
v 0.04279133 0.00000000 0.01297484
v 0.04059136 0.00000000 0.01297484
v 0.03839135 0.00000000 0.01297484
v 0.03619134 0.00000000 0.01297484
v 0.03179136 0.00000000 0.01297484
v 0.02959135 0.00000000 0.01297484
v 0.02739134 0.00000000 0.01297484
v 0.02519133 0.00000000 0.01297484
v 0.02299136 0.00000000 0.01297484
v 0.02079135 0.00000000 0.01297484
v 0.04789856 0.00000000 0.01347364
v 0.04000866 0.00000000 0.01297484
v 0.03560865 0.00000000 0.01297484
v 0.03340867 0.00000000 0.01297484
v 0.03120866 0.00000000 0.01297484
v 0.02680865 0.00000000 0.01297484
v 0.02460867 0.00000000 0.01297484
v 0.05006876 0.00720069 0.01299451
v 0.04680001 0.00000000 0.01301290
v 0.04460001 0.00000000 0.01301290
v 0.04240000 0.00000000 0.01301290
v 0.03800001 0.00000000 0.01301290
v 0.02920001 0.00000000 0.01301290
v 0.02259999 0.00000000 0.01301290
v 0.02040001 0.00000000 0.01301290
v 0.04976678 0.00741679 0.01340921
v 0.04699999 0.00000000 0.01301290
v 0.04480001 0.00000000 0.01301290
v 0.04260000 0.00000000 0.01301290
v 0.04039999 0.00000000 0.01301290
v 0.03819999 0.00000000 0.01301290
v 0.03600001 0.00000000 0.01301290
v 0.03380000 0.00000000 0.01301290
v 0.03159999 0.00000000 0.01301290
v 0.02939999 0.00000000 0.01301290
v 0.02720001 0.00000000 0.01301290
v 0.02500000 0.00000000 0.01301290
v 0.02279999 0.00000000 0.01301290
v 0.02059999 0.00000000 0.01301290
v 0.04874128 0.00003806 0.01332770
v 0.04019999 0.00000000 0.01301290
v 0.03580001 0.00000000 0.01301290
v 0.03360000 0.00000000 0.01301290
v 0.03139999 0.00000000 0.01301290
v 0.02700001 0.00000000 0.01301290
v 0.02480000 0.00000000 0.01301290
v 0.04750001 0.00000000 0.01351289
v 0.04896468 0.00820785 0.01336528
v 0.04909828 0.00804101 0.01359831
v 0.04976761 0.00723427 0.01343419
v 0.04962131 0.00095711 0.01359133
v 0.04959440 0.00076576 0.01356442
v 0.04951778 0.00060355 0.01348777
v 0.04883140 0.00014645 0.01346256
v 0.04918593 0.00779972 0.01378293
v 0.04921889 0.00750810 0.01390068
v 0.04841709 0.00014645 0.01368402
v 0.04835501 0.00003806 0.01353417
v 0.04793587 0.00003806 0.01366131
v 0.04821863 0.00833219 0.01370434
v 0.04869696 0.00810790 0.01382603
v 0.04792994 0.00842834 0.01345225
v 0.04929641 0.00728643 0.01387270
v 0.04961082 0.00725162 0.01358007
v 0.04765549 0.00841923 0.01377298
v 0.04903847 0.00060355 0.01387332
v -0.01350001 0.01290933 0.01380838
v -0.01393301 0.01275000 0.01397000
v -0.01440877 0.01200000 0.01381041
v -0.01425001 0.01243301 0.01397000
v 0.04750001 0.00003783 0.01370309
v 0.04909691 0.00076576 0.01396461
v -0.01350001 0.00000487 0.01353754
v -0.01350001 0.00003761 0.01370315
v -0.01363948 0.00001081 0.01354854
v 0.04796752 0.00014645 0.01382039
v -0.01387692 0.00007810 0.01361583
v -0.01360795 0.00005136 0.01372473
v 0.04911741 0.00095711 0.01399664
v 0.04875040 0.00787231 0.01403008
v -0.01411605 0.00023636 0.01377408
v -0.01379451 0.00010438 0.01377775
v -0.01426742 0.00047347 0.01399647
v 0.04750001 0.00014645 0.01386644
v 0.04848766 0.00060355 0.01414718
v 0.04858762 0.00060355 0.01409750
v -0.01438633 0.00057064 0.01389928
v -0.01435617 0.00052633 0.01394357
v -0.01350001 0.00004576 0.01371537
v -0.01350001 0.00014645 0.01386644
v 0.04765424 0.00841163 0.01381610
v 0.04826244 0.00818032 0.01397820
v -0.01356957 0.00015862 0.01387863
v -0.01366979 0.00017615 0.01389615
v -0.01410857 0.00040572 0.01406427
v -0.01417065 0.00041583 0.01405416
v -0.01399005 0.00023418 0.01390754
v -0.01384568 0.00028620 0.01400621
v 0.04876151 0.00758433 0.01416023
v -0.01350001 0.01286602 0.01397000
v -0.01443219 0.00063806 0.01383193
v -0.01425851 0.00077680 0.01410870
v -0.01424972 0.00078382 0.01412271
v -0.01423127 0.00079855 0.01415209
v -0.01436603 0.01200000 0.01397000
v 0.04763019 0.00826725 0.01404478
v 0.04800164 0.00060355 0.01427911
v 0.04827898 0.00795088 0.01419519
v 0.04750001 0.00060355 0.01432355
v -0.01350001 0.00060355 0.01432355
v -0.01361978 0.00058226 0.01430227
v -0.01386652 0.00042560 0.01414560
v 0.04920366 0.00729669 0.01392864
v 0.04853835 0.00095711 0.01428457
v -0.01416305 0.00064654 0.01418425
v 0.04878750 0.00734269 0.01417966
v -0.01384864 0.00028804 0.01400803
v 0.04852518 0.00076576 0.01424886
v -0.01350001 0.01268301 0.01415302
v 0.02047515 0.01269981 0.01417045
v -0.01374999 0.01243301 0.01433603
v -0.01417968 0.01200000 0.01415636
v -0.01393301 0.01225000 0.01433603
v -0.01419971 0.00080989 0.01417483
v 0.04761624 0.00818369 0.01417710
v -0.01391989 0.00037500 0.01409499
v 0.04826659 0.00766682 0.01433356
v -0.01402968 0.00052080 0.01419417
v -0.01374850 0.00053743 0.01425742
v 0.04802069 0.00076576 0.01438580
v -0.01350001 0.01250000 0.01433603
v 0.02046945 0.01263101 0.01424576
v -0.01391593 0.00091177 0.01437940
v -0.01400000 0.01200000 0.01433603
v -0.01398108 0.00088838 0.01433243
v 0.04853251 0.00737110 0.01426788
v 0.04873910 0.00734808 0.01419641
v 0.04823190 0.00740460 0.01437189
v 0.04759448 0.00805315 0.01426183
v -0.01395282 0.00081643 0.01435412
v -0.01385558 0.00066187 0.01433523
v 0.04755690 0.00782761 0.01440819
v 0.02044576 0.01234535 0.01440681
v 0.04802739 0.00095711 0.01442327
v 0.04750001 0.00076690 0.01443218
v -0.01357508 0.00059784 0.01431785
v -0.01368445 0.00073003 0.01440339
v -0.01350001 0.00075464 0.01442425
v 0.04754981 0.00778506 0.01441590
v 0.04816225 0.00741235 0.01439600
v -0.01373762 0.00090194 0.01443963
v -0.01350001 0.01233838 0.01437934
v -0.01350001 0.01200000 0.01447000
v -0.01383135 0.01200000 0.01438121
v -0.01383636 0.00092157 0.01439898
v -0.01374328 0.00093304 0.01442189
v 0.02044507 0.01233713 0.01441146
v -0.01355356 0.00095641 0.01446856
v 0.04750001 0.00095711 0.01447000
v 0.04750001 0.00748621 0.01447000
v -0.01350001 0.00076686 0.01443238
v 0.02041724 0.01200000 0.01447000
v -0.01350001 0.00095711 0.01447000
v -0.01350001 0.00093248 0.01446514
v -0.00037948 -0.01000000 -0.00205447
v -0.00037948 0.00000000 -0.00205447
v -0.00007630 0.00000000 -0.00208782
v -0.00007630 -0.01000000 -0.00208782
v 0.00022849 0.00000000 -0.00207667
v 0.00022849 -0.01000000 -0.00207667
v 0.00052842 0.00000000 -0.00202127
v 0.00052842 -0.01000000 -0.00202127
v -0.00067458 -0.01000000 -0.00197731
v -0.00067458 0.00000000 -0.00197731
v 0.00081709 0.00000000 -0.00192280
v 0.00081709 -0.01000000 -0.00192280
v -0.00095529 -0.01000000 -0.00185801
v -0.00095529 0.00000000 -0.00185801
v 0.00108835 0.00000000 -0.00178333
v 0.00108835 -0.01000000 -0.00178333
v -0.00121564 -0.01000000 -0.00169914
v -0.00121564 0.00000000 -0.00169914
v 0.00133642 0.00000000 -0.00160585
v 0.00133642 -0.01000000 -0.00160585
v -0.00145006 -0.01000000 -0.00150402
v -0.00145006 0.00000000 -0.00150402
v 0.00155598 0.00000000 -0.00139417
v 0.00155598 -0.01000000 -0.00139417
v -0.00165361 -0.01000000 -0.00127687
v -0.00165361 0.00000000 -0.00127687
v 0.00174239 0.00000000 -0.00115277
v 0.00174239 -0.01000000 -0.00115277
v -0.00182191 -0.01000000 -0.00102250
v -0.00182191 0.00000000 -0.00102250
v 0.00189167 0.00000000 -0.00088678
v 0.00189167 -0.01000000 -0.00088678
v -0.00195137 -0.01000000 -0.00074633
v -0.00195137 0.00000000 -0.00074633
v 0.00200063 0.00000000 -0.00060190
v 0.00200063 -0.01000000 -0.00060190
v -0.00203923 -0.01000000 -0.00045426
v -0.00203923 0.00000000 -0.00045426
v 0.00206694 0.00000000 -0.00030418
v 0.00206694 -0.01000000 -0.00030418
v -0.00208363 -0.01000000 -0.00015251
v -0.00208363 0.00000000 -0.00015251
v 0.00208920 0.00000000 0.00000001
v 0.00208920 -0.01000000 0.00000001
v -0.00208363 -0.01000000 0.00015251
v -0.00208363 0.00000000 0.00015251
v 0.00206694 0.00000000 0.00030418
v 0.00206694 -0.01000000 0.00030418
v -0.00203923 -0.01000000 0.00045426
v -0.00203923 0.00000000 0.00045426
v 0.00200063 0.00000000 0.00060190
v 0.00200063 -0.01000000 0.00060190
v -0.00195137 -0.01000000 0.00074632
v -0.00195137 0.00000000 0.00074632
v 0.00189167 0.00000000 0.00088678
v 0.00189167 -0.01000000 0.00088678
v -0.00182191 -0.01000000 0.00102250
v -0.00182191 0.00000000 0.00102250
v 0.00174239 0.00000000 0.00115277
v 0.00174239 -0.01000000 0.00115277
v -0.00165361 -0.01000000 0.00127687
v -0.00165361 0.00000000 0.00127687
v 0.00155598 0.00000000 0.00139417
v 0.00155598 -0.01000000 0.00139417
v -0.00145006 -0.01000000 0.00150402
v -0.00145006 0.00000000 0.00150402
v 0.00133642 0.00000000 0.00160585
v 0.00133642 -0.01000000 0.00160585
v -0.00121564 -0.01000000 0.00169913
v -0.00121564 0.00000000 0.00169913
v 0.00108835 0.00000000 0.00178333
v 0.00108835 -0.01000000 0.00178333
v -0.00095529 -0.01000000 0.00185801
v -0.00095529 0.00000000 0.00185801
v 0.00081709 0.00000000 0.00192280
v 0.00081709 -0.01000000 0.00192280
v -0.00067458 -0.01000000 0.00197731
v -0.00067458 0.00000000 0.00197731
v 0.00052842 0.00000000 0.00202127
v 0.00052842 -0.01000000 0.00202127
v -0.00037948 -0.01000000 0.00205447
v -0.00037948 0.00000000 0.00205447
v 0.00022849 0.00000000 0.00207667
v 0.00022849 -0.01000000 0.00207667
v -0.00007630 -0.01000000 0.00208782
v -0.00007630 0.00000000 0.00208782
f 1 2 3
f 4 1 3
f 5 4 3
f 2 6 3
f 6 5 3
f 7 8 4
f 9 7 4
f 10 9 4
f 8 1 4
f 5 11 4
f 11 10 4
f 12 2 1
f 13 12 1
f 8 13 1
f 14 12 13
f 15 16 13
f 16 17 13
f 17 14 13
f 18 15 13
f 8 18 13
f 7 19 8
f 19 18 8
f 9 20 7
f 20 19 7
f 21 22 19
f 22 18 19
f 20 23 19
f 23 21 19
f 22 15 18
f 24 20 9
f 25 24 9
f 26 25 9
f 10 26 9
f 24 23 20
f 25 27 24
f 28 23 24
f 27 28 24
f 29 26 10
f 11 29 10
f 30 31 23
f 28 30 23
f 31 21 23
f 12 32 2
f 32 6 2
f 33 32 12
f 14 33 12
f 6 11 5
f 33 34 32
f 34 35 32
f 35 6 32
f 36 34 33
f 14 36 33
f 37 38 22
f 38 15 22
f 21 37 22
f 39 40 37
f 40 38 37
f 21 39 37
f 41 29 11
f 42 41 11
f 6 42 11
f 43 39 21
f 31 43 21
f 44 45 26
f 45 25 26
f 29 44 26
f 46 36 14
f 17 46 14
f 38 16 15
f 35 42 6
f 47 48 31
f 30 47 31
f 48 43 31
f 49 50 46
f 50 36 46
f 17 49 46
f 51 49 17
f 16 51 17
f 52 51 16
f 38 40 16
f 40 52 16
f 53 27 25
f 54 53 25
f 45 54 25
f 53 55 27
f 55 56 27
f 56 57 27
f 57 28 27
f 57 47 28
f 47 30 28
f 58 44 29
f 41 59 29
f 59 60 29
f 60 61 29
f 61 58 29
f 44 62 45
f 62 54 45
f 42 59 41
f 36 63 34
f 63 35 34
f 42 60 59
f 64 65 44
f 65 62 44
f 66 64 44
f 58 66 44
f 50 63 36
f 47 67 48
f 68 43 48
f 67 68 48
f 69 70 35
f 63 69 35
f 70 42 35
f 71 72 43
f 72 39 43
f 68 73 43
f 73 74 43
f 74 71 43
f 61 60 42
f 75 61 42
f 70 75 42
f 72 40 39
f 71 40 72
f 57 67 47
f 57 76 67
f 76 68 67
f 50 77 63
f 77 69 63
f 78 79 71
f 79 40 71
f 74 78 71
f 80 77 50
f 49 80 50
f 81 80 49
f 51 81 49
f 79 52 40
f 82 54 62
f 65 82 62
f 83 84 78
f 84 79 78
f 85 83 78
f 74 86 78
f 86 85 78
f 87 88 70
f 69 87 70
f 88 75 70
f 89 82 65
f 64 89 65
f 57 68 76
f 57 90 68
f 90 73 68
f 91 74 73
f 90 91 73
f 92 93 77
f 80 92 77
f 93 69 77
f 94 90 57
f 56 94 57
f 95 96 80
f 96 97 80
f 97 98 80
f 98 99 80
f 99 100 80
f 100 101 80
f 102 92 80
f 103 102 80
f 101 103 80
f 104 95 80
f 105 104 80
f 81 105 80
f 106 58 61
f 75 106 61
f 93 87 69
f 107 106 75
f 88 107 75
f 108 66 58
f 106 109 58
f 109 108 58
f 110 86 74
f 91 110 74
f 111 105 81
f 51 111 81
f 112 111 51
f 52 112 51
f 79 84 52
f 113 112 52
f 84 113 52
f 114 64 66
f 108 114 66
f 94 115 90
f 116 91 90
f 115 116 90
f 110 85 86
f 56 115 94
f 110 117 85
f 117 83 85
f 93 118 87
f 118 119 87
f 119 88 87
f 120 121 56
f 121 115 56
f 55 120 56
f 119 122 88
f 122 107 88
f 117 123 83
f 123 84 83
f 114 124 64
f 125 89 64
f 124 125 64
f 55 126 120
f 126 121 120
f 126 55 53
f 127 126 53
f 128 127 53
f 54 128 53
f 129 123 117
f 110 129 117
f 130 131 91
f 131 110 91
f 116 132 91
f 132 133 91
f 133 130 91
f 82 128 54
f 129 134 123
f 134 84 123
f 92 135 93
f 135 136 93
f 136 118 93
f 129 137 134
f 137 84 134
f 138 135 92
f 102 138 92
f 139 104 105
f 140 139 105
f 111 140 105
f 141 142 111
f 142 140 111
f 112 141 111
f 143 113 84
f 137 143 84
f 144 116 115
f 121 144 115
f 107 109 106
f 135 145 136
f 145 146 136
f 147 118 136
f 146 147 136
f 148 145 135
f 138 148 135
f 149 139 140
f 142 149 140
f 150 144 121
f 126 150 121
f 127 150 126
f 151 108 109
f 107 151 109
f 152 144 150
f 127 152 150
f 153 154 127
f 154 155 127
f 155 156 127
f 156 157 127
f 157 158 127
f 158 159 127
f 159 160 127
f 160 161 127
f 161 162 127
f 162 163 127
f 163 164 127
f 164 165 127
f 165 152 127
f 166 153 127
f 128 166 127
f 131 129 110
f 130 129 131
f 118 167 119
f 167 122 119
f 168 169 107
f 169 151 107
f 122 168 107
f 170 128 82
f 89 170 82
f 171 129 130
f 172 171 130
f 133 172 130
f 170 166 128
f 173 172 133
f 174 173 133
f 132 175 133
f 175 176 133
f 176 174 133
f 177 178 137
f 129 177 137
f 178 143 137
f 179 180 116
f 180 132 116
f 181 179 116
f 144 181 116
f 182 183 118
f 147 182 118
f 183 167 118
f 184 114 108
f 169 185 108
f 185 184 108
f 151 169 108
f 180 175 132
f 167 186 122
f 186 168 122
f 187 181 144
f 152 187 144
f 188 124 114
f 184 188 114
f 179 189 180
f 189 175 180
f 181 189 179
f 190 187 152
f 165 190 152
f 187 189 181
f 191 166 170
f 89 192 170
f 193 191 170
f 192 193 170
f 190 194 187
f 195 189 187
f 194 195 187
f 166 196 153
f 196 197 153
f 197 154 153
f 198 199 154
f 199 200 154
f 200 155 154
f 201 202 154
f 202 203 154
f 203 198 154
f 197 204 154
f 204 205 154
f 205 206 154
f 206 207 154
f 207 201 154
f 208 209 155
f 209 210 155
f 210 156 155
f 211 212 155
f 212 213 155
f 213 208 155
f 200 214 155
f 214 215 155
f 215 216 155
f 216 217 155
f 217 211 155
f 218 219 156
f 219 220 156
f 220 221 156
f 221 157 156
f 222 223 156
f 223 224 156
f 224 218 156
f 210 225 156
f 225 226 156
f 226 227 156
f 227 228 156
f 228 222 156
f 229 230 157
f 230 231 157
f 231 158 157
f 232 233 157
f 233 234 157
f 234 229 157
f 221 235 157
f 235 236 157
f 236 237 157
f 237 238 157
f 238 232 157
f 239 240 158
f 241 242 158
f 242 243 158
f 243 239 158
f 244 245 158
f 245 246 158
f 246 159 158
f 240 247 158
f 247 248 158
f 248 249 158
f 249 250 158
f 250 251 158
f 251 244 158
f 231 252 158
f 252 253 158
f 253 254 158
f 254 255 158
f 255 241 158
f 256 257 159
f 257 258 159
f 258 259 159
f 246 260 159
f 260 256 159
f 261 262 159
f 262 263 159
f 263 264 159
f 264 160 159
f 259 265 159
f 265 266 159
f 266 261 159
f 267 268 160
f 268 269 160
f 269 161 160
f 270 271 160
f 271 272 160
f 272 267 160
f 264 273 160
f 273 274 160
f 274 275 160
f 275 276 160
f 276 270 160
f 277 278 161
f 278 279 161
f 279 280 161
f 280 162 161
f 281 282 161
f 282 283 161
f 283 277 161
f 269 284 161
f 284 285 161
f 285 286 161
f 286 287 161
f 287 281 161
f 280 288 162
f 288 289 162
f 289 290 162
f 290 291 162
f 291 292 162
f 293 294 162
f 294 295 162
f 295 296 162
f 296 163 162
f 292 297 162
f 297 298 162
f 298 293 162
f 296 299 163
f 299 300 163
f 300 301 163
f 301 302 163
f 302 303 163
f 304 305 163
f 305 306 163
f 306 164 163
f 303 307 163
f 307 308 163
f 308 304 163
f 306 309 164
f 309 310 164
f 310 311 164
f 311 312 164
f 312 313 164
f 314 315 164
f 315 316 164
f 316 317 164
f 317 165 164
f 313 318 164
f 318 319 164
f 319 314 164
f 317 320 165
f 320 321 165
f 321 322 165
f 322 323 165
f 323 190 165
f 323 194 190
f 188 324 124
f 325 125 124
f 324 325 124
f 191 326 166
f 326 196 166
f 145 327 146
f 327 328 146
f 328 147 146
f 148 327 145
f 329 149 142
f 330 331 142
f 332 333 142
f 334 329 142
f 335 334 142
f 141 336 142
f 336 337 142
f 337 338 142
f 339 330 142
f 331 340 142
f 340 341 142
f 341 332 142
f 333 342 142
f 342 343 142
f 343 344 142
f 345 346 142
f 338 345 142
f 347 339 142
f 346 347 142
f 344 348 142
f 348 349 142
f 349 335 142
f 112 350 141
f 351 352 141
f 352 336 141
f 350 353 141
f 353 354 141
f 354 351 141
f 113 355 112
f 355 350 112
f 143 356 113
f 356 355 113
f 357 356 143
f 178 358 143
f 358 359 143
f 359 360 143
f 360 361 143
f 361 362 143
f 362 363 143
f 363 357 143
f 364 365 178
f 365 366 178
f 366 367 178
f 367 358 178
f 177 364 178
f 125 192 89
f 183 368 167
f 368 186 167
f 168 185 169
f 193 369 191
f 369 326 191
f 125 370 192
f 371 193 192
f 370 371 192
f 328 372 147
f 372 182 147
f 372 183 182
f 373 369 193
f 374 373 193
f 371 374 193
f 372 375 183
f 375 368 183
f 376 374 371
f 370 376 371
f 325 370 125
f 377 188 184
f 185 378 184
f 378 379 184
f 379 377 184
f 168 378 185
f 377 380 188
f 381 324 188
f 380 381 188
f 382 378 168
f 186 382 168
f 325 383 370
f 383 376 370
f 196 384 197
f 384 385 197
f 385 204 197
f 385 386 204
f 386 387 204
f 387 205 204
f 388 214 200
f 199 389 200
f 389 388 200
f 388 390 214
f 390 391 214
f 391 215 214
f 392 225 210
f 209 393 210
f 393 392 210
f 392 394 225
f 394 395 225
f 395 226 225
f 396 235 221
f 220 396 221
f 396 397 235
f 397 398 235
f 398 236 235
f 399 252 231
f 230 400 231
f 400 399 231
f 399 401 252
f 401 402 252
f 402 253 252
f 403 249 248
f 247 403 248
f 403 404 249
f 404 405 249
f 405 250 249
f 245 406 246
f 406 260 246
f 406 407 260
f 407 408 260
f 408 256 260
f 409 273 264
f 263 409 264
f 409 410 273
f 410 411 273
f 411 274 273
f 412 284 269
f 268 413 269
f 413 412 269
f 412 414 284
f 414 415 284
f 415 285 284
f 416 288 280
f 279 416 280
f 416 417 288
f 417 418 288
f 418 289 288
f 419 299 296
f 295 419 296
f 419 420 299
f 420 421 299
f 421 300 299
f 422 309 306
f 305 423 306
f 423 422 306
f 422 424 309
f 424 425 309
f 425 310 309
f 426 317 316
f 315 427 316
f 427 426 316
f 426 428 317
f 428 429 317
f 429 320 317
f 430 325 324
f 381 430 324
f 368 431 186
f 431 382 186
f 219 432 220
f 432 396 220
f 240 433 247
f 433 403 247
f 434 251 250
f 405 435 250
f 435 434 250
f 244 436 245
f 436 406 245
f 262 437 263
f 437 409 263
f 278 438 279
f 438 416 279
f 294 439 295
f 439 419 295
f 440 384 196
f 326 440 196
f 384 441 385
f 441 442 385
f 442 386 385
f 442 443 386
f 444 387 386
f 443 444 386
f 387 445 205
f 445 206 205
f 446 389 199
f 198 446 199
f 447 390 388
f 389 448 388
f 448 447 388
f 447 449 390
f 450 391 390
f 449 450 390
f 391 451 215
f 451 216 215
f 452 393 209
f 208 452 209
f 453 394 392
f 393 454 392
f 454 453 392
f 453 455 394
f 456 395 394
f 455 456 394
f 395 457 226
f 457 227 226
f 458 397 396
f 432 458 396
f 458 459 397
f 459 460 397
f 460 398 397
f 398 461 236
f 461 237 236
f 462 400 230
f 229 462 230
f 463 401 399
f 400 464 399
f 464 463 399
f 463 465 401
f 466 402 401
f 465 466 401
f 402 467 253
f 467 254 253
f 468 404 403
f 433 468 403
f 468 469 404
f 470 405 404
f 469 470 404
f 436 471 406
f 471 407 406
f 471 472 407
f 472 473 407
f 473 408 407
f 408 474 256
f 474 257 256
f 475 410 409
f 437 475 409
f 475 476 410
f 476 477 410
f 477 411 410
f 411 478 274
f 478 275 274
f 479 413 268
f 267 479 268
f 480 414 412
f 413 481 412
f 481 480 412
f 480 482 414
f 483 415 414
f 482 483 414
f 415 484 285
f 484 286 285
f 485 417 416
f 438 485 416
f 485 486 417
f 486 487 417
f 487 418 417
f 418 488 289
f 488 290 289
f 489 420 419
f 439 489 419
f 489 490 420
f 490 491 420
f 491 421 420
f 421 492 300
f 492 301 300
f 493 423 305
f 304 493 305
f 494 424 422
f 423 495 422
f 495 494 422
f 494 496 424
f 497 425 424
f 496 497 424
f 425 498 310
f 498 311 310
f 499 427 315
f 314 499 315
f 500 428 426
f 427 501 426
f 501 500 426
f 500 502 428
f 503 429 428
f 502 503 428
f 429 504 320
f 504 321 320
f 505 506 372
f 328 505 372
f 506 375 372
f 507 374 376
f 383 507 376
f 508 509 432
f 509 458 432
f 219 508 432
f 510 511 433
f 511 468 433
f 240 510 433
f 512 435 405
f 470 512 405
f 513 514 436
f 514 471 436
f 244 513 436
f 515 516 437
f 516 475 437
f 262 515 437
f 517 518 438
f 518 485 438
f 278 517 438
f 519 520 439
f 520 489 439
f 294 519 439
f 440 521 384
f 521 441 384
f 444 522 387
f 522 445 387
f 446 523 389
f 523 448 389
f 450 524 391
f 524 451 391
f 452 525 393
f 525 454 393
f 456 526 395
f 526 457 395
f 460 527 398
f 527 461 398
f 462 528 400
f 528 464 400
f 466 529 402
f 529 467 402
f 473 530 408
f 530 474 408
f 477 531 411
f 531 478 411
f 479 532 413
f 532 481 413
f 483 533 415
f 533 484 415
f 487 534 418
f 534 488 418
f 491 535 421
f 535 492 421
f 493 536 423
f 536 495 423
f 497 537 425
f 537 498 425
f 499 538 427
f 538 501 427
f 503 539 429
f 539 504 429
f 375 540 368
f 540 431 368
f 218 508 219
f 239 510 240
f 541 251 434
f 435 542 434
f 542 541 434
f 251 513 244
f 261 515 262
f 277 517 278
f 293 519 294
f 543 544 508
f 544 509 508
f 218 543 508
f 545 546 510
f 546 511 510
f 239 545 510
f 547 542 435
f 512 547 435
f 548 549 513
f 549 514 513
f 251 548 513
f 550 551 515
f 551 516 515
f 261 550 515
f 552 553 517
f 553 518 517
f 277 552 517
f 554 555 519
f 555 520 519
f 293 554 519
f 382 379 378
f 430 383 325
f 369 440 326
f 441 556 442
f 556 557 442
f 557 443 442
f 557 558 443
f 558 444 443
f 445 559 206
f 559 207 206
f 203 446 198
f 560 449 447
f 448 561 447
f 561 560 447
f 560 562 449
f 562 450 449
f 451 563 216
f 563 217 216
f 213 452 208
f 564 455 453
f 454 565 453
f 565 564 453
f 564 566 455
f 566 456 455
f 457 567 227
f 567 228 227
f 568 459 458
f 509 568 458
f 568 569 459
f 569 460 459
f 461 570 237
f 570 238 237
f 234 462 229
f 571 465 463
f 464 572 463
f 572 571 463
f 571 573 465
f 573 466 465
f 467 574 254
f 574 255 254
f 575 469 468
f 511 575 468
f 575 576 469
f 576 470 469
f 514 577 471
f 577 472 471
f 577 578 472
f 578 473 472
f 474 579 257
f 579 258 257
f 580 476 475
f 516 580 475
f 580 581 476
f 581 477 476
f 478 582 275
f 582 276 275
f 272 479 267
f 583 482 480
f 481 584 480
f 584 583 480
f 583 585 482
f 585 483 482
f 484 586 286
f 586 287 286
f 587 486 485
f 518 587 485
f 587 588 486
f 588 487 486
f 488 589 290
f 589 291 290
f 590 490 489
f 520 590 489
f 590 591 490
f 591 491 490
f 492 592 301
f 592 302 301
f 308 493 304
f 593 496 494
f 495 594 494
f 594 593 494
f 593 595 496
f 595 497 496
f 498 596 311
f 596 312 311
f 319 499 314
f 597 502 500
f 501 598 500
f 598 597 500
f 597 599 502
f 599 503 502
f 504 600 321
f 600 322 321
f 544 568 509
f 546 575 511
f 576 512 470
f 549 577 514
f 551 580 516
f 553 587 518
f 555 590 520
f 369 521 440
f 521 601 441
f 601 556 441
f 558 522 444
f 522 602 445
f 602 559 445
f 203 523 446
f 523 603 448
f 603 561 448
f 562 524 450
f 524 604 451
f 604 563 451
f 213 525 452
f 525 605 454
f 605 565 454
f 566 526 456
f 526 606 457
f 606 567 457
f 569 527 460
f 527 607 461
f 607 608 461
f 608 570 461
f 234 528 462
f 528 609 464
f 609 572 464
f 573 529 466
f 529 610 467
f 610 574 467
f 578 530 473
f 530 611 474
f 611 612 474
f 612 579 474
f 581 531 477
f 531 613 478
f 613 614 478
f 614 582 478
f 272 532 479
f 532 615 481
f 615 584 481
f 585 533 483
f 533 616 484
f 616 586 484
f 588 534 487
f 534 617 488
f 617 618 488
f 618 589 488
f 591 535 491
f 535 619 492
f 619 620 492
f 620 592 492
f 308 536 493
f 536 621 495
f 621 594 495
f 595 537 497
f 537 622 498
f 622 596 498
f 319 538 499
f 538 623 501
f 623 598 501
f 599 539 503
f 539 624 504
f 624 600 504
f 506 505 375
f 505 328 375
f 328 625 375
f 625 626 375
f 626 540 375
f 430 627 383
f 627 507 383
f 224 628 218
f 628 543 218
f 243 629 239
f 629 545 239
f 630 631 541
f 631 251 541
f 542 632 541
f 632 630 541
f 631 633 251
f 633 548 251
f 266 634 261
f 634 550 261
f 283 635 277
f 635 552 277
f 298 636 293
f 636 554 293
f 543 637 544
f 637 568 544
f 545 638 546
f 638 575 546
f 576 547 512
f 548 639 549
f 639 577 549
f 550 640 551
f 640 580 551
f 552 641 553
f 641 587 553
f 554 642 555
f 642 590 555
f 628 643 543
f 643 644 543
f 644 637 543
f 629 645 545
f 645 646 545
f 646 638 545
f 547 647 542
f 647 648 542
f 648 649 542
f 649 632 542
f 633 650 548
f 650 651 548
f 651 639 548
f 634 652 550
f 652 653 550
f 653 640 550
f 635 654 552
f 654 655 552
f 655 641 552
f 636 656 554
f 656 657 554
f 657 642 554
f 369 601 521
f 558 602 522
f 203 603 523
f 562 604 524
f 213 605 525
f 566 606 526
f 569 658 527
f 658 659 527
f 659 607 527
f 234 609 528
f 573 610 529
f 578 660 530
f 660 661 530
f 661 611 530
f 581 662 531
f 662 663 531
f 663 613 531
f 272 615 532
f 585 616 533
f 588 664 534
f 664 665 534
f 665 617 534
f 591 666 535
f 666 667 535
f 667 619 535
f 308 621 536
f 595 622 537
f 319 623 538
f 599 624 539
f 644 668 637
f 668 669 637
f 669 568 637
f 646 670 638
f 670 671 638
f 671 575 638
f 672 647 547
f 576 672 547
f 651 673 639
f 673 674 639
f 674 577 639
f 653 675 640
f 675 676 640
f 676 580 640
f 655 677 641
f 677 678 641
f 678 587 641
f 657 679 642
f 679 680 642
f 680 590 642
f 681 374 507
f 627 681 507
f 682 377 379
f 382 682 379
f 683 682 382
f 684 683 382
f 431 684 382
f 380 685 381
f 685 430 381
f 540 686 431
f 686 684 431
f 373 601 369
f 373 687 601
f 687 688 601
f 688 556 601
f 688 689 556
f 689 557 556
f 689 558 557
f 690 602 558
f 691 690 558
f 689 691 558
f 692 559 602
f 690 692 602
f 693 207 559
f 692 693 559
f 693 201 207
f 202 603 203
f 202 694 603
f 694 695 603
f 695 561 603
f 695 696 561
f 696 560 561
f 696 562 560
f 696 697 562
f 698 604 562
f 697 698 562
f 699 563 604
f 698 699 604
f 700 217 563
f 699 700 563
f 700 211 217
f 212 605 213
f 212 701 605
f 701 702 605
f 702 565 605
f 702 703 565
f 703 564 565
f 703 566 564
f 703 704 566
f 705 606 566
f 704 705 566
f 706 567 606
f 705 706 606
f 707 228 567
f 706 707 567
f 707 222 228
f 223 628 224
f 223 708 628
f 708 643 628
f 708 709 643
f 709 644 643
f 709 710 644
f 710 668 644
f 710 711 668
f 711 669 668
f 711 712 669
f 712 713 669
f 713 568 669
f 713 569 568
f 713 714 569
f 715 658 569
f 714 715 569
f 715 659 658
f 716 607 659
f 715 716 659
f 717 608 607
f 716 717 607
f 718 570 608
f 717 718 608
f 719 238 570
f 720 719 570
f 718 720 570
f 719 232 238
f 233 609 234
f 233 721 609
f 721 722 609
f 722 572 609
f 722 723 572
f 723 571 572
f 723 573 571
f 723 724 573
f 725 610 573
f 724 725 573
f 726 574 610
f 725 726 610
f 727 255 574
f 726 727 574
f 727 241 255
f 242 629 243
f 242 728 629
f 728 645 629
f 728 729 645
f 729 646 645
f 729 730 646
f 730 670 646
f 730 731 670
f 731 671 670
f 731 732 671
f 732 733 671
f 733 575 671
f 733 576 575
f 733 734 576
f 735 672 576
f 734 735 576
f 735 647 672
f 736 648 647
f 735 736 647
f 737 649 648
f 736 737 648
f 738 632 649
f 737 738 649
f 739 630 632
f 740 739 632
f 738 740 632
f 739 741 630
f 741 631 630
f 741 633 631
f 741 742 633
f 742 650 633
f 742 743 650
f 743 651 650
f 743 744 651
f 744 673 651
f 744 745 673
f 745 674 673
f 745 746 674
f 746 747 674
f 747 577 674
f 747 578 577
f 748 660 578
f 749 748 578
f 747 749 578
f 748 661 660
f 750 611 661
f 748 750 661
f 751 612 611
f 750 751 611
f 752 579 612
f 751 752 612
f 753 258 579
f 754 753 579
f 752 754 579
f 753 259 258
f 265 634 266
f 265 755 634
f 755 652 634
f 755 756 652
f 756 653 652
f 756 757 653
f 757 675 653
f 757 758 675
f 758 676 675
f 758 759 676
f 759 760 676
f 760 580 676
f 760 581 580
f 760 761 581
f 762 662 581
f 761 762 581
f 762 663 662
f 763 613 663
f 762 763 663
f 764 614 613
f 763 764 613
f 765 582 614
f 764 765 614
f 766 276 582
f 767 766 582
f 765 767 582
f 766 270 276
f 271 615 272
f 271 768 615
f 768 769 615
f 769 584 615
f 769 770 584
f 770 583 584
f 770 585 583
f 770 771 585
f 772 616 585
f 771 772 585
f 773 586 616
f 772 773 616
f 774 287 586
f 773 774 586
f 774 281 287
f 282 635 283
f 282 775 635
f 775 654 635
f 775 776 654
f 776 655 654
f 776 777 655
f 777 677 655
f 777 778 677
f 778 678 677
f 778 779 678
f 779 780 678
f 780 587 678
f 780 588 587
f 780 781 588
f 782 664 588
f 781 782 588
f 782 665 664
f 783 617 665
f 782 783 665
f 784 618 617
f 783 784 617
f 785 589 618
f 784 785 618
f 786 291 589
f 787 786 589
f 785 787 589
f 786 292 291
f 297 636 298
f 297 788 636
f 788 656 636
f 788 789 656
f 789 657 656
f 789 790 657
f 790 679 657
f 790 791 679
f 791 680 679
f 791 792 680
f 792 793 680
f 793 590 680
f 793 591 590
f 793 794 591
f 795 666 591
f 794 795 591
f 795 667 666
f 796 619 667
f 795 796 667
f 797 620 619
f 796 797 619
f 798 592 620
f 797 798 620
f 799 302 592
f 800 799 592
f 798 800 592
f 799 303 302
f 307 621 308
f 307 801 621
f 801 802 621
f 802 594 621
f 802 803 594
f 803 593 594
f 803 595 593
f 803 804 595
f 805 622 595
f 804 805 595
f 806 596 622
f 805 806 622
f 807 312 596
f 806 807 596
f 807 313 312
f 318 623 319
f 318 808 623
f 808 809 623
f 809 598 623
f 809 810 598
f 810 597 598
f 810 599 597
f 810 811 599
f 812 624 599
f 811 812 599
f 813 600 624
f 812 813 624
f 814 322 600
f 813 814 600
f 814 323 322
f 815 380 377
f 683 815 377
f 682 683 377
f 815 816 380
f 816 685 380
f 816 817 685
f 817 818 685
f 818 430 685
f 626 686 540
f 818 627 430
f 818 819 627
f 819 681 627
f 820 374 681
f 819 820 681
f 821 815 683
f 684 821 683
f 822 815 821
f 823 822 821
f 684 824 821
f 824 823 821
f 825 826 684
f 826 824 684
f 686 825 684
f 827 828 686
f 828 829 686
f 829 830 686
f 626 827 686
f 830 825 686
f 625 831 626
f 831 832 626
f 832 827 626
f 822 816 815
f 822 833 816
f 833 817 816
f 833 834 817
f 834 835 817
f 835 818 817
f 328 836 625
f 837 831 625
f 836 837 625
f 835 819 818
f 835 838 819
f 838 820 819
f 327 836 328
f 839 374 820
f 838 839 820
f 327 840 836
f 840 837 836
f 841 822 823
f 842 841 823
f 824 842 823
f 843 844 822
f 844 833 822
f 841 843 822
f 826 845 824
f 845 842 824
f 825 846 826
f 846 845 826
f 844 847 833
f 847 834 833
f 830 848 825
f 848 849 825
f 849 846 825
f 829 850 830
f 850 848 830
f 828 850 829
f 827 850 828
f 851 835 834
f 847 851 834
f 827 852 850
f 853 848 850
f 852 853 850
f 827 854 852
f 855 853 852
f 854 855 852
f 832 854 827
f 831 837 832
f 837 854 832
f 837 856 854
f 857 855 854
f 856 857 854
f 840 856 837
f 858 838 835
f 851 858 835
f 859 839 838
f 858 859 838
f 327 860 856
f 840 327 856
f 861 857 856
f 860 862 856
f 862 861 856
f 859 374 839
f 148 860 327
f 138 860 148
f 138 863 860
f 863 864 860
f 864 862 860
f 102 863 138
f 103 865 863
f 102 103 863
f 865 866 863
f 866 864 863
f 101 865 103
f 100 865 101
f 100 99 865
f 99 866 865
f 867 374 859
f 868 867 859
f 858 868 859
f 869 373 374
f 867 869 374
f 869 687 373
f 870 201 693
f 871 870 693
f 692 871 693
f 870 872 201
f 872 202 201
f 872 694 202
f 873 211 700
f 874 873 700
f 699 874 700
f 873 875 211
f 875 212 211
f 875 701 212
f 876 222 707
f 877 876 707
f 706 877 707
f 876 878 222
f 878 223 222
f 878 708 223
f 879 232 719
f 880 879 719
f 720 880 719
f 879 881 232
f 881 233 232
f 881 721 233
f 882 241 727
f 883 882 727
f 726 883 727
f 882 884 241
f 884 242 241
f 884 728 242
f 885 886 739
f 886 741 739
f 740 885 739
f 886 742 741
f 887 259 753
f 888 887 753
f 754 888 753
f 887 889 259
f 889 265 259
f 889 755 265
f 890 270 766
f 891 890 766
f 767 891 766
f 890 892 270
f 892 271 270
f 892 768 271
f 893 281 774
f 894 893 774
f 773 894 774
f 893 895 281
f 895 282 281
f 895 775 282
f 896 292 786
f 897 896 786
f 787 897 786
f 896 898 292
f 898 297 292
f 898 788 297
f 899 303 799
f 900 899 799
f 800 900 799
f 899 901 303
f 901 307 303
f 901 801 307
f 902 313 807
f 903 902 807
f 806 903 807
f 902 904 313
f 904 318 313
f 904 808 318
f 905 906 814
f 906 323 814
f 813 905 814
f 906 907 323
f 908 909 323
f 910 908 323
f 907 910 323
f 911 912 323
f 912 913 323
f 913 914 323
f 915 916 323
f 916 917 323
f 917 194 323
f 918 911 323
f 919 918 323
f 909 919 323
f 920 915 323
f 921 920 323
f 914 921 323
f 922 923 194
f 924 925 194
f 926 922 194
f 923 927 194
f 927 928 194
f 928 929 194
f 917 930 194
f 930 924 194
f 931 932 194
f 925 931 194
f 933 926 194
f 932 933 194
f 929 195 194
f 98 866 99
f 97 864 866
f 98 97 866
f 96 864 97
f 934 864 96
f 95 934 96
f 934 862 864
f 921 332 341
f 920 921 341
f 340 920 341
f 914 332 921
f 917 330 339
f 930 917 339
f 347 930 339
f 916 330 917
f 935 347 346
f 936 935 346
f 932 936 346
f 937 932 346
f 345 937 346
f 938 933 932
f 937 938 932
f 931 936 932
f 926 337 336
f 922 926 336
f 352 922 336
f 933 337 926
f 331 939 340
f 940 920 340
f 939 940 340
f 940 915 920
f 916 331 330
f 915 331 916
f 338 941 345
f 942 937 345
f 941 942 345
f 942 938 937
f 933 338 337
f 938 338 933
f 914 333 332
f 913 333 914
f 924 930 347
f 935 924 347
f 943 935 936
f 944 943 936
f 931 944 936
f 925 945 931
f 945 944 931
f 923 922 352
f 351 923 352
f 331 946 939
f 947 940 939
f 946 947 939
f 947 948 940
f 948 915 940
f 949 946 331
f 915 949 331
f 948 949 915
f 338 950 941
f 951 942 941
f 950 951 941
f 952 938 942
f 951 952 942
f 953 950 338
f 938 953 338
f 952 953 938
f 913 342 333
f 912 342 913
f 925 924 935
f 943 925 935
f 954 943 944
f 945 954 944
f 925 955 945
f 955 954 945
f 927 923 351
f 354 927 351
f 956 957 946
f 958 956 946
f 949 958 946
f 957 947 946
f 959 960 947
f 960 961 947
f 961 948 947
f 957 959 947
f 962 958 949
f 963 962 949
f 948 964 949
f 964 963 949
f 965 964 948
f 961 965 948
f 966 967 950
f 968 966 950
f 953 968 950
f 967 951 950
f 969 952 951
f 970 969 951
f 971 970 951
f 967 971 951
f 972 968 953
f 973 972 953
f 952 974 953
f 974 973 953
f 975 974 952
f 969 975 952
f 912 343 342
f 911 343 912
f 954 976 943
f 977 925 943
f 976 977 943
f 977 978 925
f 978 955 925
f 979 976 954
f 955 979 954
f 978 979 955
f 928 927 354
f 353 928 354
f 956 980 957
f 980 959 957
f 980 960 959
f 964 981 963
f 981 962 963
f 965 981 964
f 966 982 967
f 982 971 967
f 982 970 971
f 974 983 973
f 983 972 973
f 975 983 974
f 956 960 980
f 956 961 960
f 981 965 962
f 965 958 962
f 966 970 982
f 966 969 970
f 983 975 972
f 975 968 972
f 958 961 956
f 958 965 961
f 968 969 966
f 968 975 969
f 911 344 343
f 918 984 911
f 984 344 911
f 979 985 976
f 985 986 976
f 986 987 976
f 987 988 976
f 989 977 976
f 988 989 976
f 989 990 977
f 990 991 977
f 991 992 977
f 992 993 977
f 993 994 977
f 994 978 977
f 978 985 979
f 994 985 978
f 350 995 353
f 996 928 353
f 995 996 353
f 996 929 928
f 997 998 344
f 998 999 344
f 999 348 344
f 984 997 344
f 918 1000 984
f 1000 1001 984
f 1001 1002 984
f 1002 997 984
f 1003 1004 988
f 1004 1005 988
f 1005 1006 988
f 987 1007 988
f 1007 1003 988
f 1008 989 988
f 1006 1008 988
f 1008 1009 989
f 1010 990 989
f 1011 1010 989
f 1012 1011 989
f 1009 1012 989
f 994 986 985
f 993 986 994
f 350 1013 995
f 1013 1014 995
f 1014 1015 995
f 1015 1016 995
f 1017 996 995
f 1016 1017 995
f 1018 1019 996
f 1017 1018 996
f 1020 929 996
f 1019 1020 996
f 1021 998 997
f 1022 1021 997
f 1023 1022 997
f 1002 1024 997
f 1024 1023 997
f 1025 1024 1002
f 1026 1025 1002
f 1001 1026 1002
f 1027 1028 1006
f 1029 1027 1006
f 1005 1030 1006
f 1030 1029 1006
f 1028 1008 1006
f 1031 1009 1008
f 1032 1031 1008
f 1033 1032 1008
f 1028 1033 1008
f 1034 987 986
f 993 992 986
f 992 1034 986
f 1015 1035 1016
f 1036 1037 1016
f 1038 1036 1016
f 1035 1038 1016
f 1037 1017 1016
f 1039 1018 1017
f 1040 1039 1017
f 1041 1040 1017
f 1042 1041 1017
f 1037 1042 1017
f 1024 1043 1023
f 1043 1022 1023
f 1025 1043 1024
f 1027 1044 1028
f 1044 1033 1028
f 1044 1032 1033
f 992 991 1034
f 991 987 1034
f 1036 1045 1037
f 1045 1042 1037
f 1045 1041 1042
f 1043 1025 1022
f 1025 1021 1022
f 1027 1032 1044
f 1027 1031 1032
f 991 990 987
f 990 1007 987
f 1036 1041 1045
f 1036 1040 1041
f 1046 998 1021
f 1025 1026 1021
f 1026 1046 1021
f 1029 1031 1027
f 1047 1009 1031
f 1029 1047 1031
f 1010 1003 1007
f 990 1010 1007
f 1038 1040 1036
f 1048 1039 1040
f 1038 1048 1040
f 1030 1049 1029
f 1049 1047 1029
f 1050 1051 1047
f 1051 1009 1047
f 1049 1050 1047
f 1010 1052 1003
f 1052 1004 1003
f 1011 1052 1010
f 1053 1054 1046
f 1054 998 1046
f 1055 1053 1046
f 1026 1055 1046
f 1001 1055 1026
f 1035 1056 1038
f 1056 1048 1038
f 1057 1058 1048
f 1058 1039 1048
f 1056 1057 1048
f 1030 1059 1049
f 1059 1050 1049
f 1059 1051 1050
f 1060 1005 1004
f 1052 1011 1004
f 1011 1060 1004
f 1061 1054 1053
f 1055 1061 1053
f 1001 1061 1055
f 1035 1062 1056
f 1062 1057 1056
f 1062 1058 1057
f 1001 998 1054
f 1061 1001 1054
f 1035 1058 1062
f 1035 1039 1058
f 1001 999 998
f 1000 999 1001
f 1018 1039 1035
f 1015 1018 1035
f 1030 1051 1059
f 1030 1009 1051
f 1011 1012 1060
f 1012 1005 1060
f 1063 1064 1065
f 1066 1063 1065
f 1064 1067 1065
f 1067 360 1065
f 360 359 1065
f 359 1066 1065
f 358 1066 359
f 1019 1018 1015
f 1014 1019 1015
f 1005 1009 1030
f 1005 1012 1009
f 1000 348 999
f 918 348 1000
f 1068 1069 95
f 104 1070 95
f 1070 1071 95
f 1071 1068 95
f 1069 1072 95
f 1072 934 95
f 1072 1073 934
f 1073 1074 934
f 1074 1075 934
f 1075 862 934
f 1064 1076 1067
f 1076 361 1067
f 361 360 1067
f 1077 1063 1066
f 1078 1077 1066
f 358 1078 1066
f 367 1078 358
f 1020 1019 1014
f 1013 1020 1014
f 918 349 348
f 919 349 918
f 1069 1079 1072
f 1079 1073 1072
f 1080 1081 1082
f 1081 1083 1082
f 1083 1084 1082
f 1084 1085 1082
f 1086 1080 1082
f 1085 1086 1082
f 1087 1088 1085
f 1088 1089 1085
f 1089 1086 1085
f 1084 1087 1085
f 1090 1091 1080
f 1091 1081 1080
f 1086 1092 1080
f 1092 1090 1080
f 1093 1092 1086
f 1089 1093 1086
f 1094 1095 1096
f 1097 1098 1096
f 1095 1097 1096
f 1098 1099 1096
f 1099 1100 1096
f 1100 1094 1096
f 1101 1102 1099
f 1102 1103 1099
f 1103 1100 1099
f 1098 1101 1099
f 1104 1105 1094
f 1105 1095 1094
f 1106 1104 1094
f 1100 1106 1094
f 1103 1107 1100
f 1107 1106 1100
f 1083 1108 1084
f 1108 1087 1084
f 1108 1088 1087
f 1109 1105 1104
f 1106 1109 1104
f 1107 1109 1106
f 1110 1111 1013
f 350 1112 1013
f 1112 1113 1013
f 1113 1110 1013
f 1111 1114 1013
f 1114 1115 1013
f 1115 1116 1013
f 1117 1020 1013
f 1116 1117 1013
f 1118 1119 1020
f 1119 1120 1020
f 1120 929 1020
f 1121 1118 1020
f 1117 1122 1020
f 1122 1121 1020
f 1069 1123 1079
f 1123 1073 1079
f 1123 1124 1073
f 1124 1074 1073
f 1092 1125 1090
f 1125 1091 1090
f 1093 1125 1092
f 1097 1126 1098
f 1126 1101 1098
f 1126 1102 1101
f 1083 1088 1108
f 1083 1089 1088
f 1107 1095 1105
f 1109 1107 1105
f 1127 1128 1076
f 1064 1127 1076
f 1128 362 1076
f 362 361 1076
f 1129 1077 1078
f 1130 1129 1078
f 367 1130 1078
f 366 1130 367
f 1069 1124 1123
f 1131 335 349
f 919 1131 349
f 909 1132 919
f 1132 1131 919
f 1081 1133 1083
f 1134 1089 1083
f 1133 1134 1083
f 1134 1135 1089
f 1135 1093 1089
f 1136 1097 1095
f 1137 1136 1095
f 1107 1137 1095
f 1103 1138 1107
f 1138 1137 1107
f 1064 1122 1117
f 1116 1064 1117
f 1139 1121 1122
f 1064 1063 1122
f 1063 1139 1122
f 1116 1127 1064
f 1077 1140 1063
f 1140 1139 1063
f 1115 1127 1116
f 1114 1127 1115
f 1140 1121 1139
f 1125 1093 1091
f 1093 1081 1091
f 1097 1102 1126
f 1097 1103 1102
f 1141 1121 1140
f 1077 1141 1140
f 1111 1142 1114
f 1142 1127 1114
f 1110 1143 1111
f 1143 1144 1111
f 1144 1145 1111
f 1145 1142 1111
f 1146 1118 1121
f 1141 1147 1121
f 1147 1146 1121
f 1148 1136 1137
f 1149 1148 1137
f 1138 1149 1137
f 1150 1151 1138
f 1103 1150 1138
f 1151 1149 1138
f 1077 1147 1141
f 1145 1127 1142
f 1152 335 1131
f 1153 1152 1131
f 1132 1153 1131
f 909 1154 1132
f 1154 1155 1132
f 1155 1153 1132
f 1069 1156 1124
f 1156 1074 1124
f 1157 1158 1133
f 1081 1157 1133
f 1159 1134 1133
f 1158 1159 1133
f 1159 1135 1134
f 1069 1160 1156
f 1160 1074 1156
f 1160 1075 1074
f 1144 1127 1145
f 1161 1146 1147
f 1077 1161 1147
f 1143 1162 1144
f 1162 1127 1144
f 1163 1146 1161
f 1077 1163 1161
f 1110 1164 1143
f 1164 1165 1143
f 1165 1166 1143
f 1166 1162 1143
f 1167 1118 1146
f 1168 1167 1146
f 1163 1168 1146
f 1169 1148 1149
f 1170 1169 1149
f 1171 1172 1149
f 1172 1173 1149
f 1173 1170 1149
f 1174 1175 1149
f 1175 1176 1149
f 1176 1171 1149
f 1151 1174 1149
f 1177 1178 1151
f 1150 1177 1151
f 1178 1179 1151
f 1179 1180 1151
f 1180 1181 1151
f 1181 1182 1151
f 1182 1183 1151
f 1183 1174 1151
f 1166 1127 1162
f 1174 1184 1175
f 1184 1176 1175
f 1185 1184 1174
f 1183 1185 1174
f 1186 1168 1163
f 1187 1186 1163
f 1077 1187 1163
f 1188 1152 1153
f 1189 1188 1153
f 1155 1189 1153
f 1154 1190 1155
f 1190 1189 1155
f 1191 1171 1176
f 1184 1191 1176
f 1192 1189 1158
f 1157 1192 1158
f 1190 1159 1158
f 1189 1190 1158
f 1193 1135 1159
f 1194 1193 1159
f 1190 1194 1159
f 1185 1195 1184
f 1195 1191 1184
f 1182 1168 1186
f 1183 1182 1186
f 1187 1183 1186
f 1165 1191 1166
f 1191 1127 1166
f 1164 1171 1165
f 1171 1191 1165
f 1181 1167 1168
f 1182 1181 1168
f 1195 1127 1191
f 1192 1188 1189
f 1154 1194 1190
f 1196 1157 1081
f 1197 1196 1081
f 1093 1198 1081
f 1198 1197 1081
f 1135 1198 1093
f 1136 1103 1097
f 1136 1150 1103
f 1164 1172 1171
f 1187 1199 1183
f 1199 1185 1183
f 1200 1195 1185
f 1199 1200 1185
f 1201 1200 1199
f 1187 1201 1199
f 1195 1200 1127
f 1202 1203 1127
f 1201 1202 1127
f 1200 1201 1127
f 1203 1128 1127
f 1204 1205 1077
f 1206 1187 1077
f 1205 1206 1077
f 1129 1207 1077
f 1207 1208 1077
f 1208 1204 1077
f 1206 1201 1187
f 1069 1209 1160
f 1209 1210 1160
f 1210 1211 1160
f 1211 1075 1160
f 1202 1201 1206
f 1205 1202 1206
f 1204 1202 1205
f 1210 1212 1211
f 1212 1075 1211
f 1212 862 1075
f 1208 1202 1204
f 1210 1213 1212
f 1214 1215 1212
f 1216 1214 1212
f 1213 1216 1212
f 1215 862 1212
f 853 1217 848
f 1218 849 848
f 1217 1218 848
f 853 1219 1217
f 1220 1218 1217
f 1219 1220 1217
f 855 1219 853
f 857 1219 855
f 857 1221 1219
f 1221 1220 1219
f 861 1221 857
f 1222 1221 861
f 862 1222 861
f 1222 1223 1221
f 1223 1220 1221
f 1224 1225 1222
f 1215 1224 1222
f 1225 1223 1222
f 862 1215 1222
f 1214 1224 1215
f 1226 1203 1202
f 1208 1226 1202
f 1207 1226 1208
f 1203 1227 1128
f 1227 363 1128
f 363 362 1128
f 1228 1129 1130
f 1229 1228 1130
f 366 1229 1130
f 365 1229 366
f 1230 1231 1226
f 1231 1203 1226
f 1207 1230 1226
f 1129 1232 1207
f 1233 1230 1207
f 1232 1233 1207
f 1231 1227 1203
f 1228 1232 1129
f 1234 1231 1230
f 1233 1234 1230
f 1235 1233 1232
f 1228 1235 1232
f 1231 1236 1227
f 1236 1237 1227
f 1237 363 1227
f 1234 1236 1231
f 1238 1235 1228
f 1229 1238 1228
f 1239 1238 1229
f 365 1239 1229
f 1237 357 363
f 364 1240 365
f 1240 1239 365
f 1235 1241 1233
f 1242 1234 1233
f 1241 1242 1233
f 1243 1241 1235
f 1238 1243 1235
f 1242 1244 1234
f 1244 1236 1234
f 1245 1243 1238
f 1239 1245 1238
f 1244 1246 1236
f 1246 1237 1236
f 1247 1245 1239
f 1240 1247 1239
f 1246 357 1237
f 364 1248 1240
f 1248 1247 1240
f 1243 1249 1241
f 1249 1242 1241
f 1250 1251 1243
f 1251 1252 1243
f 1252 1249 1243
f 1245 1250 1243
f 1218 1253 849
f 1254 846 849
f 1253 1254 849
f 1220 1255 1218
f 1255 1253 1218
f 1255 1256 1253
f 1257 1254 1253
f 1256 1257 1253
f 1220 1258 1255
f 1258 1259 1255
f 1259 1256 1255
f 1223 1258 1220
f 1223 1260 1258
f 1260 1259 1258
f 1225 1261 1260
f 1223 1225 1260
f 1262 1259 1260
f 1261 1263 1260
f 1263 1262 1260
f 1224 1261 1225
f 1214 1261 1224
f 1214 1264 1261
f 1264 1265 1261
f 1265 1263 1261
f 1216 1264 1214
f 1252 1242 1249
f 1213 1266 1264
f 1216 1213 1264
f 1266 1267 1264
f 1267 1265 1264
f 1251 1242 1252
f 1268 1269 1250
f 1269 1270 1250
f 1270 1251 1250
f 1245 1268 1250
f 1270 1242 1251
f 1210 1266 1213
f 1271 1272 1268
f 1272 1269 1268
f 1245 1271 1268
f 1273 1272 1271
f 1274 1273 1271
f 1275 1274 1271
f 1245 1275 1271
f 1269 1276 1270
f 1276 1277 1270
f 1277 1242 1270
f 1277 1278 1242
f 1278 1279 1242
f 1279 1280 1242
f 1280 1281 1242
f 1281 1282 1242
f 1282 1283 1242
f 1283 1284 1242
f 1284 1244 1242
f 1285 1286 1245
f 1286 1287 1245
f 1287 1288 1245
f 1288 1289 1245
f 1289 1290 1245
f 1290 1291 1245
f 1291 1275 1245
f 1247 1285 1245
f 1272 1276 1269
f 1273 1292 1272
f 1292 1276 1272
f 1194 1152 1188
f 1193 1194 1188
f 1192 1193 1188
f 1154 1152 1194
f 1293 1196 1197
f 1294 1293 1197
f 1295 1294 1197
f 1198 1296 1197
f 1296 1295 1197
f 1297 1296 1198
f 1298 1297 1198
f 1299 1298 1198
f 1135 1299 1198
f 1148 1150 1136
f 1148 1177 1150
f 1276 1173 1172
f 1277 1276 1172
f 1164 1277 1172
f 1292 1173 1276
f 1180 1274 1181
f 1274 1275 1181
f 1275 1167 1181
f 1180 1300 1274
f 1300 1273 1274
f 1291 1167 1275
f 1278 1277 1164
f 1110 1278 1164
f 1291 1118 1167
f 1290 1118 1291
f 1301 1292 1273
f 1300 1301 1273
f 1135 1193 1192
f 1157 1135 1192
f 1154 335 1152
f 909 335 1154
f 1289 1118 1290
f 1180 1301 1300
f 1110 1279 1278
f 1301 1173 1292
f 1180 1173 1301
f 1302 1170 1173
f 1180 1302 1173
f 1179 1302 1180
f 1209 1266 1210
f 1280 1279 1110
f 1113 1280 1110
f 1289 1119 1118
f 1288 1119 1289
f 1287 1119 1288
f 1209 1069 1266
f 1069 1267 1266
f 1113 1281 1280
f 1299 1135 1157
f 1196 1299 1157
f 909 334 335
f 908 334 909
f 1286 1119 1287
f 1113 1282 1281
f 1303 1170 1302
f 1179 1303 1302
f 1178 1304 1179
f 1304 1303 1179
f 1112 1305 1113
f 1305 1282 1113
f 1286 1120 1119
f 1306 1120 1286
f 1285 1306 1286
f 1305 1283 1282
f 1296 1307 1295
f 1307 1294 1295
f 1297 1307 1296
f 1169 1177 1148
f 1308 1178 1177
f 1169 1308 1177
f 1112 1309 1305
f 1309 1283 1305
f 1310 1120 1306
f 1285 1310 1306
f 1309 1285 1283
f 1285 1311 1283
f 1311 1284 1283
f 1309 1312 1285
f 1312 1310 1285
f 1247 1313 1285
f 1313 1311 1285
f 1312 1120 1310
f 1068 1267 1069
f 1112 1312 1309
f 1112 1120 1312
f 1314 1315 1196
f 1293 1314 1196
f 1315 1299 1196
f 1316 1317 1299
f 1317 1298 1299
f 1315 1316 1299
f 1318 1319 1303
f 1319 1320 1303
f 1320 1170 1303
f 1304 1321 1303
f 1321 1318 1303
f 1322 1321 1304
f 1178 1322 1304
f 1323 329 334
f 908 1323 334
f 910 1323 908
f 1284 1324 1244
f 1324 1246 1244
f 1248 1313 1247
f 1324 357 1246
f 364 1325 1248
f 1325 1313 1248
f 1314 1326 1315
f 1326 1316 1315
f 1326 1317 1316
f 1321 1327 1318
f 1327 1319 1318
f 1322 1327 1321
f 1307 1297 1294
f 1297 1293 1294
f 1170 1308 1169
f 1170 1178 1308
f 1071 1265 1267
f 1068 1071 1267
f 350 1328 1112
f 1328 1329 1112
f 1329 1330 1112
f 1331 1120 1112
f 1330 1331 1112
f 1332 1333 1120
f 1331 1332 1120
f 1333 929 1120
f 1314 1317 1326
f 1314 1298 1317
f 1327 1322 1319
f 1322 1320 1319
f 1293 1298 1314
f 1293 1297 1298
f 1320 1178 1170
f 1320 1322 1178
f 1070 1265 1071
f 1334 329 1323
f 910 1334 1323
f 907 1335 910
f 1335 1334 910
f 1329 1336 1330
f 1337 1331 1330
f 1336 1337 1330
f 1337 1332 1331
f 1311 1338 1284
f 1338 1324 1284
f 1325 1311 1313
f 1338 357 1324
f 364 1338 1325
f 1338 1311 1325
f 104 1339 1070
f 1340 1265 1070
f 1339 1340 1070
f 1340 1263 1265
f 1341 329 1334
f 1342 1341 1334
f 1343 1342 1334
f 1335 1343 1334
f 1344 1345 1335
f 907 1346 1335
f 1346 1344 1335
f 1345 1343 1335
f 1347 1348 1349
f 1350 1347 1349
f 1351 1350 1349
f 1352 1351 1349
f 1353 1352 1349
f 1348 1354 1349
f 1354 1355 1349
f 1355 1353 1349
f 1356 1357 1354
f 1358 1355 1354
f 1359 1358 1354
f 1357 1359 1354
f 1348 1356 1354
f 1360 1352 1353
f 1355 1361 1353
f 1361 1360 1353
f 1362 1361 1355
f 1363 1362 1355
f 1358 1363 1355
f 1329 1364 1336
f 1364 1365 1336
f 1366 1337 1336
f 1365 1366 1336
f 1367 1332 1337
f 1366 1367 1337
f 364 357 1338
f 1347 1368 1348
f 1368 1356 1348
f 1368 1357 1356
f 1369 1352 1360
f 1370 1369 1360
f 1361 1362 1360
f 1362 1370 1360
f 1371 1342 1343
f 1372 1371 1343
f 1373 1372 1343
f 1345 1374 1343
f 1374 1373 1343
f 1375 1374 1345
f 1376 1375 1345
f 1344 1376 1345
f 1377 1378 1365
f 1379 1377 1365
f 1364 1379 1365
f 1378 1366 1365
f 1380 1367 1366
f 1381 1380 1366
f 1382 1381 1366
f 1378 1382 1366
f 1374 1383 1373
f 1383 1372 1373
f 1375 1383 1374
f 1377 1384 1378
f 1384 1382 1378
f 1384 1381 1382
f 1383 1375 1372
f 1375 1371 1372
f 1377 1381 1384
f 1377 1380 1381
f 1347 1357 1368
f 1347 1359 1357
f 1362 1385 1370
f 1385 1369 1370
f 1363 1385 1362
f 1386 1342 1371
f 1375 1376 1371
f 1376 1386 1371
f 1379 1380 1377
f 1387 1367 1380
f 1379 1387 1380
f 1350 1359 1347
f 1388 1358 1359
f 1350 1388 1359
f 1389 1352 1369
f 1385 1390 1369
f 1390 1389 1369
f 1363 1390 1385
f 1391 1392 1386
f 1392 1342 1386
f 1393 1391 1386
f 1376 1393 1386
f 1344 1393 1376
f 1351 1394 1350
f 1394 1388 1350
f 1395 1396 1388
f 1396 1358 1388
f 1394 1395 1388
f 1397 1398 1389
f 1398 1352 1389
f 1399 1397 1389
f 1390 1399 1389
f 1363 1399 1390
f 1364 1400 1379
f 1400 1387 1379
f 1401 1402 1387
f 1402 1367 1387
f 1400 1401 1387
f 1403 1392 1391
f 1393 1403 1391
f 1344 1403 1393
f 1351 1404 1394
f 1404 1395 1394
f 1404 1396 1395
f 1405 1398 1397
f 1406 1405 1397
f 1399 1406 1397
f 1407 1406 1399
f 1408 1407 1399
f 1363 1408 1399
f 1364 1409 1400
f 1409 1401 1400
f 1409 1402 1401
f 1344 1342 1392
f 1403 1344 1392
f 1351 1396 1404
f 1351 1358 1396
f 1410 1398 1405
f 1407 1410 1405
f 1406 1407 1405
f 1364 1402 1409
f 1364 1367 1402
f 1344 1341 1342
f 1346 1341 1344
f 1363 1358 1351
f 1352 1363 1351
f 1411 1398 1410
f 1407 1411 1410
f 1408 1412 1407
f 1412 1411 1407
f 1332 1367 1364
f 1329 1332 1364
f 1413 329 1341
f 1346 1413 1341
f 907 1413 1346
f 1408 1363 1352
f 1398 1408 1352
f 1414 1398 1411
f 1412 1414 1411
f 1408 1415 1412
f 1415 1414 1412
f 1333 1332 1329
f 1328 1333 1329
f 1416 329 1413
f 907 1416 1413
f 906 1417 907
f 1417 1416 907
f 1414 1418 1398
f 1419 1408 1398
f 1418 1419 1398
f 1419 1420 1408
f 1420 1415 1408
f 1421 1418 1414
f 1415 1421 1414
f 1420 1421 1415
f 350 1422 1328
f 1423 1333 1328
f 1422 1423 1328
f 1423 929 1333
f 1424 1425 1426
f 1425 1427 1426
f 1427 1428 1426
f 1428 1429 1426
f 1429 1430 1426
f 1430 1424 1426
f 1431 1432 1429
f 1432 1433 1429
f 1433 1430 1429
f 1428 1431 1429
f 1434 1435 1424
f 1435 1425 1424
f 1436 1434 1424
f 1430 1436 1424
f 1433 1437 1430
f 1437 1436 1430
f 1438 1439 1440
f 1439 1441 1440
f 1441 1442 1440
f 1442 1443 1440
f 1443 1444 1440
f 1444 1438 1440
f 1445 1446 1443
f 1446 1447 1443
f 1447 1444 1443
f 1442 1445 1443
f 1448 1449 1438
f 1449 1439 1438
f 1450 1448 1438
f 1444 1450 1438
f 1447 1451 1444
f 1451 1450 1444
f 1427 1452 1428
f 1452 1431 1428
f 1452 1432 1431
f 1453 1435 1434
f 1436 1453 1434
f 1437 1453 1436
f 1441 1454 1442
f 1454 1445 1442
f 1454 1446 1445
f 1455 1449 1448
f 1450 1455 1448
f 1451 1455 1450
f 1427 1432 1452
f 1427 1433 1432
f 1437 1425 1435
f 1453 1437 1435
f 1441 1446 1454
f 1441 1447 1446
f 1451 1439 1449
f 1455 1451 1449
f 1456 329 1416
f 1417 1456 1416
f 906 1457 1417
f 1457 1456 1417
f 1458 1459 1418
f 1459 1460 1418
f 1421 1458 1418
f 1461 1419 1418
f 1460 1461 1418
f 1461 1462 1419
f 1462 1463 1419
f 1463 1420 1419
f 1420 1458 1421
f 1463 1458 1420
f 350 1464 1422
f 1465 1423 1422
f 1464 1465 1422
f 1465 929 1423
f 1425 1466 1427
f 1467 1433 1427
f 1466 1467 1427
f 1467 1468 1433
f 1468 1437 1433
f 1469 1466 1425
f 1437 1469 1425
f 1468 1469 1437
f 1439 1470 1441
f 1470 1471 1441
f 1472 1447 1441
f 1471 1472 1441
f 1473 1451 1447
f 1472 1473 1447
f 1451 1470 1439
f 1473 1470 1451
f 1474 329 1456
f 1457 1474 1456
f 906 1475 1457
f 1475 1474 1457
f 1459 1476 1460
f 1476 1477 1460
f 1478 1461 1460
f 1477 1478 1460
f 1478 1479 1461
f 1479 1462 1461
f 1463 1459 1458
f 1462 1459 1463
f 350 1480 1464
f 1481 1465 1464
f 1480 1481 1464
f 1481 929 1465
f 1469 1482 1466
f 1483 1467 1466
f 1482 1483 1466
f 1483 1468 1467
f 329 1482 1469
f 1484 329 1469
f 1468 1484 1469
f 1483 906 1468
f 906 1485 1468
f 1485 1484 1468
f 1470 1486 1471
f 1487 1472 1471
f 1486 1487 1471
f 1487 1473 1472
f 1488 329 1470
f 329 1486 1470
f 1473 1488 1470
f 906 1489 1473
f 1487 906 1473
f 1489 1488 1473
f 1490 329 1474
f 1475 1490 1474
f 906 1491 1475
f 1491 1490 1475
f 329 1492 1477
f 1476 329 1477
f 1493 1478 1477
f 1492 1493 1477
f 1493 906 1478
f 906 1479 1478
f 1462 1476 1459
f 1479 1476 1462
f 350 1494 1480
f 1495 1481 1480
f 1494 1495 1480
f 1495 929 1481
f 329 1490 1482
f 1491 1483 1482
f 1490 1491 1482
f 1491 906 1483
f 1492 329 1484
f 1485 1492 1484
f 906 1493 1485
f 1493 1492 1485
f 329 1476 1486
f 1479 1487 1486
f 1476 1479 1486
f 1479 906 1487
f 350 329 1488
f 1494 350 1488
f 1489 1494 1488
f 906 1495 1489
f 1495 1494 1489
f 906 929 1495
f 104 1496 1339
f 1496 1340 1339
f 1496 1497 1340
f 1497 1498 1340
f 1498 1499 1340
f 1499 1263 1340
f 104 1500 1496
f 1500 1497 1496
f 104 1501 1500
f 1501 1497 1500
f 1501 1502 1497
f 1502 1498 1497
f 104 1502 1501
f 104 1503 1502
f 1503 1498 1502
f 104 1504 1503
f 1504 1498 1503
f 1504 1499 1498
f 104 1505 1504
f 1505 1499 1504
f 104 1506 1505
f 1506 1499 1505
f 1506 1263 1499
f 1507 1508 1506
f 104 1507 1506
f 1508 1263 1506
f 842 1509 841
f 1509 843 841
f 1510 844 843
f 1509 1510 843
f 845 1511 842
f 1511 1512 842
f 1512 1509 842
f 846 1511 845
f 1513 847 844
f 1510 1513 844
f 1254 1514 846
f 1514 1511 846
f 1515 1514 1254
f 1257 1515 1254
f 1513 1516 847
f 1517 851 847
f 1516 1517 847
f 1518 1519 1515
f 1519 1514 1515
f 1257 1518 1515
f 1256 1518 1257
f 1520 1519 1518
f 1256 1520 1518
f 1259 1521 1256
f 1521 1520 1256
f 1521 1522 1520
f 1523 1519 1520
f 1522 1523 1520
f 1524 1521 1259
f 1262 1524 1259
f 1525 1522 1521
f 1524 1525 1521
f 1517 858 851
f 1526 868 858
f 1517 1526 858
f 1527 1524 1262
f 1263 1527 1262
f 1527 1525 1524
f 1528 867 868
f 1526 1528 868
f 1529 1530 1527
f 1531 1529 1527
f 1532 1525 1527
f 1533 1532 1527
f 1530 1533 1527
f 1534 1531 1527
f 1508 1534 1527
f 1263 1508 1527
f 1507 1534 1508
f 1512 1510 1509
f 1535 867 1528
f 1536 1537 1528
f 1537 1538 1528
f 1538 1535 1528
f 1539 1536 1528
f 1526 1539 1528
f 1517 1540 1526
f 1540 1539 1526
f 1523 1541 1519
f 1541 1514 1519
f 1516 1542 1517
f 1542 1540 1517
f 1541 1543 1514
f 1543 1511 1514
f 1513 1544 1516
f 1544 1542 1516
f 1510 1545 1513
f 1545 1544 1513
f 1543 1546 1511
f 1546 1512 1511
f 1512 1545 1510
f 1546 1545 1512
f 1532 1547 1525
f 1547 1522 1525
f 1548 1537 1536
f 1539 1548 1536
f 1547 1549 1522
f 1550 1523 1522
f 1549 1550 1522
f 1543 1551 1546
f 1551 1545 1546
f 1540 1552 1539
f 1552 1548 1539
f 1550 1553 1523
f 1553 1541 1523
f 1532 1549 1547
f 1542 1554 1540
f 1554 1552 1540
f 1553 1555 1541
f 1555 1543 1541
f 1544 1554 1542
f 1556 1554 1544
f 1557 1556 1544
f 1545 1558 1544
f 1558 1557 1544
f 1543 1559 1551
f 1558 1545 1551
f 1559 1558 1551
f 1560 1559 1543
f 1555 1560 1543
f 867 1561 869
f 1561 687 869
f 1562 688 687
f 1561 1562 687
f 1563 689 688
f 1562 1563 688
f 1564 691 689
f 1563 1565 689
f 1566 1564 689
f 1565 1566 689
f 1567 690 691
f 1564 1567 691
f 1568 692 690
f 1567 1568 690
f 1569 871 692
f 1568 1569 692
f 1570 870 871
f 1569 1571 871
f 1571 1570 871
f 870 1572 872
f 1572 694 872
f 1573 695 694
f 1572 1573 694
f 1574 696 695
f 1573 1574 695
f 1575 697 696
f 1574 1576 696
f 1577 1575 696
f 1576 1577 696
f 1575 1578 697
f 1578 698 697
f 1579 699 698
f 1578 1579 698
f 1580 874 699
f 1579 1580 699
f 1581 873 874
f 1580 1582 874
f 1582 1581 874
f 873 1583 875
f 1583 701 875
f 1584 702 701
f 1583 1584 701
f 1585 703 702
f 1584 1585 702
f 1586 704 703
f 1585 1587 703
f 1588 1586 703
f 1587 1588 703
f 1586 1589 704
f 1589 705 704
f 1590 706 705
f 1589 1590 705
f 1591 877 706
f 1590 1591 706
f 1592 876 877
f 1591 1593 877
f 1593 1592 877
f 876 1594 878
f 1594 708 878
f 1595 709 708
f 1594 1595 708
f 1595 710 709
f 1595 711 710
f 1596 712 711
f 1595 1596 711
f 1596 713 712
f 1597 714 713
f 1598 1597 713
f 1599 1598 713
f 1596 1599 713
f 1597 1600 714
f 1601 1602 714
f 1600 1601 714
f 1603 715 714
f 1602 1603 714
f 1603 716 715
f 1603 717 716
f 1604 718 717
f 1603 1604 717
f 1604 720 718
f 1605 880 720
f 1604 1605 720
f 1605 879 880
f 879 1606 881
f 1606 721 881
f 1607 722 721
f 1606 1607 721
f 1608 723 722
f 1607 1608 722
f 1609 724 723
f 1608 1610 723
f 1611 1609 723
f 1610 1611 723
f 1609 1612 724
f 1612 725 724
f 1613 726 725
f 1612 1613 725
f 1614 883 726
f 1613 1614 726
f 1615 882 883
f 1614 1616 883
f 1616 1615 883
f 882 1617 884
f 1617 728 884
f 1618 729 728
f 1617 1618 728
f 1618 730 729
f 1618 731 730
f 1619 732 731
f 1618 1619 731
f 1619 733 732
f 1620 734 733
f 1621 1620 733
f 1622 1621 733
f 1619 1622 733
f 1620 1623 734
f 1624 1625 734
f 1623 1624 734
f 1626 735 734
f 1625 1626 734
f 1626 736 735
f 1626 737 736
f 1627 738 737
f 1626 1627 737
f 1627 740 738
f 1628 885 740
f 1627 1628 740
f 1628 1629 885
f 1629 886 885
f 1629 742 886
f 1630 743 742
f 1629 1630 742
f 1630 744 743
f 1630 745 744
f 1631 746 745
f 1630 1631 745
f 1631 747 746
f 1632 749 747
f 1633 1632 747
f 1634 1633 747
f 1631 1634 747
f 1635 1636 749
f 1637 1635 749
f 1638 748 749
f 1636 1638 749
f 1632 1637 749
f 1638 750 748
f 1638 751 750
f 1639 752 751
f 1638 1639 751
f 1639 754 752
f 1640 888 754
f 1639 1640 754
f 1640 887 888
f 887 1641 889
f 1641 755 889
f 1642 756 755
f 1641 1642 755
f 1642 757 756
f 1642 758 757
f 1643 759 758
f 1642 1643 758
f 1643 760 759
f 1644 761 760
f 1645 1644 760
f 1646 1645 760
f 1643 1646 760
f 1647 1648 761
f 1649 1647 761
f 1650 762 761
f 1648 1650 761
f 1644 1649 761
f 1650 763 762
f 1650 764 763
f 1651 765 764
f 1650 1651 764
f 1651 767 765
f 1652 891 767
f 1651 1652 767
f 1652 890 891
f 890 1653 892
f 1653 768 892
f 1654 769 768
f 1653 1654 768
f 1655 770 769
f 1654 1655 769
f 1656 771 770
f 1655 1657 770
f 1658 1656 770
f 1657 1658 770
f 1656 1659 771
f 1659 772 771
f 1660 773 772
f 1659 1660 772
f 1661 894 773
f 1660 1661 773
f 1662 893 894
f 1661 1663 894
f 1663 1662 894
f 893 1664 895
f 1664 775 895
f 1665 776 775
f 1664 1665 775
f 1665 777 776
f 1665 778 777
f 1666 779 778
f 1665 1666 778
f 1666 780 779
f 1667 781 780
f 1668 1667 780
f 1669 1668 780
f 1666 1669 780
f 1667 1670 781
f 1671 1672 781
f 1670 1671 781
f 1673 782 781
f 1672 1673 781
f 1673 783 782
f 1673 784 783
f 1674 785 784
f 1673 1674 784
f 1674 787 785
f 1675 897 787
f 1674 1675 787
f 1675 896 897
f 896 1676 898
f 1676 788 898
f 1677 789 788
f 1676 1677 788
f 1677 790 789
f 1677 791 790
f 1678 792 791
f 1677 1678 791
f 1678 793 792
f 1679 794 793
f 1680 1679 793
f 1681 1680 793
f 1678 1681 793
f 1679 1682 794
f 1683 1684 794
f 1682 1683 794
f 1685 795 794
f 1684 1685 794
f 1685 796 795
f 1685 797 796
f 1686 798 797
f 1685 1686 797
f 1686 800 798
f 1687 900 800
f 1686 1687 800
f 1687 899 900
f 899 1688 901
f 1688 801 901
f 1689 802 801
f 1688 1689 801
f 1690 803 802
f 1689 1690 802
f 1691 804 803
f 1690 1692 803
f 1693 1691 803
f 1692 1693 803
f 1691 1694 804
f 1694 805 804
f 1695 806 805
f 1694 1695 805
f 1696 903 806
f 1695 1696 806
f 1697 902 903
f 1696 1698 903
f 1698 1697 903
f 902 1699 904
f 1699 808 904
f 1700 809 808
f 1699 1700 808
f 1701 810 809
f 1700 1701 809
f 1702 811 810
f 1701 1703 810
f 1704 1702 810
f 1703 1704 810
f 1702 1705 811
f 1705 812 811
f 1706 813 812
f 1705 1706 812
f 1707 905 813
f 1706 1707 813
f 1708 906 905
f 1707 1709 905
f 1709 1708 905
f 1560 1558 1559
f 1556 1552 1554
f 1710 1538 1537
f 1548 1710 1537
f 1711 1565 1563
f 1562 1711 1563
f 1712 1576 1574
f 1573 1712 1574
f 1713 1587 1585
f 1584 1713 1585
f 1595 1714 1596
f 1714 1599 1596
f 1602 1604 1603
f 1715 1610 1608
f 1607 1715 1608
f 1618 1716 1619
f 1716 1622 1619
f 1625 1627 1626
f 1630 1717 1631
f 1717 1634 1631
f 1636 1639 1638
f 1642 1718 1643
f 1718 1646 1643
f 1648 1651 1650
f 1719 1657 1655
f 1654 1719 1655
f 1665 1720 1666
f 1720 1669 1666
f 1672 1674 1673
f 1677 1721 1678
f 1721 1681 1678
f 1684 1686 1685
f 1722 1692 1690
f 1689 1722 1690
f 1723 1703 1701
f 1700 1723 1701
f 1724 1571 1569
f 1568 1724 1569
f 1725 1582 1580
f 1579 1725 1580
f 1726 1593 1591
f 1590 1726 1591
f 1727 1616 1614
f 1613 1727 1614
f 1728 1663 1661
f 1660 1728 1661
f 1729 1698 1696
f 1695 1729 1696
f 1730 1709 1707
f 1706 1730 1707
f 1731 1711 1562
f 1561 1731 1562
f 1732 1712 1573
f 1572 1732 1573
f 1733 1713 1584
f 1583 1733 1584
f 1734 1714 1595
f 1594 1734 1595
f 1602 1735 1604
f 1735 1605 1604
f 1736 1715 1607
f 1606 1736 1607
f 1737 1716 1618
f 1617 1737 1618
f 1625 1738 1627
f 1738 1628 1627
f 1739 1717 1630
f 1629 1739 1630
f 1636 1740 1639
f 1740 1640 1639
f 1741 1718 1642
f 1641 1741 1642
f 1648 1742 1651
f 1742 1652 1651
f 1743 1719 1654
f 1653 1743 1654
f 1744 1720 1665
f 1664 1744 1665
f 1672 1745 1674
f 1745 1675 1674
f 1746 1721 1677
f 1676 1746 1677
f 1684 1747 1686
f 1747 1687 1686
f 1748 1722 1689
f 1688 1748 1689
f 1749 1723 1700
f 1699 1749 1700
f 1711 1750 1565
f 1750 1566 1565
f 1712 1751 1576
f 1751 1577 1576
f 1713 1752 1587
f 1752 1588 1587
f 1714 1753 1599
f 1753 1598 1599
f 1601 1735 1602
f 1715 1754 1610
f 1754 1611 1610
f 1716 1755 1622
f 1755 1621 1622
f 1624 1738 1625
f 1717 1756 1634
f 1756 1633 1634
f 1635 1740 1636
f 1718 1757 1646
f 1757 1645 1646
f 1647 1742 1648
f 1719 1758 1657
f 1758 1658 1657
f 1720 1759 1669
f 1759 1668 1669
f 1671 1745 1672
f 1721 1760 1681
f 1760 1680 1681
f 1683 1747 1684
f 1722 1761 1692
f 1761 1693 1692
f 1723 1762 1703
f 1762 1704 1703
f 867 1763 1561
f 1763 1731 1561
f 870 1732 1572
f 873 1733 1583
f 876 1734 1594
f 1764 879 1605
f 1735 1764 1605
f 879 1736 1606
f 882 1737 1617
f 887 1765 1628
f 1766 887 1628
f 1765 1739 1628
f 1739 1629 1628
f 1738 1766 1628
f 1767 887 1640
f 1740 1767 1640
f 887 1741 1641
f 1768 890 1652
f 1742 1768 1652
f 890 1743 1653
f 893 1744 1664
f 1769 896 1675
f 1745 1769 1675
f 896 1746 1676
f 1770 899 1687
f 1747 1770 1687
f 899 1748 1688
f 902 1749 1699
f 1552 1771 1548
f 1771 1710 1548
f 1772 1724 1568
f 1567 1772 1568
f 1724 1773 1571
f 1773 1570 1571
f 1774 1725 1579
f 1578 1774 1579
f 1725 1775 1582
f 1775 1581 1582
f 1776 1726 1590
f 1589 1776 1590
f 1726 1777 1593
f 1777 1592 1593
f 1778 1727 1613
f 1612 1778 1613
f 1727 1779 1616
f 1779 1615 1616
f 1780 1728 1660
f 1659 1780 1660
f 1728 1781 1663
f 1781 1662 1663
f 1782 1729 1695
f 1694 1782 1695
f 1729 1783 1698
f 1783 1697 1698
f 1784 1730 1706
f 1705 1784 1706
f 1730 1785 1709
f 1785 1708 1709
f 1533 1549 1532
f 1786 1564 1566
f 1750 1786 1566
f 1787 1575 1577
f 1751 1787 1577
f 1788 1586 1588
f 1752 1788 1588
f 1753 1789 1598
f 1789 1597 1598
f 1790 1735 1601
f 1600 1790 1601
f 1791 1609 1611
f 1754 1791 1611
f 1755 1792 1621
f 1792 1620 1621
f 1793 1738 1624
f 1623 1793 1624
f 1756 1794 1633
f 1794 1632 1633
f 1795 1740 1635
f 1637 1795 1635
f 1757 1796 1645
f 1796 1644 1645
f 1797 1742 1647
f 1649 1797 1647
f 1798 1656 1658
f 1758 1798 1658
f 1759 1799 1668
f 1799 1667 1668
f 1800 1745 1671
f 1670 1800 1671
f 1760 1801 1680
f 1801 1679 1680
f 1802 1747 1683
f 1682 1802 1683
f 1803 1691 1693
f 1761 1803 1693
f 1804 1702 1704
f 1762 1804 1704
f 1786 1567 1564
f 1786 1772 1567
f 1773 870 1570
f 1787 1578 1575
f 1787 1774 1578
f 1775 873 1581
f 1788 1589 1586
f 1788 1776 1589
f 1777 876 1592
f 1789 1600 1597
f 1789 1805 1600
f 1805 1790 1600
f 1791 1612 1609
f 1791 1778 1612
f 1779 882 1615
f 1792 1623 1620
f 1792 1806 1623
f 1806 1793 1623
f 1794 1637 1632
f 1807 1795 1637
f 1794 1807 1637
f 1796 1649 1644
f 1808 1797 1649
f 1796 1808 1649
f 1798 1659 1656
f 1798 1780 1659
f 1781 893 1662
f 1799 1670 1667
f 1799 1809 1670
f 1809 1800 1670
f 1801 1682 1679
f 1801 1810 1682
f 1810 1802 1682
f 1803 1694 1691
f 1803 1782 1694
f 1783 902 1697
f 1804 1705 1702
f 1804 1784 1705
f 1785 906 1708
f 1549 1811 1550
f 1811 1812 1550
f 1812 1553 1550
f 1556 1771 1552
f 1813 1750 1711
f 1731 1813 1711
f 1814 1751 1712
f 1732 1814 1712
f 1815 1752 1713
f 1733 1815 1713
f 1816 1753 1714
f 1734 1816 1714
f 1790 1764 1735
f 1817 1754 1715
f 1736 1817 1715
f 1818 1755 1716
f 1737 1818 1716
f 1793 1766 1738
f 1765 1756 1717
f 1739 1765 1717
f 1795 1767 1740
f 1819 1757 1718
f 1741 1819 1718
f 1797 1768 1742
f 1820 1758 1719
f 1743 1820 1719
f 1821 1759 1720
f 1744 1821 1720
f 1800 1769 1745
f 1822 1760 1721
f 1746 1822 1721
f 1802 1770 1747
f 1823 1761 1722
f 1748 1823 1722
f 1824 1762 1723
f 1749 1824 1723
f 1763 1825 1731
f 1825 1813 1731
f 870 1814 1732
f 873 1815 1733
f 876 1816 1734
f 1826 879 1764
f 1790 1826 1764
f 879 1817 1736
f 882 1818 1737
f 1827 887 1766
f 1793 1827 1766
f 1828 887 1767
f 1795 1828 1767
f 887 1819 1741
f 1829 890 1768
f 1797 1829 1768
f 890 1820 1743
f 893 1821 1744
f 1830 896 1769
f 1800 1830 1769
f 896 1822 1746
f 1831 899 1770
f 1802 1831 1770
f 899 1823 1748
f 902 1824 1749
f 1555 1832 1560
f 1832 1558 1560
f 1833 1773 1724
f 1772 1833 1724
f 1834 1775 1725
f 1774 1834 1725
f 1835 1777 1726
f 1776 1835 1726
f 1836 1779 1727
f 1778 1836 1727
f 1837 1781 1728
f 1780 1837 1728
f 1838 1783 1729
f 1782 1838 1729
f 1839 1785 1730
f 1784 1839 1730
f 1812 1840 1553
f 1840 1555 1553
f 1813 1841 1750
f 1841 1786 1750
f 1814 1842 1751
f 1842 1787 1751
f 1815 1843 1752
f 1843 1788 1752
f 1844 1789 1753
f 1816 1844 1753
f 1805 1826 1790
f 1817 1845 1754
f 1845 1791 1754
f 1846 1792 1755
f 1818 1846 1755
f 1806 1827 1793
f 1847 1794 1756
f 1765 1847 1756
f 1807 1828 1795
f 1848 1796 1757
f 1819 1848 1757
f 1808 1829 1797
f 1820 1849 1758
f 1849 1798 1758
f 1850 1799 1759
f 1821 1850 1759
f 1809 1830 1800
f 1851 1801 1760
f 1822 1851 1760
f 1810 1831 1802
f 1823 1852 1761
f 1852 1803 1761
f 1824 1853 1762
f 1853 1804 1762
f 1710 1854 1538
f 1854 1535 1538
f 1841 1772 1786
f 1841 1833 1772
f 1833 870 1773
f 1842 1774 1787
f 1842 1834 1774
f 1834 873 1775
f 1843 1776 1788
f 1843 1835 1776
f 1835 876 1777
f 1844 1805 1789
f 1844 1855 1805
f 1855 1826 1805
f 1845 1778 1791
f 1845 1836 1778
f 1836 882 1779
f 1846 1806 1792
f 1846 1856 1806
f 1856 1827 1806
f 1847 1807 1794
f 1857 1828 1807
f 1847 1857 1807
f 1848 1808 1796
f 1858 1829 1808
f 1848 1858 1808
f 1849 1780 1798
f 1849 1837 1780
f 1837 893 1781
f 1850 1809 1799
f 1850 1859 1809
f 1859 1830 1809
f 1851 1810 1801
f 1851 1860 1810
f 1860 1831 1810
f 1852 1782 1803
f 1852 1838 1782
f 1838 902 1783
f 1853 1784 1804
f 1853 1839 1784
f 1839 906 1785
f 1825 1861 1813
f 1861 1841 1813
f 870 1842 1814
f 873 1843 1815
f 876 1844 1816
f 1855 879 1826
f 879 1845 1817
f 882 1846 1818
f 1856 887 1827
f 887 1847 1765
f 1857 887 1828
f 887 1848 1819
f 1858 890 1829
f 890 1849 1820
f 893 1850 1821
f 1859 896 1830
f 896 1851 1822
f 1860 899 1831
f 899 1852 1823
f 902 1853 1824
f 1862 1863 1549
f 1533 1862 1549
f 1863 1811 1549
f 1840 1832 1555
f 1840 1864 1832
f 1865 1558 1832
f 1864 1865 1832
f 1557 1866 1556
f 1866 1867 1556
f 1867 1771 1556
f 1861 1833 1841
f 1861 870 1833
f 870 1834 1842
f 870 873 1834
f 873 1835 1843
f 873 876 1835
f 876 1855 1844
f 876 879 1855
f 879 1836 1845
f 879 882 1836
f 882 1856 1846
f 882 887 1856
f 887 1857 1847
f 887 1858 1848
f 887 890 1858
f 890 1837 1849
f 890 893 1837
f 893 1859 1850
f 893 896 1859
f 896 1860 1851
f 896 899 1860
f 899 1838 1852
f 899 902 1838
f 902 1839 1853
f 902 906 1839
f 1771 1868 1710
f 1868 1854 1710
f 1558 1865 1557
f 1865 1866 1557
f 1530 1862 1533
f 1867 1868 1771
f 1863 1869 1811
f 1869 1812 1811
f 1854 867 1535
f 1854 1763 867
f 1869 1870 1812
f 1870 1840 1812
f 1868 1871 1854
f 1871 1872 1854
f 1872 1763 1854
f 1872 1873 1763
f 1873 1825 1763
f 1530 1874 1862
f 1875 1863 1862
f 1874 1875 1862
f 1529 1876 1530
f 1876 1874 1530
f 1870 1877 1840
f 1877 1878 1840
f 1878 1864 1840
f 1878 1865 1864
f 1879 1874 1876
f 1529 1879 1876
f 1867 1880 1868
f 1880 1871 1868
f 1531 1879 1529
f 1534 1879 1531
f 350 149 329
f 355 1881 350
f 1881 149 350
f 356 1882 355
f 1882 1881 355
f 357 1883 356
f 1883 1884 356
f 1884 1882 356
f 364 1883 357
f 177 1883 364
f 1885 1861 1825
f 1873 1885 1825
f 1866 1886 1867
f 1886 1880 1867
f 1887 870 1861
f 1888 1887 1861
f 1885 1888 1861
f 1887 873 870
f 1887 876 873
f 1887 879 876
f 1887 882 879
f 1887 887 882
f 1887 890 887
f 1887 893 890
f 1887 896 893
f 1887 899 896
f 1887 902 899
f 1887 906 902
f 1887 929 906
f 1887 1889 929
f 1889 195 929
f 1889 189 195
f 1871 1890 1872
f 1890 1873 1872
f 1888 1889 1887
f 1889 1891 189
f 1891 175 189
f 1891 176 175
f 1888 1892 1889
f 1892 1891 1889
f 1865 1893 1866
f 1893 1886 1866
f 1893 1865 1878
f 1877 1893 1878
f 1875 1894 1863
f 1894 1869 1863
f 1895 176 1891
f 1892 1896 1891
f 1896 1895 1891
f 1895 174 176
f 1895 173 174
f 129 1883 177
f 1895 1897 173
f 1897 172 173
f 1890 1898 1873
f 1898 1885 1873
f 1899 1890 1871
f 1900 1899 1871
f 1880 1900 1871
f 1901 171 172
f 1897 1902 172
f 1902 1901 172
f 1903 1888 1885
f 1903 1892 1888
f 1904 1903 1885
f 1898 1904 1885
f 1879 1905 1874
f 1906 1875 1874
f 1905 1906 1874
f 1907 1892 1903
f 1904 1907 1903
f 1908 1896 1892
f 1907 1908 1892
f 1507 1905 1534
f 1905 1879 1534
f 1881 139 149
f 1909 1910 1895
f 1910 1897 1895
f 1896 1911 1895
f 1911 1909 1895
f 1912 1911 1896
f 1908 1912 1896
f 1894 1913 1869
f 1913 1870 1869
f 1882 1914 1881
f 1914 139 1881
f 1915 129 171
f 1901 1915 171
f 129 1915 1883
f 1915 1916 1883
f 1916 1917 1883
f 1917 1918 1883
f 1918 1919 1883
f 1919 1884 1883
f 104 1920 1507
f 1920 1905 1507
f 1914 104 139
f 1920 1906 1905
f 1921 1898 1890
f 1899 1921 1890
f 1906 1922 1875
f 1922 1894 1875
f 1901 1916 1915
f 1923 1904 1898
f 1921 1923 1898
f 1923 1924 1904
f 1924 1925 1904
f 1925 1926 1904
f 1926 1907 1904
f 1870 1927 1877
f 1928 1893 1877
f 1927 1928 1877
f 1886 1900 1880
f 1926 1912 1907
f 1912 1908 1907
f 1929 1916 1901
f 1902 1929 1901
f 1913 1930 1870
f 1930 1927 1870
f 1912 1931 1911
f 1931 1909 1911
f 1930 1928 1927
f 1897 1929 1902
f 1893 1928 1886
f 1928 1932 1886
f 1932 1900 1886
f 1882 1933 1914
f 1934 104 1914
f 1933 1934 1914
f 1884 1935 1882
f 1935 1933 1882
f 1919 1936 1884
f 1936 1937 1884
f 1937 1935 1884
f 1918 1938 1919
f 1938 1936 1919
f 1920 1939 1906
f 1939 1922 1906
f 1910 1929 1897
f 1926 1931 1912
f 1926 1940 1931
f 1940 1909 1931
f 1934 1939 104
f 1939 1920 104
f 1922 1941 1894
f 1941 1913 1894
f 1909 1942 1910
f 1942 1929 1910
f 1926 1942 1909
f 1940 1926 1909
f 1932 1899 1900
f 1929 1917 1916
f 1929 1918 1917
f 1925 1943 1926
f 1943 1942 1926
f 1932 1944 1899
f 1944 1921 1899
f 1929 1938 1918
f 1935 1945 1933
f 1946 1934 1933
f 1945 1946 1933
f 1947 1948 1936
f 1938 1949 1936
f 1949 1947 1936
f 1948 1937 1936
f 1950 1951 1913
f 1951 1930 1913
f 1952 1950 1913
f 1941 1952 1913
f 1946 1953 1934
f 1953 1939 1934
f 1929 1949 1938
f 1953 1922 1939
f 1951 1928 1930
f 1954 1949 1929
f 1942 1954 1929
f 1943 1955 1942
f 1955 1954 1942
f 1953 1956 1922
f 1956 1941 1922
f 1950 1928 1951
f 1957 1956 1946
f 1956 1953 1946
f 1945 1957 1946
f 1928 1958 1932
f 1958 1944 1932
f 1925 1955 1943
f 1952 1928 1950
f 1944 1959 1921
f 1959 1923 1921
f 1952 1958 1928
f 1924 1960 1925
f 1960 1961 1925
f 1961 1955 1925
f 1924 1962 1960
f 1962 1961 1960
f 1962 1924 1923
f 1959 1962 1923
f 1954 1947 1949
f 1956 1963 1941
f 1964 1952 1941
f 1963 1964 1941
f 1965 1954 1955
f 1961 1965 1955
f 1935 1966 1945
f 1966 1957 1945
f 1967 1966 1935
f 1937 1967 1935
f 1948 1968 1937
f 1968 1967 1937
f 1947 1969 1948
f 1969 1968 1948
f 1969 1947 1954
f 1970 1969 1954
f 1965 1970 1954
f 1964 1958 1952
f 1971 1957 1966
f 1967 1971 1966
f 1972 1967 1968
f 1969 1970 1968
f 1970 1972 1968
f 1958 1973 1944
f 1973 1959 1944
f 1963 1974 1964
f 1974 1973 1964
f 1973 1958 1964
f 1975 1965 1961
f 1962 1975 1961
f 1971 1963 1957
f 1963 1956 1957
f 1976 1974 1971
f 1974 1963 1971
f 1967 1976 1971
f 1965 1972 1970
f 1959 1975 1962
f 1973 1977 1959
f 1978 1975 1959
f 1977 1978 1959
f 1978 1965 1975
f 1978 1972 1965
f 1977 1972 1978
f 1977 1967 1972
f 1977 1973 1974
f 1976 1977 1974
f 1967 1977 1976
f 1979 1980 1981
f 1982 1979 1981
f 1983 1982 1981
f 1983 1984 1982
f 1985 1984 1983
f 1985 1986 1984
f 1987 1988 1980
f 1979 1987 1980
f 1989 1986 1985
f 1989 1990 1986
f 1991 1992 1988
f 1987 1991 1988
f 1993 1990 1989
f 1993 1994 1990
f 1995 1996 1992
f 1991 1995 1992
f 1997 1994 1993
f 1997 1998 1994
f 1999 2000 1996
f 1995 1999 1996
f 2001 1998 1997
f 2001 2002 1998
f 2003 2004 2000
f 1999 2003 2000
f 2005 2002 2001
f 2005 2006 2002
f 2007 2008 2004
f 2003 2007 2004
f 2009 2006 2005
f 2009 2010 2006
f 2011 2012 2008
f 2007 2011 2008
f 2013 2010 2009
f 2013 2014 2010
f 2015 2016 2012
f 2011 2015 2012
f 2017 2014 2013
f 2017 2018 2014
f 2019 2020 2016
f 2015 2019 2016
f 2021 2018 2017
f 2021 2022 2018
f 2023 2024 2020
f 2019 2023 2020
f 2025 2022 2021
f 2025 2026 2022
f 2027 2028 2024
f 2023 2027 2024
f 2029 2026 2025
f 2029 2030 2026
f 2031 2032 2028
f 2027 2031 2028
f 2033 2030 2029
f 2033 2034 2030
f 2035 2036 2032
f 2031 2035 2032
f 2037 2034 2033
f 2037 2038 2034
f 2039 2040 2036
f 2035 2039 2036
f 2041 2038 2037
f 2041 2042 2038
f 2043 2044 2040
f 2039 2043 2040
f 2045 2042 2041
f 2045 2046 2042
f 2047 2048 2044
f 2043 2047 2044
f 2049 2046 2045
f 2049 2050 2046
f 2051 2052 2048
f 2047 2051 2048
f 2053 2050 2049
f 2053 2054 2050
f 2055 2056 2052
f 2051 2055 2052
f 2057 2054 2053
f 2057 2058 2054
f 2059 2060 2056
f 2055 2059 2056
f 2061 2058 2057
f 2061 2062 2058
f 2063 2064 2060
f 2059 2063 2060
f 2064 2062 2061
f 2064 2063 2062

