# https://github.com/mikedh/trimesh
v 7.75000000 29.50000000 6.00000000
v -2.75000000 29.50000000 6.00000000
v 7.82612038 29.57612038 5.61731625
v -2.82612062 29.57612038 5.61731625
v -3.04289317 29.79289246 5.29289293
v 8.04289341 29.79289246 5.29289293
v -3.75000000 30.50000000 5.00000000
v 8.75000000 30.50000000 5.00000000
v -3.75000000 23.00000000 5.00000000
v -3.04289317 23.70710564 5.29289293
v -2.82612062 23.92387772 5.61731625
v -2.75000000 24.00000000 6.00000000
v 8.75000000 23.00000000 5.00000000
v 8.04289341 23.70710564 5.29289293
v 7.82612038 23.92387772 5.61731625
v 7.75000000 24.00000000 6.00000000
v -2.75000000 24.00000000 8.00000000
v -2.75000000 29.50000000 8.00000000
v 7.75000000 29.50000000 8.00000000
v -15.34840775 21.00000000 5.00000000
v -14.00000000 21.00000000 5.00000000
v -20.52484322 16.33911705 5.00000000
v -11.12314796 4.50284195 5.00000000
v -16.67621040 4.50284195 5.00000000
v -14.00000000 35.58578873 5.00000000
v -4.26890898 11.21500874 5.00000000
v -1.45912302 11.91095924 5.00000000
v 1.43556786 11.91382217 5.00000000
v 4.24672413 11.22342873 5.00000000
v 6.81076717 9.87995243 5.00000000
v 19.00000000 20.92820358 5.00000000
v 8.97849655 7.96156979 5.00000000
v 27.00000000 14.00000000 5.00000000
v 10.62377548 5.57991028 5.00000000
v 11.65086555 2.87356019 5.00000000
v 12.00000000 0.00000000 5.00000000
v 27.00000000 -14.00000000 5.00000000
v 11.65086555 -2.87356019 5.00000000
v 10.62377548 -5.57991028 5.00000000
v 8.97849655 -7.96156979 5.00000000
v 20.00000000 -21.00000000 5.00000000
v 6.81076717 -9.87995243 5.00000000
v 4.24672413 -11.22342873 5.00000000
v 1.43556786 -11.91382217 5.00000000
v -15.34840775 -21.00000000 5.00000000
v -1.45912302 -11.91095924 5.00000000
v -4.26890898 -11.21500874 5.00000000
v -20.52484322 -16.33911705 5.00000000
v -11.12314796 -4.50284195 5.00000000
v -16.67621040 -4.50284195 5.00000000
v -22.43105888 -14.91567707 5.00000000
v -24.56475830 -13.86345387 5.00000000
v 19.00000000 35.58578873 5.00000000
v 20.99304008 20.92920303 5.00000000
v 22.90557861 20.36848450 5.00000000
v 24.58257675 19.29150200 5.00000000
v 25.88808250 17.78556061 5.00000000
v 26.71627045 15.97274017 5.00000000
v 26.65739441 -16.16311836 5.00000000
v 25.66311836 -18.11449623 5.00000000
v 24.11449623 -19.66312027 5.00000000
v 22.16312027 -20.65739632 5.00000000
v -26.85447884 -13.21768665 5.00000000
v -29.22353935 -13.00000000 5.00000000
v -29.22353935 13.00000000 5.00000000
v -26.85447884 13.21768665 5.00000000
v -32.20000076 -13.00000000 5.00000000
v -32.20000076 13.00000000 5.00000000
v -24.56475830 13.86345387 5.00000000
v -22.43105888 14.91567707 5.00000000
v -3.75000000 30.50000000 9.00000000
v -3.04289317 29.79289246 8.70710659
v 8.75000000 30.50000000 9.00000000
v 8.04289341 29.79289246 8.70710659
v -2.82612062 29.57612038 8.38268375
v 7.82612038 29.57612038 8.38268375
v -3.75000000 24.00000000 9.00000000
v -3.25000000 24.00000000 8.86602497
v -2.88397455 24.00000000 8.50000000
v 7.75000000 24.00000000 8.00000000
v 7.88397408 24.00000000 8.50000000
v 8.25000000 24.00000000 8.86602497
v 8.75000000 24.00000000 9.00000000
v -14.00000000 24.00000000 9.00000000
v -14.00000000 35.58578873 9.00000000
v 19.00000000 35.58578873 9.00000000
v 19.00000000 23.82842827 9.00000000
v 17.00000000 24.00000000 9.00000000
v 17.00000000 23.82842827 9.00000000
v -5.00000000 68.09414673 -4.94689322
v -5.00000000 69.78462219 -8.57212448
v -5.13397455 68.54730225 -4.73558378
v -5.13397455 70.23777771 -8.36081505
v -5.50000000 68.87903595 -4.58089495
v -5.50000000 70.56951141 -8.20612621
v -6.00000000 69.00045776 -4.52427483
v -6.00000000 70.69093323 -8.14950562
v -5.00000000 64.92207336 -6.42605734
v -5.00000000 66.61254883 -10.05128860
v -11.00000000 69.00045776 -4.52427483
v -10.50000000 60.41011810 -8.53001690
v -11.17364788 60.51776886 -8.47981739
v -11.76604366 60.20779419 -8.62436199
v -14.00000000 56.35259628 -10.42207146
v -12.00000000 59.62522888 -8.89601517
v -11.76604366 59.04266739 -9.16766930
v -11.17364788 58.73268890 -9.31221294
v -10.50000000 58.84034729 -9.26201344
v 19.00000000 56.35259628 -10.42207146
v 15.23395538 59.04266739 -9.16766930
v 15.82635117 58.73268890 -9.31221294
v 16.50000000 58.84034729 -9.26201344
v 16.93969345 59.31525803 -9.04055977
v 16.93969345 59.93520737 -8.75147057
v 16.00000000 69.00045776 -4.52427483
v 16.50000000 60.41011810 -8.53001690
v 15.82635117 60.51776886 -8.47981739
v 10.00000000 64.92207336 -6.42605734
v 15.23395538 60.20779419 -8.62436199
v 15.00000000 59.62522888 -8.89601517
v -10.06030655 59.31525803 -9.04055977
v -10.06030655 59.93520737 -8.75147057
v -14.00000000 86.81446075 3.78253245
v -11.00000000 74.43830872 -1.98856533
v -11.76604366 83.51296997 2.24302387
v -11.17364788 83.20300293 2.09847999
v -10.50000000 83.31065369 2.14867973
v -5.00000000 78.51668549 -0.08678322
v -10.06030655 83.78556061 2.37013388
v -10.06030655 84.40551758 2.65922189
v 15.23395538 84.67810822 2.78633142
v -10.50000000 84.88043213 2.88067579
v 15.82635117 84.98808289 2.93087530
v 19.00000000 86.81446075 3.78253245
v 16.50000000 84.88043213 2.88067579
v 16.93969345 84.40551758 2.65922189
v -6.00000000 74.43830872 -1.98856533
v -5.00000000 75.34461212 -1.56594706
v -5.50000000 74.55972290 -1.93194520
v -5.13397455 74.89145660 -1.77725625
v 10.00000000 78.51668549 -0.08678322
v 15.00000000 84.09554291 2.51467752
v 15.23395538 83.51296997 2.24302387
v 15.82635117 83.20300293 2.09847999
v 16.00000000 74.43830872 -1.98856533
v 16.50000000 83.31065369 2.14867973
v 16.93969345 83.78556061 2.37013388
v 11.00000000 74.43830872 -1.98856533
v 10.00000000 75.34461212 -1.56594706
v 10.50000000 74.55972290 -1.93194520
v 10.13397408 74.89145660 -1.77725625
v 11.00000000 69.00045776 -4.52427483
v 10.00000000 68.09414673 -4.94689322
v 10.50000000 68.87903595 -4.58089495
v 10.13397408 68.54730225 -4.73558378
v -12.00000000 84.09554291 2.51467752
v -11.76604366 84.67810822 2.78633142
v -11.17364788 84.98808289 2.93087530
v -6.00000000 76.12877655 -5.61379671
v -5.50000000 76.25019836 -5.55717659
v -5.13397455 76.58193207 -5.40248775
v -5.00000000 77.03507996 -5.19117832
v -11.00000000 76.12877655 -5.61379671
v 11.00000000 70.69093323 -8.14950562
v 10.50000000 70.56951141 -8.20612621
v 10.13397408 70.23777771 -8.36081505
v 10.00000000 69.78462219 -8.57212448
v 16.00000000 70.69093323 -8.14950562
v 10.00000000 77.03507996 -5.19117832
v 10.13397408 76.58193207 -5.40248775
v 10.50000000 76.25019836 -5.55717659
v 11.00000000 76.12877655 -5.61379671
v 10.00000000 80.20716858 -3.71201420
v 16.00000000 23.23606682 10.00000000
v 16.05829239 23.49642181 9.66364288
v 16.00000000 24.00000000 10.00000000
v 16.13397408 24.00000000 9.50000000
v 16.25447083 23.68717957 9.33372307
v 16.50000000 24.00000000 9.13397408
v 16.58394432 23.79469299 9.09071159
v 16.00000000 22.59536934 10.54062939
v 16.00000000 24.00000000 13.75159168
v 16.00000000 21.83009338 10.88287163
v 16.00000000 21.00000000 11.00000000
v 16.00000000 17.00000000 13.75159168
v 16.00000000 17.00000000 11.00000000
v 20.00000000 35.58578873 6.00000000
v 19.86602592 35.58578873 5.50000000
v 20.00000000 36.10342407 5.93185186
v 19.86602592 36.15981293 5.38581896
v 20.00000000 36.58578491 5.73205042
v 19.86602592 36.64644623 5.06066036
v 20.00000000 37.00000000 5.41421366
v 19.50000000 35.58578873 5.13397455
v 19.50000000 36.01974106 5.04765558
v 19.50000000 36.38762665 4.80184126
v 19.00000000 36.08578491 4.86602545
v 19.00000000 36.29289246 4.70710659
v 19.00000000 35.84460449 4.96592569
v -15.00000000 37.00000000 5.41421366
v -14.86602592 36.64644623 5.06066036
v -15.00000000 36.58578491 5.73205042
v -14.86602592 36.15981293 5.38581896
v -15.00000000 36.10342407 5.93185186
v -14.86602592 35.58578873 5.50000000
v -15.00000000 35.58578873 6.00000000
v -14.50000000 36.38762665 4.80184126
v -14.50000000 36.01974106 5.04765558
v -14.50000000 35.58578873 5.13397455
v -14.00000000 35.84460449 4.96592569
v -14.00000000 36.29289246 4.70710659
v -14.00000000 36.08578491 4.86602545
v -14.65357018 22.18322563 5.24363565
v -14.89438820 22.73516846 5.55275488
v -15.00000000 23.23606682 6.00000000
v 19.00000000 55.50487900 -14.50487900
v -14.00000000 55.50487900 -14.50487900
v 19.57357597 56.03833771 -14.78257942
v -14.57357597 56.03833771 -14.78257942
v 19.93969345 56.63460159 -14.70407963
v -14.93969345 56.63460159 -14.70407963
v -14.97304440 56.74205017 -14.65397644
v -14.99323845 56.85250092 -14.60247040
v -15.00000000 56.96447372 -14.55025864
v 20.00000000 56.96447372 -14.55025864
v 19.99323845 56.85250092 -14.60247040
v 19.97304535 56.74205017 -14.65397644
v 20.00000000 23.23606682 6.00000000
v 19.91399384 22.79191589 5.59427023
v 19.69415283 22.26026535 5.28017569
v 19.00336456 20.93457794 5.00000572
v -15.00000000 54.51576233 -10.92997646
v -15.00000000 55.19156647 -11.37445831
v -15.00000000 55.98814392 -11.51491642
v -15.00000000 35.58578873 8.00000000
v -15.00000000 23.91168594 7.27744675
v -15.00000000 24.00000000 8.00000000
v -15.00000000 23.65194511 6.59743500
v -15.00000000 56.77521133 -11.32837868
v -15.00000000 89.41124725 0.57991970
v -15.00000000 88.14338684 3.29884291
v 20.00000000 35.58578873 8.00000000
v 19.86602592 35.93933868 8.35355377
v 19.86602592 35.58578873 8.50000000
v 19.83123016 35.93990707 8.42854881
v 19.45003891 35.98519897 8.79870892
v 19.50000000 36.19815826 8.61237240
v 19.00000000 36.29289246 8.70710659
v 19.00000000 36.08578491 8.86602497
v 19.00000000 35.84460449 8.96592522
v 19.50000000 35.58578873 8.86602497
v 20.00000000 56.77521133 -11.32837868
v 19.86602592 56.56390381 -10.87522507
v 20.00000000 55.98814392 -11.51491642
v 19.86602592 55.97360229 -11.01512814
v 20.00000000 55.19156647 -11.37445831
v 19.86602592 55.37616730 -10.90978432
v 20.00000000 54.51576233 -10.92997646
v 19.86602592 54.86931610 -10.57642365
v 19.50000000 55.51130676 -10.56961918
v 19.50000000 55.12813568 -10.31760406
v 19.00000000 55.56076813 -10.44511032
v 19.00000000 55.22286987 -10.22286987
v 19.50000000 56.40921783 -10.54349327
v 19.50000000 55.96295929 -10.64925766
v 19.00000000 55.95906067 -10.51533890
v -14.86602592 35.58578873 8.50000000
v -14.86602592 35.93933868 8.35355377
v -14.83123016 35.93990707 8.42854881
v -14.50000000 36.19815826 8.61237240
v -14.45003891 35.98519897 8.79870892
v -14.00000000 36.29289246 8.70710659
v -14.00000000 36.08578491 8.86602497
v -14.00000000 35.84460449 8.96592522
v -14.50000000 35.58578873 8.86602497
v 20.00000000 88.14338684 3.29884291
v 19.92387962 87.91267395 3.61350203
v -14.92387962 87.91267395 3.61350203
v -14.70710659 87.57910919 3.81591749
v 19.70710564 87.57910919 3.81591749
v -14.86602592 54.86931610 -10.57642365
v -14.86602592 55.37616730 -10.90978432
v -14.86602592 55.97360229 -11.01512814
v -14.86602592 56.56390381 -10.87522507
v -14.50000000 55.96295929 -10.64925766
v -14.50000000 56.40921783 -10.54349327
v -14.00000000 55.95906067 -10.51533890
v -14.50000000 55.12813568 -10.31760406
v -14.50000000 55.51130676 -10.56961918
v -14.00000000 55.22286987 -10.22286987
v -14.00000000 55.56076813 -10.44511032
v -14.86602592 24.00000000 8.50000000
v -14.50000000 24.00000000 8.86602497
v 19.38394165 23.85436821 8.92335701
v 19.70698357 23.91544533 8.70722961
v 19.92328835 23.97530746 8.38410759
v 20.00000000 24.00000000 8.00000000
v 20.00000000 89.41124725 0.57991970
v 20.00000000 23.91168594 7.27744675
v 20.00000000 23.65194511 6.59743500
v -12.00000000 61.31570435 -12.52124691
v -11.76604366 61.89826965 -12.24959278
v -11.17364788 62.20824432 -12.10504913
v -10.50000000 62.10059357 -12.15524769
v -10.06030655 61.62567902 -12.37670326
v -10.06030655 61.00572968 -12.66579056
v -10.50000000 60.53081894 -12.88724422
v -11.17364788 60.42316437 -12.93744469
v -11.76604366 60.73314285 -12.79290104
v -12.00000000 85.78601837 -1.11055338
v -11.76604366 86.36857605 -0.83889961
v -11.17364788 86.67855072 -0.69435561
v -10.50000000 86.57089996 -0.74455523
v -10.06030655 86.09599304 -0.96600944
v -10.06030655 85.47603607 -1.25509739
v -10.50000000 85.00112915 -1.47655141
v -11.17364788 84.89347839 -1.52675104
v -11.76604366 85.20344543 -1.38220716
v 15.00000000 61.31570435 -12.52124691
v 15.23395538 61.89826965 -12.24959278
v 15.82635117 62.20824432 -12.10504913
v 16.50000000 62.10059357 -12.15524769
v 16.93969345 61.62567902 -12.37670326
v 16.93969345 61.00572968 -12.66579056
v 16.50000000 60.53081894 -12.88724422
v 15.82635117 60.42316437 -12.93744469
v 15.23395538 60.73314285 -12.79290104
v 15.00000000 85.78601837 -1.11055338
v 15.23395538 86.36857605 -0.83889961
v 15.82635117 86.67855072 -0.69435561
v 16.50000000 86.57089996 -0.74455523
v 16.93969345 86.09599304 -0.96600944
v 16.93969345 85.47603607 -1.25509739
v 16.50000000 85.00112915 -1.47655141
v 15.82635117 84.89347839 -1.52675104
v 15.23395538 85.20344543 -1.38220716
v 10.00000000 66.61254883 -10.05128860
v 16.00000000 76.12877655 -5.61379671
v -5.00000000 80.20716858 -3.71201420
v -11.00000000 70.69093323 -8.14950562
v 20.00000000 23.77163887 9.14805031
v 20.00000000 23.12132072 10.12132072
v 20.00000000 22.14805222 10.77163792
v 20.00000000 21.00000000 11.00000000
v 0.38498610 24.00000000 13.20000076
v -12.62523746 24.00000000 10.91042519
v -11.60067368 24.00000000 11.44605541
v -10.14148235 24.00000000 12.87500000
v -13.77503204 24.00000000 11.03127384
v -14.66584206 24.00000000 11.76821709
v -16.50000000 24.00000000 8.00000000
v -15.00000000 24.00000000 12.87500000
v -16.50000000 24.00000000 28.31033325
v -14.66584206 24.00000000 13.98178291
v -13.77503204 24.00000000 14.71872711
v -12.62523746 24.00000000 14.83957386
v -5.11472511 24.00000000 28.31033325
v -11.60067368 24.00000000 14.30394554
v 7.77751923 24.00000000 13.20000076
v 10.23415756 24.00000000 11.76821709
v 9.89999962 24.00000000 12.87500000
v 10.23415756 24.00000000 13.98178291
v 10.74840736 24.00000000 15.87500000
v 11.12496853 24.00000000 14.71872711
v 12.27476215 24.00000000 14.83957386
v 12.85153008 24.00000000 15.87500000
v 13.81242657 24.00000000 15.04139900
v 13.29932690 24.00000000 14.30394554
v 14.86707592 24.00000000 14.33011627
v 14.75851822 24.00000000 12.87500000
v 12.27476215 24.00000000 10.91042519
v 13.29932690 24.00000000 11.44605541
v 11.12496853 24.00000000 11.03127384
v 2.22806859 -16.00000000 38.00000000
v -7.54956484 -16.00000000 38.00000000
v 2.22806859 -19.10168076 38.00000000
v -17.45670509 -19.10168076 38.00000000
v -16.00000000 -17.63043213 38.00000000
v -19.09069252 -17.63043213 38.00000000
v -7.54956484 19.10168076 38.00000000
v -15.00000000 14.98468018 38.00000000
v -15.00000000 -14.98468018 38.00000000
v -15.32930183 -16.35329437 38.00000000
v -17.45670509 19.10168076 38.00000000
v -16.00000000 17.63043213 38.00000000
v -15.32930183 16.35329437 38.00000000
v -19.09069252 17.63043213 38.00000000
v -22.53223419 18.56855202 35.14060593
v -21.09808350 19.85986519 35.00000000
v -22.53223419 18.56855202 8.00000000
v -18.49076271 22.20750809 35.00000000
v -4.73048735 19.10168076 36.02606201
v -3.75034928 18.89999962 33.33315277
v -2.15189481 21.00000000 28.94143677
v 3.57751942 18.89999962 13.20000076
v 3.57751942 21.00000000 13.20000076
v -4.73048735 17.00000000 36.02606201
v -3.75034928 17.00000000 33.33315277
v -11.60067368 22.89183617 32.44605637
v -12.48496056 23.02677536 31.94245338
v -11.60067368 18.20000076 32.44605637
v -12.62523746 18.20000076 31.91042709
v -13.50258732 23.02765274 31.93917847
v -13.77503204 18.20000076 32.03127289
v -14.39009762 22.89424133 32.43707275
v -14.66584206 18.20000076 32.76821518
v -14.91772079 22.66108322 33.30724335
v -15.00000000 18.20000076 33.87500000
v -14.94885540 22.38853645 34.32439804
v -14.66584206 18.20000076 34.98178101
v -14.47544479 22.14716339 35.22520828
v -13.77503204 18.20000076 35.71872711
v -13.62004852 21.99945641 35.77645874
v -13.00000000 21.97124100 35.87500000
v -12.62523746 18.20000076 35.83957291
v -12.37995148 21.99945641 35.77645874
v -12.09698486 22.03078842 35.65953445
v -11.60067368 18.20000076 35.30394745
v -11.83517933 22.07332420 35.50078964
v -11.60067368 22.12606621 35.30394745
v -10.14148235 22.50895309 33.87500000
v -10.14148235 18.20000076 33.87500000
v 7.04873753 -2.80632949 3.00000000
v 7.04873753 -2.80632949 9.00000000
v 5.85286379 -2.08891177 3.00000000
v 5.85286379 -2.08891177 9.00000000
v 4.46183586 -1.98968959 3.00000000
v 4.46183586 -1.98968959 9.00000000
v 3.17624092 -2.53010416 3.00000000
v 3.17624092 -2.53010416 9.00000000
v 2.27388120 -3.59337711 3.00000000
v 2.27388120 -3.59337711 9.00000000
v 1.94974756 -4.94974709 3.00000000
v 1.94974756 -4.94974709 9.00000000
v 2.27388120 -6.30611801 3.00000000
v 2.27388120 -6.30611801 9.00000000
v 3.17624092 -7.36939049 3.00000000
v 3.17624092 -7.36939049 9.00000000
v 4.46183586 -7.90980530 3.00000000
v 4.46183586 -7.90980530 9.00000000
v 5.85286379 -7.81058311 3.00000000
v 5.85286379 -7.81058311 9.00000000
v 7.04873753 -7.09316540 3.00000000
v 7.04873753 -7.09316540 9.00000000
v -2.85075760 -2.80632949 3.00000000
v -2.85075760 -2.80632949 9.00000000
v -4.04663134 -2.08891177 3.00000000
v -4.04663134 -2.08891177 9.00000000
v -5.43765926 -1.98968959 3.00000000
v -5.43765926 -1.98968959 9.00000000
v -6.72325420 -2.53010416 3.00000000
v -6.72325420 -2.53010416 9.00000000
v -7.62561369 -3.59337711 3.00000000
v -7.62561369 -3.59337711 9.00000000
v -7.94974756 -4.94974709 3.00000000
v -7.94974756 -4.94974709 9.00000000
v -7.62561369 -6.30611801 3.00000000
v -7.62561369 -6.30611801 9.00000000
v -6.72325420 -7.36939049 3.00000000
v -6.72325420 -7.36939049 9.00000000
v -5.43765926 -7.90980530 3.00000000
v -5.43765926 -7.90980530 9.00000000
v -4.04663134 -7.81058311 3.00000000
v -4.04663134 -7.81058311 9.00000000
v -2.85075760 -7.09316540 3.00000000
v -2.85075760 -7.09316540 9.00000000
v -2.85075760 7.09316540 3.00000000
v -2.85075760 7.09316540 9.00000000
v -4.04663134 7.81058311 3.00000000
v -4.04663134 7.81058311 9.00000000
v -5.43765926 7.90980530 3.00000000
v -5.43765926 7.90980530 9.00000000
v -6.72325420 7.36939049 3.00000000
v -6.72325420 7.36939049 9.00000000
v -7.62561369 6.30611801 3.00000000
v -7.62561369 6.30611801 9.00000000
v -7.94974756 4.94974709 3.00000000
v -7.94974756 4.94974709 9.00000000
v -7.62561369 3.59337711 3.00000000
v -7.62561369 3.59337711 9.00000000
v -6.72325420 2.53010416 3.00000000
v -6.72325420 2.53010416 9.00000000
v -5.43765926 1.98968959 3.00000000
v -5.43765926 1.98968959 9.00000000
v -4.04663134 2.08891177 3.00000000
v -4.04663134 2.08891177 9.00000000
v -2.85075760 2.80632949 3.00000000
v -2.85075760 2.80632949 9.00000000
v 7.04873753 7.09316540 3.00000000
v 7.04873753 7.09316540 9.00000000
v 5.85286379 7.81058311 3.00000000
v 5.85286379 7.81058311 9.00000000
v 4.46183586 7.90980530 3.00000000
v 4.46183586 7.90980530 9.00000000
v 3.17624092 7.36939049 3.00000000
v 3.17624092 7.36939049 9.00000000
v 2.27388120 6.30611801 3.00000000
v 2.27388120 6.30611801 9.00000000
v 1.94974756 4.94974709 3.00000000
v 1.94974756 4.94974709 9.00000000
v 2.27388120 3.59337711 3.00000000
v 2.27388120 3.59337711 9.00000000
v 3.17624092 2.53010416 3.00000000
v 3.17624092 2.53010416 9.00000000
v 4.46183586 1.98968959 3.00000000
v 4.46183586 1.98968959 9.00000000
v 5.85286379 2.08891177 3.00000000
v 5.85286379 2.08891177 9.00000000
v 7.04873753 2.80632949 3.00000000
v 7.04873753 2.80632949 9.00000000
v -0.66197103 4.94974709 9.00000000
v -0.66197103 4.94974709 3.00000000
v -0.66197103 -4.94974709 9.00000000
v -0.66197103 -4.94974709 3.00000000
v 9.23752403 -4.94974709 9.00000000
v 9.23752403 -4.94974709 3.00000000
v 9.23752403 4.94974709 9.00000000
v 9.23752403 4.94974709 3.00000000
v 1.88909101 1.92907619 0.00000000
v 1.88909101 1.92907619 9.00000000
v 0.81280446 2.57475233 0.00000000
v 0.81280446 2.57475233 9.00000000
v -0.43912035 2.66405201 0.00000000
v -0.43912035 2.66405201 9.00000000
v -1.59615612 2.17767906 0.00000000
v -1.59615612 2.17767906 9.00000000
v -2.40827966 1.22073317 0.00000000
v -2.40827966 1.22073317 9.00000000
v -2.70000005 0.00000000 0.00000000
v -2.70000005 0.00000000 9.00000000
v -2.40827966 -1.22073317 0.00000000
v -2.40827966 -1.22073317 9.00000000
v -1.59615612 -2.17767906 0.00000000
v -1.59615612 -2.17767906 9.00000000
v -0.43912035 -2.66405201 0.00000000
v -0.43912035 -2.66405201 9.00000000
v 0.81280446 -2.57475233 0.00000000
v 0.81280446 -2.57475233 9.00000000
v 1.88909101 -1.92907619 0.00000000
v 1.88909101 -1.92907619 9.00000000
v 3.85899878 0.00000000 0.00000000
v 3.85899878 0.00000000 9.00000000
v 4.90572166 -8.71400547 0.00000000
v 5.24955750 -6.52140713 0.00000000
v 6.82513237 -7.30873203 0.00000000
v 6.06920910 -6.09290361 0.00000000
v 7.11494398 -7.30873203 0.00000000
v 7.23656178 -4.94974709 0.00000000
v 8.58411407 -5.50935364 0.00000000
v 9.60805321 -3.42422295 0.00000000
v 6.06920910 -3.80659103 0.00000000
v 10.13365364 -1.16148853 0.00000000
v 5.24955750 -3.37808800 0.00000000
v 4.32972240 -3.47476625 0.00000000
v 3.61707354 -4.06432104 0.00000000
v 3.34974742 -4.94974709 0.00000000
v -2.66293335 -4.94974709 0.00000000
v -3.83028626 -3.80659103 0.00000000
v -4.64993763 -3.37808800 0.00000000
v -5.56977224 -3.47476625 0.00000000
v -5.56977224 3.47476625 0.00000000
v -6.28242111 4.06432104 0.00000000
v -6.28242111 -4.06432104 0.00000000
v -11.12314796 -4.50284195 0.00000000
v -6.54974747 -4.94974709 0.00000000
v -6.28242111 -5.83517361 0.00000000
v 4.32972240 -6.42472839 0.00000000
v 2.70870018 -9.62615871 0.00000000
v 3.61707354 -5.83517361 0.00000000
v 0.35839543 -9.99357605 0.00000000
v -2.01219082 -9.79546261 0.00000000
v -3.83028626 -6.09290361 0.00000000
v -4.26890898 -9.04303169 0.00000000
v -4.64993763 -6.52140713 0.00000000
v -5.56977224 -6.42472839 0.00000000
v -4.26890898 -11.21500874 0.00000000
v -11.12314796 4.50284195 0.00000000
v -6.54974747 4.94974709 0.00000000
v -6.28242111 5.83517361 0.00000000
v -4.26890898 9.04303169 0.00000000
v -5.56977224 6.42472839 0.00000000
v -4.64993763 6.52140713 0.00000000
v -3.83028626 6.09290361 0.00000000
v -2.01219082 9.79546261 0.00000000
v -2.66293335 4.94974709 0.00000000
v 0.35839543 9.99357605 0.00000000
v 3.61707354 5.83517361 0.00000000
v 2.70870018 9.62615871 0.00000000
v 4.32972240 6.42472839 0.00000000
v 4.90572166 8.71400547 0.00000000
v 5.24955750 6.52140713 0.00000000
v 6.82513237 7.30873203 0.00000000
v 6.06920910 6.09290361 0.00000000
v 7.11494398 7.30873203 0.00000000
v 7.23656178 4.94974709 0.00000000
v 8.58411407 5.50935364 0.00000000
v 9.60805321 3.42422295 0.00000000
v -4.26890898 11.21500874 0.00000000
v 6.06920910 3.80659103 0.00000000
v 10.13365364 1.16148853 0.00000000
v 5.24955750 3.37808800 0.00000000
v 4.32972240 3.47476625 0.00000000
v 3.61707354 4.06432104 0.00000000
v 3.34974742 4.94974709 0.00000000
v -3.83028626 3.80659103 0.00000000
v -4.64993763 3.37808800 0.00000000
v -15.00000000 -11.52475548 44.20873260
v -15.00000000 -0.25651512 42.82494354
v -15.00000000 -10.82018375 46.06566620
v -15.00000000 0.25651512 42.82494354
v -15.00000000 10.82018375 46.06566620
v -15.00000000 11.52475548 44.20873260
v -15.00000000 0.64951903 42.47401428
v -15.00000000 12.32776451 42.39247131
v -15.00000000 0.73860580 41.93634796
v -15.00000000 0.48209071 41.46353912
v -15.00000000 -0.64951903 42.47401428
v -15.00000000 -12.32776451 42.39247131
v -15.00000000 -0.73860580 41.93634796
v -15.00000000 -0.48209071 41.46353912
v -15.00000000 -13.22853088 40.62270737
v -15.00000000 -0.25651512 39.81102371
v -15.00000000 -0.64951903 39.48125458
v -15.00000000 -14.22344589 38.90418243
v -15.00000000 -0.73860580 38.97601700
v -15.00000000 -0.48209071 38.53171921
v -15.00000000 -14.44693184 38.57815552
v -15.00000000 -14.70150566 38.27577591
v -15.00000000 0.00000000 38.35625458
v -15.00000000 0.48209071 38.53171921
v -15.00000000 14.70150566 38.27577591
v -15.00000000 14.44693184 38.57815552
v -15.00000000 14.22344589 38.90418243
v -15.00000000 0.73860580 38.97601700
v -15.00000000 0.64951903 39.48125458
v -15.00000000 13.22853088 40.62270737
v -15.00000000 0.25651512 39.81102371
v -15.00000000 0.00000000 41.27681351
v -32.20000076 -16.00000000 37.18436050
v -30.60187149 -16.00000000 34.83324432
v -29.22353935 -16.00000000 37.18436050
v -30.12160301 -16.00000000 34.94589233
v -29.67525291 -16.00000000 34.73585510
v -32.20000076 -16.00000000 8.00000000
v -30.90828133 -16.00000000 21.74665070
v -30.90828133 -16.00000000 33.95335007
v -30.90828133 -16.00000000 34.44664764
v -29.22353935 -16.00000000 8.00000000
v -30.12160301 -16.00000000 8.05410862
v -30.60187149 -16.00000000 8.16675377
v -30.90828133 -16.00000000 8.55335045
v -29.22353935 -16.00000000 8.70649433
v -29.67525291 -16.00000000 8.26414490
v -30.90828133 -16.00000000 9.04664993
v -30.90828133 -16.00000000 21.25334930
v -30.60187149 -16.00000000 20.86675453
v -30.60187149 -16.00000000 9.43324566
v -30.12160301 -16.00000000 20.75410843
v -30.12160301 -16.00000000 9.54589081
v -29.67525291 -16.00000000 20.96414566
v -29.67525291 -16.00000000 9.33585453
v -29.22353935 -16.00000000 21.40649605
v -29.22353935 -16.00000000 8.89350510
v -30.60187149 -16.00000000 33.56675339
v -30.60187149 -16.00000000 22.13324547
v -30.12160301 -16.00000000 33.45410919
v -30.12160301 -16.00000000 22.24589157
v -29.67525291 -16.00000000 33.66414642
v -29.67525291 -16.00000000 22.03585434
v -29.22353935 -16.00000000 34.10649490
v -29.22353935 -16.00000000 21.59350586
v -29.22353935 -16.00000000 34.29350662
v -35.20000076 -13.00000000 13.50083447
v -35.20000076 -12.63768005 13.18236732
v -35.20000076 -13.00000000 8.00000000
v -35.20000076 -12.15635109 13.15043068
v -35.20000076 -11.75513172 13.41823769
v -35.20000076 -11.59999943 13.87500000
v -35.20000076 -4.75129557 17.90211105
v -35.20000076 -2.90412807 16.64273453
v -35.20000076 -0.76781696 15.98376846
v -35.20000076 13.00000000 8.00000000
v -35.20000076 1.46781695 15.98376846
v -35.20000076 3.60412812 16.64273453
v -35.20000076 -6.14519072 19.64999962
v -35.20000076 -11.75513172 14.33176136
v -35.20000076 -6.96195984 21.73109245
v -35.20000076 -12.15635109 14.59956932
v -35.20000076 -7.12902832 23.96047592
v -35.20000076 -12.63768005 14.56763268
v -35.20000076 -12.63768005 32.23236847
v -35.20000076 -13.00000000 32.55083466
v -35.20000076 -13.00000000 14.24916649
v -35.20000076 -12.15635109 32.20043182
v -35.20000076 -6.63155317 26.14005852
v -35.20000076 -11.75513172 32.46823883
v -35.20000076 -5.51373577 28.07617378
v -35.20000076 -11.59999943 32.92499924
v -35.20000076 -3.87490034 29.59679031
v -35.20000076 -10.82131004 40.91786194
v -35.20000076 -0.73860580 38.97601700
v -35.20000076 -9.41221809 44.10625458
v -35.20000076 -0.64951903 39.48125458
v -35.20000076 -0.25651512 39.81102371
v -35.20000076 0.25651512 39.81102371
v -35.20000076 9.41221809 44.10625458
v -35.20000076 0.64951903 39.48125458
v -35.20000076 0.73860580 38.97601700
v -35.20000076 10.82131004 40.91786194
v -35.20000076 4.57490063 29.59679031
v -35.20000076 12.51995277 37.85627365
v -35.20000076 12.33367920 33.14722443
v -35.20000076 12.58523178 33.51363373
v -35.20000076 12.66962624 37.62503052
v -35.20000076 12.82975388 37.40090179
v -35.20000076 -11.75513172 33.38176346
v -35.20000076 -12.51995277 37.85627365
v -35.20000076 -12.15635109 33.64956665
v -35.20000076 -12.66962624 37.62503052
v -35.20000076 -12.82975388 37.40090179
v -35.20000076 -13.00000000 37.18436050
v -35.20000076 -12.63768005 33.61763382
v -35.20000076 -13.00000000 33.29916382
v -35.20000076 13.00000000 37.18436050
v -35.20000076 13.00000000 33.67333221
v -35.20000076 6.21373606 28.07617378
v -35.20000076 12.33367920 32.70277405
v -35.20000076 7.33155298 26.14005852
v -35.20000076 12.58523178 32.33636475
v -35.20000076 7.82902813 23.96047592
v -35.20000076 13.00000000 32.17667007
v -35.20000076 13.00000000 14.62333202
v -35.20000076 7.66195965 21.73109245
v -35.20000076 12.58523178 14.46363449
v -35.20000076 6.84519053 19.64999962
v -35.20000076 12.33367920 14.09722424
v -35.20000076 5.45129538 17.90211105
v -35.20000076 12.33367920 13.65277481
v -35.20000076 12.58523178 13.28636551
v -35.20000076 13.00000000 13.12666893
v -35.20000076 -1.86066377 30.56679535
v -35.20000076 -0.48209071 38.53171921
v -35.20000076 0.34999999 30.89999962
v -35.20000076 0.00000000 38.35625458
v -35.20000076 0.48209071 38.53171921
v -35.20000076 2.56066370 30.56679535
v -33.74641418 0.00000000 48.09994507
v -33.68640137 0.48209071 48.26483154
v -33.53444290 0.73860580 48.68233490
v -35.17514038 -9.79925060 44.17455673
v -34.48195648 -9.05862236 46.07905960
v -33.53444290 -0.73860580 48.68233490
v -33.68640137 -0.48209071 48.26483154
v -33.19300079 -8.00487328 49.62043381
v -31.89123535 -7.24564457 53.19700623
v -29.26618958 -6.22173977 60.40925980
v -23.97882843 -5.03077221 74.93616486
v -26.60495377 -0.73860580 67.72095490
v -26.77775383 -0.64951903 67.24618530
v -29.94144058 -0.64951903 58.55403137
v -29.82865334 -0.25651512 58.86391068
v -26.89054298 -0.25651512 66.93630219
v -29.82865334 0.25651512 58.86391068
v -26.89054298 0.25651512 66.93630219
v -29.94144058 0.64951903 58.55403137
v -26.77775383 0.64951903 67.24618530
v -29.27720833 6.22510433 60.37899399
v -26.60495377 0.73860580 67.72095490
v -23.98442459 5.03181362 74.92079926
v -23.27383804 0.73860580 76.87310791
v -23.10103607 0.64951903 77.34787750
v -23.27383804 -0.73860580 76.87310791
v -18.68770599 -3.86387205 89.47341156
v -23.10103607 -0.64951903 77.34787750
v -19.85363770 -0.73860580 86.27003479
v -20.00559616 -0.48209071 85.85253906
v -19.68083572 -0.64951903 86.74480438
v -16.06153297 -2.78163171 96.68875885
v -16.43343544 -0.73860580 95.66696167
v -14.77390289 -1.84739053 100.22650146
v -16.26063538 -0.64951903 96.14173126
v -14.15802097 -1.14927733 101.91862488
v -16.14784622 -0.25651512 96.45161438
v -13.86755085 -0.67657328 102.71667480
v -13.62548923 0.00000000 103.38172913
v -16.14784622 0.25651512 96.45161438
v -13.86769867 0.67686105 102.71626282
v -14.15833569 1.14971817 101.91775513
v -16.26063538 0.64951903 96.14173126
v -14.77457047 1.84801769 100.22465515
v -16.43343544 0.73860580 95.66696167
v -16.06291008 2.78241658 96.68498230
v -19.68083572 0.64951903 86.74480438
v -18.69049835 3.86471939 89.46574402
v -19.85363770 0.73860580 86.27003479
v -31.90174103 7.25090981 53.16814423
v -30.11424065 0.73860580 58.07926178
v -33.20006943 8.00970364 49.60101318
v -34.48195648 9.05862236 46.07905960
v -35.17514038 9.79925060 44.17455673
v -33.36164093 0.64951903 49.15710068
v -30.26619911 0.48209071 57.66175842
v -33.24885559 0.25651512 49.46697998
v -30.32621384 0.00000000 57.49687195
v -33.24885559 -0.25651512 49.46697998
v -30.26619911 -0.48209071 57.66175842
v -33.36164093 -0.64951903 49.15710068
v -30.11424065 -0.73860580 58.07926178
v -26.45299530 -0.48209071 68.13845062
v -23.42579651 -0.48209071 76.45561218
v -26.39298248 0.00000000 68.30333710
v -23.48581123 0.00000000 76.29072571
v -26.45299530 0.48209071 68.13845062
v -23.42579651 0.48209071 76.45561218
v -20.00559616 0.48209071 85.85253906
v -22.98825073 0.25651512 77.65776062
v -20.06560898 0.00000000 85.68765259
v -22.98825073 -0.25651512 77.65776062
v -16.58539391 0.48209071 95.24946594
v -19.56804848 0.25651512 87.05468750
v -16.64540863 0.00000000 95.08457947
v -19.56804848 -0.25651512 87.05468750
v -16.58539391 -0.48209071 95.24946594
v -7.90000010 4.87884331 95.37500000
v -7.90000010 4.28768539 98.01197815
v -7.90000010 -4.87884331 95.37500000
v -7.90000010 -4.28768539 98.01197815
v -7.90000010 -3.46988869 100.58707428
v -7.90000010 3.46988869 100.58707428
v -7.90000010 -2.21585774 102.97447205
v -7.90000010 2.21585774 102.97447205
v -7.90000010 -1.26582861 103.92898560
v -7.90000010 1.26582861 103.92898560
v -7.90000010 -0.66632026 104.24160767
v -7.90000010 0.66632026 104.24160767
v -7.90000010 0.00000000 104.37400818
v -9.89999962 -4.87884188 95.37500000
v -9.89999962 4.87884188 95.37500000
v -8.89999962 5.89694595 95.37500000
v -10.03352070 5.38718033 95.37500000
v -10.39846420 5.75968933 95.37500000
v -10.89743233 5.89694929 95.37500000
v -8.39994431 5.76055336 95.37500000
v -8.39994431 -5.76055336 95.37500000
v -8.89999962 -5.89694595 95.37500000
v -10.03352070 -5.38718033 95.37500000
v -10.39846420 -5.75968933 95.37500000
v -10.89743233 -5.89694929 95.37500000
v -8.03394699 5.38793087 95.37500000
v -8.03394699 -5.38793087 95.37500000
v -9.89999962 0.00000000 91.12500000
v -9.89999962 0.48209071 90.94953918
v -9.89999962 5.30376148 92.89884949
v -9.89999962 0.73860580 90.50523376
v -9.89999962 5.64968872 90.39119720
v -9.89999962 0.64951903 90.00000000
v -9.89999962 5.75020838 89.56088257
v -9.89999962 0.25651512 89.67022705
v -9.89999962 6.18060684 85.37500000
v -9.89999962 -6.18060684 85.37500000
v -9.89999962 -0.25651512 89.67022705
v -9.89999962 -6.10758734 86.16371155
v -9.89999962 -0.64951903 90.00000000
v -9.89999962 -5.64968872 90.39119720
v -9.89999962 -0.73860580 90.50523376
v -9.89999962 -5.30376148 92.89884949
v -9.89999962 -0.48209071 90.94953918
v -10.03397369 6.68265152 85.37500000
v -10.39999771 7.05017090 85.37500000
v -10.39999771 -7.05017090 85.37500000
v -10.03397369 -6.68265152 85.37500000
v -10.90000057 -7.18469191 85.37500000
v -10.90000057 7.18469191 85.37500000
v -11.59999943 -6.18060541 85.37500000
v -11.59999943 6.18060541 85.37500000
v -12.60000038 -7.18469238 85.37500000
v -12.09999657 -7.05017185 85.37500000
v -11.73397255 -6.68265152 85.37500000
v -11.73397255 6.68265152 85.37500000
v -12.09999657 7.05017185 85.37500000
v -12.60000038 7.18469381 85.37500000
v -11.59999943 0.25651512 84.15455627
v -11.59999943 0.64951903 83.80362701
v -11.59999943 0.73860580 83.26596069
v -11.59999943 -6.57704592 80.50530243
v -11.59999943 -0.73860580 83.26596069
v -11.59999943 -0.64951903 83.80362701
v -11.59999943 -0.25651512 84.15455627
v -11.59999943 -6.92472935 75.54919434
v -11.59999943 -0.64951903 73.16184235
v -11.59999943 -0.25651512 73.51277924
v -11.59999943 -0.48209071 82.79315186
v -11.59999943 0.00000000 82.60642242
v -11.59999943 0.25651512 73.51277924
v -11.59999943 0.48209071 82.79315186
v -11.59999943 6.57704592 80.50530243
v -11.59999943 -0.73860580 72.62418365
v -11.59999943 -7.37431812 69.04448700
v -11.59999943 -0.48209071 72.15137482
v -11.59999943 -7.63042688 65.72033691
v -11.59999943 0.00000000 71.96464539
v -11.59999943 7.63042688 65.72033691
v -11.59999943 0.48209071 72.15137482
v -11.59999943 7.19098330 71.63024139
v -11.59999943 0.73860580 72.62418365
v -11.59999943 6.92472935 75.54919434
v -11.59999943 0.64951903 73.16184235
v -12.10000229 -8.49934483 65.72033691
v -12.10000229 8.49934483 65.72033691
v -11.73397636 8.13209629 65.72033691
v -11.73397636 -8.13209629 65.72033691
v -12.60000038 8.63376713 65.72033691
v -12.60000038 -8.63376713 65.72033691
v -13.30000019 -7.63042688 65.72033691
v -13.43397617 -8.13209534 65.72033691
v -13.80000210 -8.49934387 65.72033691
v -14.29999924 -8.63376713 65.72033691
v -13.30000019 7.63042688 65.72033691
v -13.43397617 8.13209534 65.72033691
v -13.80000210 8.49934387 65.72033691
v -14.29999924 8.63376713 65.72033691
v -13.30000019 0.00000000 63.53788376
v -13.30000019 0.48209071 63.35115433
v -13.30000019 0.73860580 62.87834549
v -13.30000019 -8.08638954 60.75049591
v -13.30000019 -0.73860580 62.87834549
v -13.30000019 -0.48209071 63.35115433
v -13.30000019 -8.68773651 55.79674530
v -13.30000019 -0.25651512 61.98974991
v -13.30000019 -0.64951903 62.34068298
v -13.30000019 -9.53511143 50.88129425
v -13.30000019 -0.73860580 51.95937729
v -13.30000019 -0.64951903 52.49703979
v -13.30000019 -0.25651512 52.84797287
v -13.30000019 -0.48209071 51.48656845
v -13.30000019 -10.82271481 46.06566620
v -13.30000019 0.00000000 51.29983902
v -13.30000019 10.82271481 46.06566620
v -13.30000019 0.48209071 51.48656845
v -13.30000019 9.53511143 50.88129425
v -13.30000019 0.73860580 51.95937729
v -13.30000019 8.68773651 55.79674530
v -13.30000019 0.64951903 52.49703979
v -13.30000019 0.25651512 52.84797287
v -13.30000019 0.25651512 61.98974991
v -13.30000019 8.08638954 60.75049591
v -13.30000019 0.64951903 62.34068298
v -13.37270355 11.21886444 46.06566620
v -13.58340740 11.56141376 46.06566620
v -13.58336353 -11.56136513 46.06566620
v -13.37267876 -11.21880150 46.06566620
v -13.90771008 11.79739761 46.06566620
v -13.90765953 -11.79737473 46.06566620
v -14.29999924 -11.88252640 46.06566620
v -16.00000000 -11.88253498 46.06566620
v -15.60718536 -11.79701710 46.06566620
v -15.28276539 -11.56030655 46.06566620
v -15.07239342 -11.21693039 46.06566620
v -14.29999924 11.88252640 46.06566620
v -15.07239342 11.21693039 46.06566620
v -15.28276539 11.56030655 46.06566620
v -15.60718536 11.79701710 46.06566620
v -16.00000000 11.88253498 46.06566620
v 12.59966373 16.00000000 12.16052818
v 12.59966373 18.20000076 12.16052818
v 12.00452805 16.00000000 11.88047791
v 12.00452805 18.20000076 11.88047791
v 11.36417294 16.00000000 12.03067207
v 11.36417294 18.20000076 12.03067207
v 10.95562363 16.00000000 12.54613304
v 10.95562363 18.20000076 12.54613304
v 10.95562363 16.00000000 13.20386696
v 10.95562363 18.20000076 13.20386696
v 11.36417294 16.00000000 13.71932793
v 11.36417294 18.20000076 13.71932793
v 12.00452805 16.00000000 13.86952209
v 12.00452805 18.20000076 13.86952209
v 12.59966373 16.00000000 13.58947277
v 12.59966373 18.20000076 13.58947277
v 13.32925892 18.20000076 12.87500000
v 13.32925892 16.00000000 12.87500000
v -12.30033684 16.00000000 12.16052818
v -12.30033684 18.20000076 12.16052818
v -12.89547157 16.00000000 11.88047791
v -12.89547157 18.20000076 11.88047791
v -13.53582573 16.00000000 12.03067207
v -13.53582573 18.20000076 12.03067207
v -13.94437695 16.00000000 12.54613304
v -13.94437695 18.20000076 12.54613304
v -13.94437695 16.00000000 13.20386696
v -13.94437695 18.20000076 13.20386696
v -13.53582573 16.00000000 13.71932793
v -13.53582573 18.20000076 13.71932793
v -12.89547157 16.00000000 13.86952209
v -12.89547157 18.20000076 13.86952209
v -12.30033684 16.00000000 13.58947277
v -12.30033684 18.20000076 13.58947277
v -11.57074070 18.20000076 12.87500000
v -11.57074070 16.00000000 12.87500000
v -12.30033684 16.00000000 33.16052628
v -12.30033684 18.20000076 33.16052628
v -12.89547157 16.00000000 32.88047791
v -12.89547157 18.20000076 32.88047791
v -13.53582573 16.00000000 33.03067017
v -13.53582573 18.20000076 33.03067017
v -13.94437695 16.00000000 33.54613495
v -13.94437695 18.20000076 33.54613495
v -13.94437695 16.00000000 34.20386505
v -13.94437695 18.20000076 34.20386505
v -13.53582573 16.00000000 34.71932983
v -13.53582573 18.20000076 34.71932983
v -12.89547157 16.00000000 34.86952209
v -12.89547157 18.20000076 34.86952209
v -12.30033684 16.00000000 34.58946991
v -12.30033684 18.20000076 34.58946991
v -11.57074070 18.20000076 33.87500000
v -11.57074070 16.00000000 33.87500000
v -8.40033627 -16.00000000 34.61447144
v -8.40033627 -18.20000076 34.61447144
v -8.99547195 -16.00000000 34.89451981
v -8.99547195 -18.20000076 34.89451981
v -9.63582706 -16.00000000 34.74432755
v -9.63582706 -18.20000076 34.74432755
v -10.04437637 -16.00000000 34.22886658
v -10.04437637 -18.20000076 34.22886658
v -10.04437637 -16.00000000 33.57113266
v -10.04437637 -18.20000076 33.57113266
v -9.63582706 -16.00000000 33.05567169
v -9.63582706 -18.20000076 33.05567169
v -8.99547195 -16.00000000 32.90547943
v -8.99547195 -18.20000076 32.90547943
v -8.40033627 -16.00000000 33.18552780
v -8.40033627 -18.20000076 33.18552780
v -7.67074108 -18.20000076 33.90000153
v -7.67074108 -16.00000000 33.90000153
v -8.40033627 -16.00000000 13.61447239
v -8.40033627 -18.20000076 13.61447239
v -8.99547195 -16.00000000 13.89452171
v -8.99547195 -18.20000076 13.89452171
v -9.63582706 -16.00000000 13.74432755
v -9.63582706 -18.20000076 13.74432755
v -10.04437637 -16.00000000 13.22886658
v -10.04437637 -18.20000076 13.22886658
v -10.04437637 -16.00000000 12.57113361
v -10.04437637 -18.20000076 12.57113361
v -9.63582706 -16.00000000 12.05567265
v -9.63582706 -18.20000076 12.05567265
v -8.99547195 -16.00000000 11.90547848
v -8.99547195 -18.20000076 11.90547848
v -8.40033627 -16.00000000 12.18552685
v -8.40033627 -18.20000076 12.18552685
v -7.67074108 -18.20000076 12.89999962
v -7.67074108 -16.00000000 12.89999962
v 12.62342453 -16.00000000 13.61447239
v 12.62342453 -18.20000076 13.61447239
v 12.02828884 -16.00000000 13.89452171
v 12.02828884 -18.20000076 13.89452171
v 11.38793373 -16.00000000 13.74432755
v 11.38793373 -18.20000076 13.74432755
v 10.97938442 -16.00000000 13.22886658
v 10.97938442 -18.20000076 13.22886658
v 10.97938442 -16.00000000 12.57113361
v 10.97938442 -18.20000076 12.57113361
v 11.38793373 -16.00000000 12.05567265
v 11.38793373 -18.20000076 12.05567265
v 12.02828884 -16.00000000 11.90547848
v 12.02828884 -18.20000076 11.90547848
v 12.62342453 -16.00000000 12.18552685
v 12.62342453 -18.20000076 12.18552685
v 13.35301971 -18.20000076 12.89999962
v 13.35301971 -16.00000000 12.89999962
v -15.00000000 -16.00000000 35.75000000
v -15.00000000 -12.09348488 33.62976837
v -15.00000000 16.00000000 35.75000000
v -15.00000000 0.34999999 30.89999962
v -15.00000000 12.79348469 33.62976837
v -15.00000000 12.40048027 33.29999924
v -15.00000000 2.56066370 30.56679535
v -15.00000000 12.31139374 32.79476547
v -15.00000000 4.57490063 29.59679031
v -15.00000000 12.56790924 32.35046768
v -15.00000000 6.21373606 28.07617378
v -15.00000000 13.04999924 32.17499924
v -15.00000000 7.33155298 26.14005852
v -15.00000000 7.82902813 23.96047592
v -15.00000000 -16.00000000 30.39999962
v -15.00000000 -13.08860588 32.79476547
v -15.00000000 -12.99951935 33.29999924
v -15.00000000 -12.60651493 33.62976837
v -15.00000000 -17.20000076 30.39999962
v -15.00000000 -17.20000076 16.39999962
v -15.00000000 -16.00000000 16.39999962
v -15.00000000 -7.12902832 23.96047592
v -15.00000000 -6.96195984 21.73109245
v -15.00000000 -6.14519072 19.64999962
v -15.00000000 -12.09348488 14.57976913
v -15.00000000 -4.75129557 17.90211105
v -15.00000000 -11.70048141 14.25000000
v -15.00000000 -2.90412807 16.64273453
v -15.00000000 -11.61139393 13.74476433
v -15.00000000 -11.86790943 13.30046654
v -15.00000000 -16.00000000 11.00000000
v -15.00000000 -13.08860588 13.74476433
v -15.00000000 -12.99951935 14.25000000
v -15.00000000 -12.60651493 14.57976913
v -15.00000000 16.00000000 11.00000000
v -15.00000000 -12.35000038 13.12500000
v -15.00000000 -12.83209038 13.30046654
v -15.00000000 13.78860569 32.79476547
v -15.00000000 13.69952011 14.25000000
v -15.00000000 13.78860569 13.74476433
v -15.00000000 -12.83209038 32.35046768
v -15.00000000 -12.35000038 32.17499924
v -15.00000000 -6.63155317 26.14005852
v -15.00000000 -5.51373577 28.07617378
v -15.00000000 -11.70048141 33.29999924
v -15.00000000 -1.86066377 30.56679535
v -15.00000000 -11.61139393 32.79476547
v -15.00000000 -3.87490034 29.59679031
v -15.00000000 -11.86790943 32.35046768
v -15.00000000 13.53209019 13.30046654
v -15.00000000 13.04999924 13.12500000
v -15.00000000 12.56790924 13.30046654
v -15.00000000 1.46781695 15.98376846
v -15.00000000 3.60412812 16.64273453
v -15.00000000 12.31139374 13.74476433
v -15.00000000 12.40048027 14.25000000
v -15.00000000 5.45129538 17.90211105
v -15.00000000 12.79348469 14.57976913
v -15.00000000 6.84519053 19.64999962
v -15.00000000 13.30651474 14.57976913
v -15.00000000 7.66195965 21.73109245
v -15.00000000 13.53209019 32.35046768
v -15.00000000 13.30651474 33.62976837
v -15.00000000 13.69952011 33.29999924
v -15.00000000 -0.76781696 15.98376846
v -6.57975864 -16.00000000 37.83892059
v -5.71409464 -16.00000000 37.37298203
v -5.04553509 -16.00000000 36.65222168
v 3.43919849 -16.00000000 37.74465942
v -5.94775581 -16.00000000 35.75000000
v 5.82562351 -16.00000000 30.39999962
v 2.64230919 -16.00000000 37.97126389
v 3.04861355 -16.00000000 37.88560486
v 15.00000000 16.00000000 11.00000000
v 3.21354914 16.00000000 13.20000076
v -10.00000000 16.00000000 14.19999981
v 15.00000000 16.00000000 14.19999981
v 8.88813210 16.00000000 14.19999981
v 7.77751923 16.00000000 13.20000076
v 2.21354914 16.00000000 14.19999981
v -10.00000000 16.00000000 32.59999847
v -5.94775581 16.00000000 35.75000000
v -4.54768085 16.00000000 32.59999847
v -5.76185131 16.00000000 35.93590546
v 15.09418297 16.09418297 14.19999981
v 8.88813210 17.89999962 14.19999981
v 15.09418297 17.89999962 14.19999981
v 12.85153008 17.89999962 15.87500000
v 10.74840736 17.89999962 15.87500000
v 13.54826069 17.89999962 15.25069237
v 14.29779530 17.89999962 14.69087791
v -10.00000000 17.89999962 14.19999981
v 2.14937139 17.89999962 14.19999981
v 2.21354914 17.96030807 14.19999981
v -4.54768085 17.89999962 32.59999847
v -10.00000000 17.89999962 32.59999847
v -4.48350334 17.96030807 32.59999847
v -4.48350334 16.06030655 32.59999847
v 11.05499172 -16.00000000 16.39999962
v 11.05744553 -16.00000000 16.39906120
v 12.20206642 -16.00000000 15.11164474
v 13.52615452 -16.00000000 14.00964928
v 15.00000000 -16.00000000 13.11780739
v 15.00000000 -16.00000000 11.00000000
v 16.00000000 -17.00000000 11.00000000
v 16.00000000 -17.00000000 13.75159168
v 16.00000000 -21.00000000 11.00000000
v 16.00000000 -21.00000000 13.75159168
v 16.00000000 -22.17578506 13.49018002
v 16.00000000 -23.14768028 12.77102470
v 16.00000000 -22.14805222 10.77163792
v 16.00000000 -23.77986717 11.73761463
v 16.00000000 -24.00000000 10.54495716
v 16.00000000 -24.00000000 8.00000000
v 16.00000000 -23.77163887 9.14805031
v 16.00000000 -23.12132072 10.12132072
v 20.00000000 -21.00000000 11.00000000
v 22.16312027 -20.65739632 11.00000000
v 24.11449623 -19.66312027 11.00000000
v 25.66311836 -18.11449623 11.00000000
v 26.65739441 -16.16311836 11.00000000
v 27.00000000 -14.00000000 11.00000000
v 27.00000000 14.00000000 11.00000000
v 13.24264050 0.00000000 11.00000000
v 12.91061974 -2.94676495 11.00000000
v 11.93120766 -5.74576616 11.00000000
v 26.65739441 16.16311836 11.00000000
v 11.93120766 5.74576616 11.00000000
v 10.35351372 8.25665092 11.00000000
v 8.25665092 10.35351372 11.00000000
v 5.74576616 11.93120766 11.00000000
v 2.94676495 12.91061974 11.00000000
v 0.00000000 13.24264050 11.00000000
v -2.94676495 12.91061974 11.00000000
v -5.74576616 11.93120766 11.00000000
v -8.25665092 10.35351372 11.00000000
v -10.35351372 8.25665092 11.00000000
v -11.93120766 5.74576616 11.00000000
v -12.91061974 2.94676495 11.00000000
v -13.24264050 0.00000000 11.00000000
v -12.91061974 -2.94676495 11.00000000
v -11.93120766 -5.74576616 11.00000000
v -10.35351372 -8.25665092 11.00000000
v -8.25665092 -10.35351372 11.00000000
v -5.74576616 -11.93120766 11.00000000
v -2.94676495 -12.91061974 11.00000000
v 0.00000000 -13.24264050 11.00000000
v 2.94676495 -12.91061974 11.00000000
v 5.74576616 -11.93120766 11.00000000
v 8.25665092 -10.35351372 11.00000000
v 10.35351372 -8.25665092 11.00000000
v 25.66311836 18.11449623 11.00000000
v 24.11449623 19.66312027 11.00000000
v 22.16312027 20.65739632 11.00000000
v 12.91061974 2.94676495 11.00000000
v -32.20000076 16.00000000 8.00000000
v -30.12160301 16.00000000 8.05410862
v -29.22353935 16.00000000 8.00000000
v -29.67525291 16.00000000 8.26414490
v -29.22353935 16.00000000 8.70649433
v -32.20000076 16.00000000 37.18436050
v -30.90828133 16.00000000 21.74665070
v -30.90828133 16.00000000 21.25334930
v -30.90828133 16.00000000 9.04664993
v -30.60187149 16.00000000 9.43324566
v -30.60187149 16.00000000 20.86675453
v -30.12160301 16.00000000 9.54589081
v -30.12160301 16.00000000 20.75410843
v -29.67525291 16.00000000 9.33585453
v -29.67525291 16.00000000 20.96414566
v -29.22353935 16.00000000 8.89350510
v -29.22353935 16.00000000 21.40649605
v -29.22353935 16.00000000 37.18436050
v -30.60187149 16.00000000 34.83324432
v -30.90828133 16.00000000 34.44664764
v -30.90828133 16.00000000 33.95335007
v -29.22353935 16.00000000 34.29350662
v -29.67525291 16.00000000 34.73585510
v -30.12160301 16.00000000 34.94589233
v -30.60187149 16.00000000 33.56675339
v -30.60187149 16.00000000 22.13324547
v -30.12160301 16.00000000 22.24589157
v -30.12160301 16.00000000 33.45410919
v -29.67525291 16.00000000 22.03585434
v -29.67525291 16.00000000 33.66414642
v -29.22353935 16.00000000 21.59350586
v -29.22353935 16.00000000 34.10649490
v -30.90828133 16.00000000 8.55335045
v -30.60187149 16.00000000 8.16675377
v -3.07715511 -11.59875488 -1.00000000
v -0.36667627 -11.99439621 -1.00000000
v 2.36290860 -11.76506138 -1.00000000
v 4.96937227 -10.92269897 -1.00000000
v 7.31690311 -9.51119995 -1.00000000
v 9.28318119 -7.60411358 -1.00000000
v 10.76575184 -5.30080986 -1.00000000
v 11.68736553 -2.72130251 -1.00000000
v 12.00000000 0.00000000 -1.00000000
v 11.68736553 2.72130251 -1.00000000
v 10.76575184 5.30080986 -1.00000000
v 9.28318119 7.60411358 -1.00000000
v 7.31690311 9.51119995 -1.00000000
v 4.96937227 10.92269897 -1.00000000
v 2.36290860 11.76506138 -1.00000000
v -0.36667627 11.99439621 -1.00000000
v -3.07715511 11.59875488 -1.00000000
v 6.06920910 6.09290361 3.00000000
v 5.24955750 6.52140713 3.00000000
v 4.32972240 6.42472839 3.00000000
v 3.61707354 5.83517361 3.00000000
v 3.34974742 4.94974709 3.00000000
v 3.61707354 4.06432104 3.00000000
v 4.32972240 3.47476625 3.00000000
v 5.24955750 3.37808800 3.00000000
v 6.06920910 3.80659103 3.00000000
v 6.06920910 -3.80659103 3.00000000
v 5.24955750 -3.37808800 3.00000000
v 4.32972240 -3.47476625 3.00000000
v 3.61707354 -4.06432104 3.00000000
v 3.34974742 -4.94974709 3.00000000
v 3.61707354 -5.83517361 3.00000000
v 4.32972240 -6.42472839 3.00000000
v 5.24955750 -6.52140713 3.00000000
v 6.06920910 -6.09290361 3.00000000
v -3.83028626 -3.80659103 3.00000000
v -4.64993763 -3.37808800 3.00000000
v -5.56977224 -3.47476625 3.00000000
v -6.28242111 -4.06432104 3.00000000
v -6.54974747 -4.94974709 3.00000000
v -6.28242111 -5.83517361 3.00000000
v -5.56977224 -6.42472839 3.00000000
v -4.64993763 -6.52140713 3.00000000
v -3.83028626 -6.09290361 3.00000000
v -3.83028626 6.09290361 3.00000000
v -4.64993763 6.52140713 3.00000000
v -5.56977224 6.42472839 3.00000000
v -6.28242111 5.83517361 3.00000000
v -6.54974747 4.94974709 3.00000000
v -6.28242111 4.06432104 3.00000000
v -5.56977224 3.47476625 3.00000000
v -4.64993763 3.37808800 3.00000000
v -3.83028626 3.80659103 3.00000000
v 7.23656178 4.94974709 3.00000000
v 7.23656178 -4.94974709 3.00000000
v -2.66293335 -4.94974709 3.00000000
v -2.66293335 4.94974709 3.00000000
v 15.14469242 -24.00000000 10.85725784
v 12.46226311 -24.00000000 10.97385979
v 11.46839905 -24.00000000 10.95252895
v 14.31238270 -24.00000000 11.22650337
v 13.32308769 -24.00000000 11.47105408
v 13.50685692 -24.00000000 11.65101433
v -8.72523689 -24.00000000 10.93542576
v 10.58703423 -24.00000000 11.41233063
v -7.70067310 -24.00000000 11.47105408
v -6.24148273 -24.00000000 12.89999962
v 10.03591442 -24.00000000 12.23966789
v 9.95119858 -24.00000000 13.23014641
v 10.35381317 -24.00000000 14.13905907
v 9.11164474 -24.00000000 15.67445564
v 8.10678482 -24.00000000 17.37465477
v -7.70067310 -24.00000000 14.32894611
v 7.36073732 -24.00000000 19.20326996
v -8.72523689 -24.00000000 14.86457443
v 4.40167332 -24.00000000 28.31033325
v -16.50000000 -24.00000000 28.31033325
v -16.50000000 -24.00000000 8.00000000
v -10.76584244 -24.00000000 14.00678253
v -9.87503147 -24.00000000 14.74372673
v -9.87503147 -24.00000000 11.05627441
v -10.76584244 -24.00000000 11.79321671
v -11.10000038 -24.00000000 12.89999962
v -18.49076271 -22.20750809 35.00000000
v -22.53223419 -18.56855202 8.00000000
v -21.09808350 -19.85986519 35.00000000
v -22.53223419 -18.56855202 35.14060593
v 11.05499172 -17.20000076 16.39999962
v 5.82562351 -17.20000076 30.39999962
v 9.26284981 -17.20000076 19.82130432
v 9.73112965 -17.20000076 18.61550903
v 10.33186150 -17.20000076 17.46992874
v 11.05744553 -17.20000076 16.39906120
v 5.87708569 -16.04894447 30.39999962
v 5.87708569 -17.24894333 30.39999962
v -30.06649208 7.75942230 22.23781586
v -30.50091743 7.75125456 22.18697548
v -30.83098221 7.69948053 21.90503883
v -30.94993782 7.60289145 21.49066734
v -30.82317352 7.48311901 21.08302307
v -30.49431229 7.38866043 20.81016350
v -30.06128120 7.37120199 20.76315308
v -29.67525291 7.44342041 20.96414566
v -29.12805557 7.60534286 21.50000000
v -29.67525291 7.72489738 22.03585434
v -30.06649208 -7.05942202 22.23781586
v -29.67525291 -7.02489758 22.03585434
v -29.12805557 -6.90534306 21.50000000
v -29.67525291 -6.74342060 20.96414566
v -30.06128120 -6.67120218 20.76315308
v -30.49431229 -6.68866062 20.81016350
v -30.82317352 -6.78311872 21.08302307
v -30.94993782 -6.90289116 21.49066734
v -30.83098221 -6.99948072 21.90503883
v -30.50091743 -7.05125427 22.18697548
v 6.63184834 -17.00000000 31.15476418
v 5.08123827 -17.00000000 35.92705154
v 6.63184834 -18.20000076 31.15476418
v 5.08123827 -19.10168076 35.92705154
v 7.38317204 -21.00000000 28.84242630
v 10.21390724 -21.00000000 20.13032150
v 10.21390724 -18.20000076 20.13032150
v 10.92167759 -18.20000076 18.45944214
v 11.11641121 -21.00000000 18.10827255
v 11.90655804 -18.20000076 16.93537140
v 12.42289543 -21.00000000 16.32045364
v 13.13913441 -18.20000076 15.60363007
v 14.07525253 -21.00000000 14.84637260
v 14.02365303 -17.00000000 14.88366604
v 14.98104095 -17.00000000 14.26388264
v 13.13913441 -17.00000000 15.60363007
v 1.60671580 23.77163887 13.20000076
v 2.64244795 23.12132072 13.20000076
v 3.33450222 22.14805222 13.20000076
v 3.21354914 18.55797958 13.20000076
v -5.04553509 16.91810989 36.65222168
v 12.29852295 -18.20000076 14.86457443
v 13.32308769 -18.20000076 14.32894611
v 11.14872932 -18.20000076 14.74372673
v 10.25791931 -18.20000076 14.00678253
v 9.92376137 -18.20000076 12.89999962
v 10.25791931 -18.20000076 11.79321671
v 11.14872932 -18.20000076 11.05627441
v 12.29852295 -18.20000076 10.93542576
v 13.32308769 -18.20000076 11.47105408
v 14.78227806 -18.20000076 12.89999962
v 13.32308769 -23.10575867 14.32894611
v 12.62335968 -23.20194626 14.77365017
v 11.85138512 -23.53602409 14.89869308
v 11.04780579 -23.86540985 14.69799614
v 14.78227806 -23.46708488 12.89999962
v 14.17643642 -23.86021805 12.30671692
v -8.72523689 -18.20000076 14.86457443
v -7.70067310 -18.20000076 14.32894611
v -9.87503147 -18.20000076 14.74372673
v -10.76584244 -18.20000076 14.00678253
v -11.10000038 -18.20000076 12.89999962
v -10.76584244 -18.20000076 11.79321671
v -9.87503147 -18.20000076 11.05627441
v -8.72523689 -18.20000076 10.93542576
v -7.70067310 -18.20000076 11.47105408
v -6.24148273 -18.20000076 12.89999962
v -8.72523689 -18.20000076 35.86457443
v -7.70067310 -18.20000076 35.32894516
v -9.87503147 -18.20000076 35.74372482
v -10.76584244 -18.20000076 35.00678253
v -11.10000038 -18.20000076 33.90000153
v -10.76584244 -18.20000076 32.79321671
v -9.87503147 -18.20000076 32.05627441
v -8.72523689 -18.20000076 31.93542480
v -7.70067310 -18.20000076 32.47105408
v -6.24148273 -18.20000076 33.90000153
v -7.70067310 -22.11936951 35.32894516
v -7.91462517 -22.07062149 35.51086426
v -8.15194988 -22.03038979 35.66102219
v -8.40796757 -21.99945641 35.77645874
v -9.10000038 -21.96349907 35.89999771
v -9.79203224 -21.99945641 35.77645874
v -10.61874771 -22.15356827 35.20130920
v -11.06036377 -22.39609146 34.29619598
v -11.00490475 -22.66553497 33.29062653
v -10.46643257 -22.89357376 32.43956757
v -9.58148384 -23.02238846 31.95882034
v -8.57444859 -23.01931763 31.97028732
v -7.70067310 -22.88513947 32.47105408
v -6.24148273 -22.50225258 33.90000153
v -12.62523746 18.20000076 10.91042519
v -11.60067368 18.20000076 11.44605541
v -13.77503204 18.20000076 11.03127384
v -14.66584206 18.20000076 11.76821709
v -15.00000000 18.20000076 12.87500000
v -14.66584206 18.20000076 13.98178291
v -13.77503204 18.20000076 14.71872711
v -12.62523746 18.20000076 14.83957386
v -11.60067368 18.20000076 14.30394554
v -10.14148235 18.20000076 12.87500000
v 12.27476215 18.20000076 10.91042519
v 13.29932690 18.20000076 11.44605541
v 11.12496853 18.20000076 11.03127384
v 10.23415756 18.20000076 11.76821709
v 9.89999962 18.20000076 12.87500000
v 10.23415756 18.20000076 13.98178291
v 11.12496853 18.20000076 14.71872711
v 12.27476215 18.20000076 14.83957386
v 13.29932690 18.20000076 14.30394554
v 14.75851822 18.20000076 12.87500000
v -10.79859924 0.00000000 105.37500000
v -8.89999962 0.00000000 105.37500000
v -10.80572510 1.02716196 105.17440033
v -8.89999962 1.31258833 105.05468750
v -10.83909798 1.94270146 104.67375946
v -8.89999962 2.38992167 104.29248047
v -10.93860245 2.69498706 103.97164917
v -8.89999962 3.21080804 103.30036163
v -11.10999203 3.30968618 103.15093231
v -8.89999962 3.88100886 102.13756561
v -11.58384800 4.22327375 101.38907623
v -8.89999962 4.46074677 100.79637146
v -12.15444183 4.89082766 99.54309082
v -8.89999962 4.98265314 99.24139404
v -8.89999962 5.45896149 97.44561005
v -13.42048550 5.82406998 95.75262451
v -10.90000057 5.89695358 95.37500000
v -14.75311661 6.45589924 91.92557526
v -10.90000057 6.62477446 90.64994812
v -14.68157673 6.60747528 90.78659821
v -13.83323097 6.81208992 89.07817841
v -14.07003975 6.81832409 89.02278137
v -12.71108818 6.89438295 88.32986450
v -12.89350033 6.87510681 88.50849152
v -13.07589912 6.85560274 88.68711853
v -13.86325455 6.97252560 87.58416748
v -13.59495926 6.97051144 87.60382843
v -13.25828552 6.95090389 87.79400635
v -12.60000038 7.91788006 75.67890930
v -16.13129044 7.69316912 78.93293762
v -17.49518204 7.28484869 84.23345947
v -14.10496902 6.96551800 87.65247345
v -14.31759262 6.94988918 87.80379486
v -14.47958851 6.92395115 88.05181885
v -14.53303337 6.89434624 88.33020020
v -14.47821236 6.86390495 88.61133575
v -14.31422997 6.83658171 88.85932922
v -19.55149078 8.34142494 69.53601074
v -20.09868813 8.30295753 70.07186890
v -20.43074417 8.28950500 70.26083374
v -20.43163681 8.39431000 68.81095123
v -20.09868813 8.38041019 69.00016022
v -14.29999924 9.69867611 55.79032135
v -22.97169495 9.15682411 60.13908386
v -22.60612297 8.94332218 62.22957611
v -20.72071838 8.39568043 68.79235077
v -20.98027802 8.38949776 68.87634277
v -21.18226814 8.37779903 69.03580475
v -21.32947731 8.35976315 69.28302002
v -21.37343597 8.34140968 69.53621674
v -25.90886307 9.04876328 61.16678619
v -20.27920914 7.85971594 76.53372192
v -14.29999924 10.55863857 50.87430573
v -28.71294975 10.08697605 53.32849121
v -28.75386810 10.04916954 53.54872894
v -24.10989571 9.23955154 59.39201736
v -24.37418175 9.23120880 59.46585846
v -24.58419418 9.21400261 59.61918259
v -24.74384117 9.18615723 59.87035751
v -24.79363632 9.15682602 60.13906860
v -24.74443436 9.12811470 60.40626144
v -24.58748817 9.10172558 60.65554047
v -24.37892151 9.08556652 60.80997086
v -24.11545563 9.07769966 60.88563919
v -23.82627487 9.08068371 60.85689545
v -23.51888847 9.09968853 60.67493820
v -23.33647919 9.11853695 60.49631119
v -23.15408325 9.13758278 60.31769180
v -27.26672745 10.74872017 50.01852417
v -26.93909073 10.70569897 50.20630264
v -26.80235291 10.67548370 50.34020996
v -30.19366264 10.80445290 49.78017426
v -31.66287994 11.88253880 46.06566620
v -28.13880539 10.51742077 51.06914520
v -28.21383667 10.58730125 50.74085999
v -17.90780830 7.67488575 79.18999481
v -17.95323563 7.69315004 78.93319702
v -17.90836716 7.71123981 78.67742157
v -26.52875519 10.61615181 50.60813904
v -26.39189529 10.58701992 50.74215698
v -26.52864075 10.55826664 50.87606812
v -26.66542244 10.52985382 51.01001740
v -26.80223846 10.50177574 51.14399719
v -26.93909073 10.47402382 51.27801514
v -27.39776802 10.43094730 51.48924255
v -27.74780273 10.44166470 51.43632507
v -27.97121429 10.47063446 51.29448700
v -28.14219475 10.65715694 50.42226410
v -27.96411896 10.71090698 50.18339157
v -27.73769379 10.74285126 50.04394531
v -26.66557312 10.64563751 50.47415161
v -23.85556412 9.23717117 59.41305161
v -23.51888847 9.21578598 59.60323334
v -23.15410423 9.17627048 59.96045685
v -23.33650398 9.19592381 59.78183746
v -20.71990776 8.28815842 70.27977753
v -17.00721550 7.74412584 78.20900726
v -17.29652977 7.74554014 78.18876648
v -17.55680466 7.73975420 78.27150726
v -17.75981331 7.72863197 78.43022156
v -20.97959709 8.29411030 70.19605255
v -21.18175125 8.30545998 70.03679657
v -21.32933044 8.32317257 69.78941345
v -16.67848778 7.65493298 79.46879578
v -17.00219917 7.64149427 79.65549469
v -17.29164886 7.63989067 79.67771149
v -17.55273247 7.64574528 79.59652710
v -17.75694275 7.65708494 79.43881226
v -16.67848778 7.73095703 78.39707947
v -13.25828552 6.83587122 88.86572266
v -13.54393959 6.81630611 89.04074097
v -13.07587528 6.93227673 87.97264099
v -12.89347649 6.91343546 88.15125275
v -31.84271812 12.04943657 45.61005402
v -32.02176666 12.22266960 45.15650177
v -32.20000076 12.40220451 44.70508575
v -16.00000000 13.30303097 42.67086029
v -32.20000076 13.19227600 42.90372849
v -32.20000076 14.08431435 41.14268875
v -16.00000000 15.07519245 39.42813492
v -32.20000076 15.07519245 39.42813492
v -32.20000076 -15.07519245 39.42813492
v -16.00000000 -15.07519245 39.42813492
v -32.20000076 -14.08431435 41.14268875
v -16.00000000 -13.30303097 42.67086029
v -32.20000076 -13.19227600 42.90372849
v -32.20000076 -12.40220451 44.70508575
v -32.02176666 -12.22266960 45.15650177
v -31.84271812 -12.04943657 45.61005402
v -31.66287994 -11.88253880 46.06566620
v -14.29999924 -10.55892944 50.87294006
v -27.26672745 -10.74872017 50.01852417
v -30.19365692 -10.80445290 49.78017426
v -27.73769379 -10.74285126 50.04394531
v -27.96411896 -10.71090698 50.18339157
v -14.29999924 -9.69905853 55.78765869
v -28.71294975 -10.08697605 53.32849121
v -27.39776802 -10.43094730 51.48924255
v -26.93909073 -10.47402382 51.27801514
v -22.97169495 -9.15682411 60.13908386
v -23.51888847 -9.21578598 59.60323334
v -23.85556412 -9.23717117 59.41305161
v -20.43163681 -8.39431000 68.81095123
v -20.72071838 -8.39568043 68.79235077
v -23.08568001 -8.39225483 68.83886719
v -20.98027802 -8.38949776 68.87634277
v -21.18226814 -8.37779903 69.03580475
v -12.60000038 -7.91788006 75.67890930
v -19.55149078 -8.34142494 69.53601074
v -20.09868813 -8.38041019 69.00016022
v -14.31256390 -7.48520470 81.75621796
v -16.13129044 -7.69316912 78.93293762
v -16.67848778 -7.73095703 78.39707947
v -12.60074425 -7.08806610 86.41556549
v -14.31640434 -7.08806610 86.41556549
v -17.49517822 -7.28484869 84.23345947
v -14.31759262 -6.94988918 87.80379486
v -14.47958851 -6.92395115 88.05181885
v -12.71108818 -6.89438295 88.32986450
v -10.90000057 -6.62477446 90.64994812
v -12.89350033 -6.87510681 88.50849152
v -13.07589912 -6.85560274 88.68711853
v -13.25828552 -6.83587122 88.86572266
v -13.54393959 -6.81630611 89.04074097
v -13.83323097 -6.81208992 89.07817841
v -12.60400677 -6.60747528 90.78659821
v -14.68157673 -6.60747528 90.78659821
v -14.75311661 -6.45589924 91.92557526
v -10.90000057 -5.89695549 95.37500000
v -12.60727024 -6.00822735 94.76960754
v -13.42048264 -5.82406998 95.75260925
v -8.89999962 -5.45896149 97.44561005
v -10.90188885 -5.25511980 98.26491547
v -12.15441704 -4.89083004 99.54308319
v -8.89999962 -4.98265314 99.24139404
v -8.89999962 -4.46074677 100.79637146
v -10.90414524 -4.31294727 101.17279816
v -8.89999962 -3.88100886 102.13756561
v -11.58382225 -4.22327757 101.38907623
v -10.90527344 -3.75996065 102.37530518
v -11.10998058 -3.30968881 103.15092468
v -8.89999962 -3.21080804 103.30036163
v -10.90640163 -3.14650583 103.39356995
v -10.93859196 -2.69499016 103.97164154
v -8.89999962 -2.38992167 104.29248047
v -10.83909512 -1.94270301 104.67375946
v -8.89999962 -1.31258833 105.05468750
v -10.80572128 -1.02716351 105.17440033
v -20.27920914 -7.85971594 76.53372192
v -17.75694275 -7.65708494 79.43881226
v -17.55273247 -7.64574528 79.59652710
v -17.29164886 -7.63989067 79.67771149
v -17.00219917 -7.64149427 79.65549469
v -20.97959709 -8.29411030 70.19605255
v -20.71990776 -8.28815842 70.27977753
v -20.43074417 -8.28950500 70.26083374
v -20.09868813 -8.30295753 70.07186890
v -22.60612297 -8.94332218 62.22957611
v -25.90886307 -9.04876328 61.16678619
v -23.82627487 -9.08068371 60.85689545
v -24.11545563 -9.07769966 60.88563919
v -24.37892151 -9.08556652 60.80997086
v -24.58748817 -9.10172558 60.65554047
v -24.74443436 -9.12811470 60.40626144
v -24.79363632 -9.15682602 60.13906860
v -24.74384117 -9.18615723 59.87035751
v -28.75386429 -10.04916954 53.54872894
v -24.58419418 -9.21400261 59.61918259
v -24.37418175 -9.23120880 59.46585846
v -24.10989571 -9.23955154 59.39201736
v -28.13880539 -10.51742077 51.06914520
v -28.21383667 -10.58730125 50.74085999
v -28.14219475 -10.65715694 50.42226410
v -26.80235291 -10.67548370 50.34020996
v -26.93909073 -10.70569897 50.20630264
v -27.97121429 -10.47063446 51.29448700
v -27.74780273 -10.44166470 51.43632507
v -26.80223846 -10.50177574 51.14399719
v -26.66542244 -10.52985382 51.01001740
v -26.52864075 -10.55826664 50.87606812
v -26.39189529 -10.58701992 50.74215698
v -26.52875519 -10.61615181 50.60813904
v -26.66557312 -10.64563751 50.47415161
v -23.51888847 -9.09968853 60.67493820
v -23.33647919 -9.11853695 60.49631119
v -23.15408325 -9.13758278 60.31769180
v -23.15410423 -9.17627048 59.96045685
v -23.33650398 -9.19592381 59.78183746
v -21.32947731 -8.35976315 69.28302002
v -21.37343597 -8.34140968 69.53621674
v -21.32933044 -8.32317257 69.78941345
v -21.18175125 -8.30545998 70.03679657
v -17.00721550 -7.74412584 78.20900726
v -17.29652977 -7.74554014 78.18876648
v -17.55680466 -7.73975420 78.27150726
v -17.75981331 -7.72863197 78.43022156
v -17.90836716 -7.71123981 78.67742157
v -17.95323563 -7.69315004 78.93319702
v -17.90780830 -7.67488575 79.18999481
v -16.67848778 -7.65493298 79.46879578
v -13.07587528 -6.93227673 87.97264099
v -13.25828552 -6.95090389 87.79400635
v -13.59495926 -6.97051144 87.60382843
v -13.86325455 -6.97252560 87.58416748
v -14.10496902 -6.96551800 87.65247345
v -14.53303337 -6.89434624 88.33020020
v -14.47821236 -6.86390495 88.61133575
v -14.31422997 -6.83658171 88.85932922
v -14.07003975 -6.81832409 89.02278137
v -12.89347649 -6.91343546 88.15125275
v -14.89999962 -0.48209071 90.94953918
v -14.89999962 0.00000000 91.12500000
v -14.89999962 0.48209071 90.94953918
v -14.89999962 0.73860580 90.50523376
v -14.89999962 0.64951903 90.00000000
v -14.89999962 0.25651512 89.67022705
v -14.89999962 -0.25651512 89.67022705
v -14.89999962 -0.64951903 90.00000000
v -14.89999962 -0.73860580 90.50523376
v -3.07715511 9.51478386 -1.00000000
v -0.46777308 9.98905373 -1.00000000
v 2.17451119 9.76071262 -1.00000000
v 4.66384459 8.84582138 -1.00000000
v 6.82513237 7.30873203 -1.00000000
v 8.48660278 7.30873203 -1.00000000
v 9.96531391 5.11199665 -1.00000000
v 10.88695431 2.62949419 -1.00000000
v 11.19999981 0.00000000 -1.00000000
v 10.88695431 -2.62949419 -1.00000000
v 9.96531391 -5.11199665 -1.00000000
v 8.48660278 -7.30873203 -1.00000000
v 6.82513237 -7.30873203 -1.00000000
v 4.66384459 -8.84582138 -1.00000000
v 2.17451119 -9.76071262 -1.00000000
v -0.46777308 -9.98905373 -1.00000000
v -3.07715511 -9.51478386 -1.00000000
v -10.88943291 -2.79593110 9.00000000
v -11.24264145 0.00000000 9.00000000
v -10.88943291 2.79593110 9.00000000
v -9.85200119 -5.41618347 9.00000000
v -8.19553280 -7.69611740 9.00000000
v -6.02410793 -9.49247551 9.00000000
v -3.47416687 -10.69238663 9.00000000
v -0.70593125 -11.22045612 9.00000000
v 2.10666084 -11.04350185 9.00000000
v 4.78688335 -10.17264462 9.00000000
v 7.16632891 -8.66260338 9.00000000
v 9.09548759 -6.60825825 9.00000000
v 10.45314312 -4.13869190 9.00000000
v 11.15398884 -1.40907645 9.00000000
v 11.15398884 1.40907645 9.00000000
v 10.45314312 4.13869190 9.00000000
v 9.09548759 6.60825825 9.00000000
v 7.16632891 8.66260338 9.00000000
v 4.78688335 10.17264462 9.00000000
v 2.10666084 11.04350185 9.00000000
v -0.70593125 11.22045612 9.00000000
v -3.47416687 10.69238663 9.00000000
v -6.02410793 9.49247551 9.00000000
v -8.19553280 7.69611740 9.00000000
v -9.85200119 5.41618347 9.00000000
v -7.54956484 21.99945641 35.77645874
v -4.84811544 23.98822403 28.35428429
v -18.56905746 21.99945641 35.77645874
v 4.64230537 -23.99039078 28.34619904
v 2.22806859 -21.99945641 35.77645874
v -18.56905746 -21.99945641 35.77645874
v -10.94723797 -0.48209071 93.19734192
v -11.00725174 0.00000000 93.03245544
v -10.94723797 0.48209071 93.19734192
v -10.79527950 0.73860580 93.61484528
v -10.62247849 0.64951903 94.08961487
v -10.50969124 0.25651512 94.39949036
v -10.50969124 -0.25651512 94.39949036
v -10.62247849 -0.64951903 94.08961487
v -10.79527950 -0.73860580 93.61484528
v -35.18484116 13.30103779 33.63169479
v -30.73560715 13.04999924 33.67499924
v -30.70611191 12.84545708 33.64651489
v -30.61307144 12.67485619 33.57418442
v -30.45970726 12.56433105 33.49648666
v -35.14678192 13.56253719 33.47251511
v -30.61307144 13.42514420 33.57418442
v -30.70611191 13.25454330 33.64651489
v -35.10793686 13.73749542 33.22473907
v -30.26222229 13.58302593 33.45269012
v -30.45970726 13.53566933 33.49648666
v -35.09136581 13.80000019 32.92499924
v -35.10794067 13.73748970 32.62525177
v -35.14678574 13.56253433 32.37747955
v -35.18484116 13.30102825 32.21829987
v -30.26222229 12.51697445 33.45269012
v -30.05976868 12.52772141 33.46332550
v -29.87483215 13.50099087 33.52423096
v -30.05976868 13.57227898 33.46332550
v -29.66416931 13.04999924 33.67499924
v -29.67525291 13.17713737 33.66414642
v -29.74229622 13.36422539 33.60591507
v -29.87483215 12.59900951 33.52423096
v -29.74229622 12.73577499 33.60591507
v -29.67525291 12.92286301 33.66414642
v -35.18484116 13.30102825 14.58169842
v -35.18484116 13.30103779 13.16830540
v -35.14678192 13.56253719 13.32748318
v -35.10793686 13.73749542 13.57526302
v -35.09136581 13.80000019 13.87499905
v -35.10794067 13.73748970 14.17474747
v -35.14678574 13.56253433 14.42252064
v -35.19833374 -13.09999943 13.87498951
v -30.45970726 -12.83566856 33.49648666
v -30.26222229 -12.88302517 33.45269012
v -30.05976868 -12.87227821 33.46332550
v -29.87483215 -12.80099010 33.52423096
v -30.73560715 -12.35000038 33.67499924
v -30.70611191 -12.55454445 33.64651489
v -30.61307144 -12.72514439 33.57418442
v -30.61307144 -11.97485542 33.57418442
v -30.70611191 -12.14545631 33.64651489
v -30.26222229 -11.81697369 33.45269012
v -30.45970726 -11.86433029 33.49648666
v -35.19833374 -13.09999943 32.92499161
v -29.87483215 -11.89900970 33.52423096
v -30.05976868 -11.82772160 33.46332550
v -29.66416931 -12.35000038 33.67499924
v -29.67525291 -12.22286224 33.66414642
v -29.74229622 -12.03577423 33.60591507
v -29.74229622 -12.66422653 33.60591507
v -29.67525291 -12.47713852 33.66414642
v -29.12805557 -16.00045586 34.20000076
v -29.12805557 16.00045586 34.20000076
v -29.12805557 16.00045586 21.50000000
v -29.12805557 -16.00045586 21.50000000
v -29.12805557 16.00045586 8.80000019
v -29.12805557 -16.00045586 8.80000019
v -24.00103760 -17.47207832 35.65031815
v -24.52882576 -17.17052460 8.00000000
v -25.60390472 -16.67807770 36.31539917
v -26.80432129 -16.29704285 8.00000000
v -27.33417702 -16.18010712 36.91679001
v -27.35078812 16.17692566 36.92124557
v -26.80432129 16.29704285 8.00000000
v -25.60990906 16.67574883 36.31782150
v -24.52882576 17.17052460 8.00000000
v -24.01136017 17.46576500 35.65446854
v -32.20000076 15.15002823 39.31251526
v -29.22353935 15.31521606 39.09218216
v -32.20000076 15.23009300 39.20045090
v -32.20000076 15.31521606 39.09218216
v -16.00000000 15.74512672 38.66641235
v -24.77528763 15.70764351 38.69720078
v -26.98370361 15.41247559 38.97993469
v -22.61883545 16.21662903 38.35402679
v -16.00000000 16.63062096 38.17150497
v -20.52484322 16.98477364 38.07030106
v -20.52484322 -16.98477364 38.07030106
v -16.00000000 -16.63062096 38.17150497
v -22.61389923 -16.21812630 38.35325623
v -16.00000000 -15.74512672 38.66641235
v -24.77408600 -15.70781136 38.69705200
v -26.97923279 -15.41292763 38.97943497
v -29.22353935 -15.31521606 39.09218216
v -32.20000076 -15.15002823 39.31251526
v -32.20000076 -15.23009300 39.20045090
v -32.20000076 -15.31521606 39.09218216
v -29.22353935 14.14805031 5.22836161
v -32.20000076 14.14805031 5.22836161
v -29.22353935 15.12132072 5.87867975
v -32.20000076 15.12132072 5.87867975
v -29.22353935 15.77163792 6.85194969
v -32.20000076 15.77163792 6.85194969
v -27.06369400 14.34651279 5.22836161
v -24.97618103 14.93525124 5.22836161
v -23.03091240 15.89455128 5.22836161
v -21.29303932 17.19228554 5.22836161
v -23.53944588 16.72439957 5.87867975
v -21.94428253 17.91556549 5.87867975
v -23.87923813 17.27888870 6.85194969
v -22.37943268 18.39884567 6.85194969
v -25.55802345 16.45100212 6.85194969
v -27.35956955 15.94291306 6.85194969
v -27.24105835 15.30348587 5.87867975
v -25.32497025 15.84387779 5.87867975
v -15.78910351 22.14805222 5.22836161
v -16.16270638 23.12132072 5.87867975
v -16.41234016 23.77163887 6.85194969
v -29.22353935 -15.77163792 6.85194969
v -32.20000076 -15.77163792 6.85194969
v -29.22353935 -15.12132072 5.87867975
v -32.20000076 -15.12132072 5.87867975
v -29.22353935 -14.14805031 5.22836161
v -32.20000076 -14.14805031 5.22836161
v 28.30165100 14.00000000 5.29709339
v 28.05398750 16.01263237 5.29709339
v 27.32577515 17.90517998 5.29709339
v 26.16046143 19.56472015 5.29709339
v 24.62757874 20.89223671 5.29709339
v 22.81858635 21.80851936 5.29709339
v 20.84141922 22.25889969 5.29709339
v 20.94721985 23.29736710 6.12953091
v 21.00593376 23.87367249 7.33243704
v 21.00593376 23.87367249 8.66756248
v 20.94721985 23.29736710 9.87047005
v 20.84141922 22.25889969 10.70290661
v 22.81858635 21.80851936 10.70290661
v 23.17299271 22.79035759 9.87047005
v 25.20944786 21.75886154 9.87047005
v 25.53236008 22.23980141 8.66756248
v 27.36495018 20.65273094 8.66756248
v 27.36495018 20.65273094 7.33243704
v 28.75810623 18.66871834 7.33243704
v 28.24691391 18.39621353 6.12953091
v 29.06668854 16.26569939 6.12953091
v 24.62757874 20.89223671 10.70290661
v 26.16046143 19.56472015 10.70290661
v 27.32577515 17.90517998 10.70290661
v 28.05398750 16.01263237 10.70290661
v 28.30165100 14.00000000 10.70290661
v 29.34549332 14.00000000 9.87047005
v 29.06668854 16.26569939 9.87047005
v 28.24691391 18.39621353 9.87047005
v 26.93507385 20.26442528 9.87047005
v 29.92478371 14.00000000 8.66756248
v 29.62869644 16.40614128 8.66756248
v 28.75810623 18.66871834 8.66756248
v 29.92478371 14.00000000 7.33243704
v 29.62869644 16.40614128 7.33243704
v 29.34549332 14.00000000 6.12953091
v 26.93507385 20.26442528 6.12953091
v 25.53236008 22.23980141 7.33243704
v 23.36967468 23.33523560 8.66756248
v 25.20944786 21.75886154 6.12953091
v 23.36967468 23.33523560 7.33243704
v 23.17299271 22.79035759 6.12953091
v -27.35956955 -15.94291306 6.85194969
v -27.24105835 -15.30348587 5.87867975
v -27.06369400 -14.34651279 5.22836161
v -24.97618103 -14.93525124 5.22836161
v -23.03091240 -15.89455128 5.22836161
v -21.29303932 -17.19228554 5.22836161
v -21.94428253 -17.91556549 5.87867975
v -23.53944588 -16.72439957 5.87867975
v -25.32497025 -15.84387779 5.87867975
v -22.37943268 -18.39884567 6.85194969
v -23.87923813 -17.27888870 6.85194969
v -25.55802345 -16.45100212 6.85194969
v 28.30165100 -14.00000000 5.29709339
v 29.34549332 -14.00000000 6.12953091
v 29.92478371 -14.00000000 7.33243704
v 29.92478371 -14.00000000 8.66756248
v 29.34549332 -14.00000000 9.87047005
v 28.30165100 -14.00000000 10.70290661
v -16.41234016 -23.77163887 6.85194969
v -16.16270638 -23.12132072 5.87867975
v -15.78910351 -22.14805222 5.22836161
v 22.14862633 -22.01877785 10.70290661
v 20.00000000 -22.30165100 10.70290661
v 20.00000000 -23.34549332 9.87047005
v 22.41879272 -23.02705574 9.87047005
v 20.00000000 -23.92478561 8.66756248
v 22.56872368 -23.58660507 8.66756248
v 20.00000000 -23.92478561 7.33243704
v 22.56872368 -23.58660507 7.33243704
v 20.00000000 -23.34549332 6.12953091
v 22.41879272 -23.02705574 6.12953091
v 20.00000000 -22.30165100 5.29709339
v 22.14862633 -22.01877785 5.29709339
v 24.15082550 -21.18944168 5.29709339
v 25.87015343 -19.87015343 5.29709339
v 27.18944168 -18.15082550 5.29709339
v 28.01877975 -16.14862633 5.29709339
v 29.02705383 -16.41879272 6.12953091
v 28.09343529 -18.67274857 6.12953091
v 26.60826111 -20.60826302 6.12953091
v 24.67274666 -22.09343719 6.12953091
v 29.58660507 -16.56872177 7.33243704
v 28.59511375 -18.96239090 7.33243704
v 27.01788139 -21.01788330 7.33243704
v 24.96239090 -22.59511566 7.33243704
v 29.58660507 -16.56872177 8.66756248
v 28.59511375 -18.96239090 8.66756248
v 27.01788139 -21.01788330 8.66756248
v 24.96239090 -22.59511566 8.66756248
v 29.02705383 -16.41879272 9.87047005
v 28.09343529 -18.67274857 9.87047005
v 26.60826111 -20.60826302 9.87047005
v 24.67274666 -22.09343719 9.87047005
v 28.01877975 -16.14862633 10.70290661
v 27.18944168 -18.15082550 10.70290661
v 25.87015343 -19.87015343 10.70290661
v 24.15082550 -21.18944168 10.70290661
v 2.22806859 -21.39981270 36.92836380
v -18.33887482 -21.39981270 36.92836380
v -17.94338989 -20.36953354 37.71892166
v 2.22806859 -20.36953354 37.71892166
v -20.94528198 -19.69016075 36.14804840
v -20.51013184 -19.20687866 37.12131882
v -19.85888863 -18.48359871 37.77163696
v -21.62750626 -19.12530327 36.08688736
v -21.17083740 -18.72345352 37.06443405
v -20.51293373 -18.06592560 37.74298859
v -21.44592094 -17.89032555 37.53755569
v -22.16720390 -18.45939827 36.48487473
v -23.49381447 -17.64244843 36.39763260
v -23.10128212 -17.41530418 37.20752335
v -22.61292648 -16.96888351 37.85850143
v -24.09535217 -16.40866089 38.08165741
v -25.70017624 -15.97885990 38.34860992
v -27.41204262 -15.70365715 38.57623672
v -29.22353935 -15.68884468 38.51481628
v -27.53053284 -15.93757153 38.08374023
v -29.22353935 -15.92117500 37.86753845
v -27.64075470 -16.07486916 37.55429840
v -26.15012741 -16.41114044 37.20795822
v -24.76226807 -16.94121933 36.78441238
v -24.45365524 -16.76152039 37.48135376
v -25.93651581 -16.25919914 37.80709839
v -32.20000076 -15.68884468 38.51481628
v -32.20000076 -15.92117500 37.86753845
v -29.22353935 15.92117500 37.86753845
v -32.20000076 15.92117500 37.86753845
v -32.20000076 15.68884468 38.51481628
v -29.22353935 15.68884468 38.51481628
v -27.24722862 16.14181709 37.47954178
v -27.10964966 16.00177002 38.02344894
v -26.96091080 15.75859833 38.52656555
v -25.35118484 16.05764580 38.29233551
v -23.85568237 16.48806572 38.04212189
v -22.46151161 17.03581238 37.83995438
v -21.44592094 17.89032555 37.53755569
v -22.96446037 17.49323463 37.18466187
v -22.16720390 18.45939827 36.48487473
v -23.36522675 17.72710991 36.36230087
v -24.55614471 17.03985977 36.71910858
v -25.84733963 16.50784302 37.12060928
v -25.61285019 16.35128975 37.73855972
v -24.23362732 16.85428429 37.43295288
v -7.54956484 20.36953354 37.71892166
v -17.94338989 20.36953354 37.71892166
v -7.54956484 21.39981270 36.92836380
v -18.33887482 21.39981270 36.92836380
v -21.64237785 19.11247253 36.08721161
v -21.18551064 18.71265793 37.06380463
v -20.52807999 18.05730438 37.74247360
v -19.85888863 18.48359871 37.77163696
v -20.51013184 19.20687866 37.12131882
v -20.94528198 19.69016075 36.14804840
v 4.45417690 -16.73861313 37.01107788
v 4.82490253 -16.93392563 36.50214767
v -3.83554339 23.68925285 28.68339348
v -2.97708988 23.02525520 28.90825272
v -2.38927794 22.08635521 28.99834442
v -5.01253414 20.15515518 36.20568085
v -5.63894796 21.06563568 36.22164917
v -6.52470112 21.70953751 36.07179260
v -5.36744404 19.10168076 37.05872345
v -5.42694759 19.98254013 36.92836380
v -6.37837982 19.58725357 37.71892166
v -6.65305614 19.99818993 37.71892166
v -5.92453957 20.72670746 36.92836380
v -6.67010736 21.22487831 36.92836380
v -7.06437826 20.27302551 37.71892166
v -6.36132622 19.10168076 37.75464630
v 14.70071697 -23.12132072 13.41346169
v 15.01501465 -22.14805222 13.98278713
v 13.35056686 -22.14805222 15.11770058
v 11.92763329 -22.14805222 16.54377174
v 10.79638958 -22.14805222 18.21071434
v 9.99672127 -22.14805222 20.05975533
v 9.37823200 -23.12132072 19.85879517
v 10.22637367 -23.12132072 17.89767265
v 11.42619038 -23.12132072 16.12968445
v 12.93537617 -23.12132072 14.61717033
v 8.45259762 -23.77163887 19.55803680
v 9.37328339 -23.77163887 17.42917252
v 10.67572594 -23.77163887 15.50995922
v 5.67353725 -23.69774628 28.64267540
v 6.54777002 -23.03472328 28.83930206
v 7.14497948 -22.09234619 28.90907669
v 4.80202246 -20.16019630 36.11995697
v 4.16942310 -21.07338715 36.15909958
v 3.27029014 -21.71587753 36.03910828
v 2.71325564 -20.27302551 37.71892166
v 3.10752606 -21.22487831 36.92836380
v 3.85309434 -20.72670746 36.92836380
v 4.35290337 -19.97717667 36.92836380
v 4.45750284 -19.10168076 37.00739288
v 3.39986563 -19.58577538 37.71892166
v 3.44827843 -19.10168076 37.74063492
v 3.12457705 -19.99818993 37.71892166
v -34.97163773 14.14805031 37.18436050
v -34.32131958 15.12132072 37.18436050
v -34.32131958 15.12132072 8.00000000
v -34.97163773 14.14805031 8.00000000
v -33.34804916 15.77163792 8.00000000
v -33.34804916 15.77163792 37.18436050
v -34.97163773 13.00000000 6.85194969
v -34.76066208 14.06066036 6.85194969
v -34.15984344 14.95984459 6.85194969
v -33.26065826 15.56066036 6.85194969
v -33.01179504 14.95984459 5.87867975
v -33.69999695 14.50000000 5.87867975
v -34.15984344 13.81179428 5.87867975
v -34.32131958 13.00000000 5.87867975
v -33.26065826 13.43933964 5.22836161
v -33.34804916 13.00000000 5.22836161
v -32.63933945 14.06066036 5.22836161
v -33.01179504 13.81179428 5.22836161
v -33.34804916 15.13897991 38.94695663
v -33.28055191 15.60868359 38.19785690
v -34.19660187 14.99660015 38.19785690
v -34.97163773 13.88599491 37.91445160
v -34.32131958 14.63710403 38.53339386
v -34.97163773 -13.00000000 6.85194969
v -34.32131958 -13.00000000 5.87867975
v -33.34804916 -13.00000000 5.22836161
v -33.34804916 14.88068676 39.30848694
v -34.32131958 14.32678032 38.96774673
v -34.97163773 13.49780083 38.45779800
v -34.97163773 -14.14805031 8.00000000
v -34.76066208 -14.06066036 6.85194969
v -34.32131958 -15.12132072 8.00000000
v -34.15984344 -14.95984459 6.85194969
v -33.34804916 -15.77163792 8.00000000
v -33.26065826 -15.56066036 6.85194969
v -33.01179504 -14.95984459 5.87867975
v -32.63933945 -14.06066036 5.22836161
v -34.15984344 -13.81179428 5.87867975
v -33.69999695 -14.50000000 5.87867975
v -33.26065826 -13.43933964 5.22836161
v -33.01179504 -13.81179428 5.22836161
v -34.98936462 11.79714775 41.43552399
v -34.84495544 10.77380943 44.51137161
v -34.32131958 12.70814037 41.88761902
v -33.30428314 13.30653000 42.18457794
v -33.25308990 12.16091537 44.79313278
v -34.17387772 11.59567451 44.72629166
v -34.97163773 -14.14805031 37.18436050
v -34.32131958 -15.12132072 37.18436050
v -33.34804916 -15.77163792 37.18436050
v -32.98716354 11.92704391 45.41633224
v -33.89479446 11.28447723 45.49661636
v -34.54272461 10.38435555 45.38214874
v -34.00404358 10.38409138 46.38042831
v -32.98607635 11.40380478 46.37559509
v -34.97163773 -13.88599491 37.91445160
v -34.19660187 -14.99660015 38.19785690
v -34.32131958 -14.63710403 38.53339386
v -33.34804916 -15.13897991 38.94695663
v -33.28055191 -15.60868359 38.19785690
v -31.35711670 10.64080334 49.63649750
v -32.28013611 9.97783279 49.80872345
v -32.92183685 9.02422619 49.80678177
v -31.62528801 8.28691101 53.35454941
v -30.31562424 7.72607422 56.94313812
v -30.98690987 9.26179314 53.29896927
v -29.67954636 8.71317387 56.84878922
v -30.05588341 9.93024063 53.08130646
v -28.74306488 9.38363171 56.60110092
v -26.09679413 8.59613609 63.77025986
v -23.43520737 8.02919483 71.03939819
v -24.38093567 7.35817385 71.33636475
v -19.03899765 6.27540159 86.03394318
v -19.67229843 5.27597857 86.17407990
v -16.66445541 4.26626492 94.45506287
v -27.67304611 6.92559481 64.19229126
v -27.03972244 7.92492914 64.05251312
v -25.01305389 6.35423470 71.49573517
v -14.83397293 3.14259052 99.51260376
v -15.74803162 3.78679609 96.98373413
v -16.02702904 5.24643230 94.38335419
v -18.09601593 6.94660854 85.75141144
v -13.93240738 2.18294168 102.02400208
v -13.55206108 1.54434323 103.09979248
v -13.36378193 1.07575595 103.64556885
v -13.27125645 0.73053920 103.92459106
v -13.22326469 0.44083565 104.07843781
v -12.60516167 1.27636290 104.41521454
v -12.55378628 0.83127308 104.64942932
v -11.74633217 1.69969535 104.67117310
v -11.70487595 1.13918447 104.98291779
v -11.74668121 0.00000000 105.22114563
v -12.59598255 0.00000000 104.77653503
v -13.26195240 0.00000000 104.08641815
v -13.61229897 0.00000000 103.41735840
v -11.83138752 2.25499153 104.21421051
v -12.01095676 2.89818168 103.46450043
v -12.38172531 3.67306519 102.16860962
v -13.27240086 4.73712397 99.41222382
v -14.18082428 5.41842270 96.75872803
v -15.09373856 5.91587448 94.15314484
v -15.10807800 4.75216389 96.95517731
v -14.19008255 4.07964325 99.55326843
v -13.28132057 3.04740477 102.19834137
v -12.89507103 2.32102585 103.39168549
v -12.70176125 1.74554133 104.04438019
v -34.97163773 -13.49780083 38.45779800
v -34.32131958 -14.32678032 38.96774673
v -33.34804916 -14.88068676 39.30848694
v -11.70483494 -1.13919616 104.98292542
v -12.55371666 -0.83130485 104.64946747
v -13.22323895 -0.44085389 104.07846069
v -13.27123260 -0.73056483 103.92462158
v -12.60509300 -1.27640712 104.41524506
v -11.74629116 -1.69971108 104.67118073
v -11.83134460 -2.25501013 104.21421051
v -12.01091290 -2.89820218 103.46450043
v -12.38168144 -3.67308664 102.16860962
v -13.27235603 -4.73714590 99.41221619
v -14.18077850 -5.41844416 96.75872040
v -15.09369087 -5.91589546 94.15312958
v -18.09596825 -6.94662952 85.75140381
v -20.76662254 -7.52758789 78.36946869
v -23.43515778 -8.02921486 71.03938293
v -26.09674644 -8.59615707 63.77024841
v -27.03965187 -7.92500591 64.05249786
v -29.67947388 -8.71325016 56.84877396
v -30.31560516 -7.72612190 56.94313812
v -31.62670135 -8.28765774 53.35062408
v -32.92465210 -9.02614784 49.79904175
v -13.36375999 -1.07578754 103.64559174
v -13.55203819 -1.54438007 103.09981537
v -13.93238544 -2.18298292 102.02400970
v -14.83395195 -3.14263558 99.51261902
v -15.74801064 -3.78684235 96.98373413
v -16.66443634 -4.26631212 94.45506287
v -15.10800457 -4.75223923 96.95516968
v -16.02695656 -5.24650812 94.38334656
v -19.67227936 -5.27602673 86.17407990
v -19.03892517 -6.27547932 86.03392792
v -22.34455872 -5.85250092 78.82712555
v -25.01303482 -6.35428381 71.49572754
v -27.67302704 -6.92564249 64.19229126
v -24.38086510 -7.35825109 71.33634186
v -34.00404358 -10.38409138 46.38042831
v -32.28288651 -9.97972107 49.80112457
v -30.98826981 -9.26255322 53.29507828
v -30.05727386 -9.93094254 53.07746124
v -28.74301720 -9.38365269 56.60108566
v -32.98607635 -11.40380478 46.37559509
v -31.35991669 -10.64262009 49.62902069
v -12.70169163 -1.74559534 104.04441071
v -12.89500141 -2.32108808 103.39170837
v -13.28124905 -3.04747319 102.19834900
v -14.19001102 -4.07971668 99.55326080
v -21.71243477 -6.85663700 78.66698456
v -34.98936462 -11.79714775 41.43552399
v -34.32131958 -12.70814037 41.88761902
v -33.30428314 -13.30653000 42.18457794
v -34.17387772 -11.59567451 44.72629166
v -34.84495544 -10.77380943 44.51137161
v -33.25308990 -12.16091537 44.79313278
v -32.98716354 -11.92704391 45.41633224
v -33.89479446 -11.28447723 45.49661636
v -34.54272461 -10.38435555 45.38214874
v -15.07021141 -11.31902695 45.76541519
v -15.29289341 -11.63784790 45.88066483
v -15.63190556 -11.84726620 45.95636749
v -15.63190556 -13.29800224 42.51992035
v -15.50000000 -14.96108055 39.35794067
v -15.29289341 -13.09769249 42.42264557
v -15.13397408 -14.64931965 39.16616058
v -15.07021141 -12.79273796 42.27455139
v -15.13397408 -15.43090916 38.27748108
v -15.50000000 -15.66093254 38.56219864
v -15.50000000 -16.58597183 38.04518890
v -15.63190556 11.84726620 45.95636749
v -15.29289341 11.63784790 45.88066483
v -15.07021141 11.31902695 45.76541519
v -15.07021141 12.79273796 42.27455139
v -15.29289341 13.09769249 42.42264557
v -15.63190556 13.29800224 42.51992035
v -15.50000000 14.96108055 39.35794067
v -15.13397408 14.64931965 39.16616058
v -15.13397408 15.43090916 38.27748108
v -15.50000000 16.58597183 38.04518890
v -15.50000000 15.66093254 38.56219864
v -13.93190479 -10.78349876 49.56566238
v -13.59289265 -10.56702137 49.51345825
v -13.37021255 -10.23745632 49.43398285
v -13.37021255 -9.48180199 53.12022781
v -13.59289265 -9.81576347 53.17852783
v -13.93190479 -10.03512764 53.21682358
v -13.93190479 -8.92839146 61.66091919
v -13.59289265 -8.70679951 61.63890457
v -13.37021255 -8.36944771 61.60539246
v -12.23190498 -8.41106510 67.64639282
v -12.23190498 -7.96739292 73.90695190
v -12.23190498 -7.79221582 76.49211121
v -11.89289284 -7.57005167 76.47694397
v -11.67021179 -7.23182726 76.45386505
v -11.67021179 -7.40697908 73.86900330
v -11.67021179 -7.85099554 67.60366821
v -11.89289284 -8.18902779 67.62945557
v -11.89289284 -7.74521875 73.89191437
v -10.53190422 -6.63897324 89.95972443
v -10.19289398 -6.41787529 89.93321228
v -9.97021198 -6.08127403 89.89284515
v -7.97021151 4.39962482 98.98482513
v -7.97021151 3.77309418 100.82150269
v -7.97021151 2.91419053 102.59146881
v -8.19371414 4.08889008 100.94703674
v -8.19399071 3.20536232 102.76722717
v -8.53190517 4.29506016 101.02898407
v -8.53190517 3.39506531 102.88173676
v -8.19343758 4.72533321 99.08080292
v -8.53190517 4.93841219 99.14359283
v -8.53190517 2.69793057 103.86100769
v -8.53190517 1.73140526 104.73659515
v -8.53190517 0.91341400 105.13983917
v -8.51792717 0.00000000 105.29907227
v -8.19439125 0.84340745 104.93002319
v -8.19448662 0.00000000 105.08346558
v -7.97765160 0.00000000 104.76082611
v -7.97021151 0.73563510 104.60701752
v -7.90001822 0.00000000 104.38000488
v -7.97021151 1.42050564 104.26879120
v -7.97021151 2.27047539 103.49655151
v -8.19414234 2.52941656 103.71733856
v -8.19429493 1.60892463 104.55229950
v -7.97021151 -0.73563510 104.60701752
v -7.97021151 -1.42050564 104.26879120
v -8.19429493 -1.60892463 104.55229950
v -8.19414234 -2.52941656 103.71733856
v -8.53190517 -2.69793057 103.86100769
v -8.53190517 -3.39506531 102.88173676
v -8.19439125 -0.84340745 104.93002319
v -8.53190517 -1.73140526 104.73659515
v -8.53190517 -0.91341400 105.13983917
v -8.53190517 -4.29506016 101.02898407
v -8.53190517 -4.93841219 99.14359283
v -8.19343758 -4.72533321 99.08080292
v -7.97021151 -4.39962482 98.98482513
v -7.97021151 -2.91419053 102.59146881
v -7.97021151 -3.77309418 100.82150269
v -7.97021151 -2.27047539 103.49655151
v -8.19399071 -3.20536232 102.76722717
v -8.19371414 -4.08889008 100.94703674
v -9.97021198 6.08127403 89.89284515
v -10.19289398 6.41787529 89.93321228
v -10.53190422 6.63897324 89.95972443
v -11.67021179 7.85099554 67.60366821
v -11.89289284 8.18902779 67.62945557
v -12.23190498 8.41106510 67.64639282
v -12.23190498 7.79221582 76.49211121
v -12.23190498 7.96739292 73.90695190
v -11.89289284 7.57005167 76.47694397
v -11.89289284 7.74521875 73.89191437
v -11.67021179 7.40697908 73.86900330
v -11.67021179 7.23182726 76.45386505
v -13.37021255 10.23745632 49.43398285
v -13.59289265 10.56702137 49.51345825
v -13.93190479 10.78349876 49.56565857
v -13.93190479 10.03512764 53.21682358
v -13.93190479 8.92839146 61.66091919
v -13.59289265 8.70679951 61.63890457
v -13.37021255 8.36944771 61.60539246
v -13.37021255 9.48180199 53.12022781
v -13.59289265 9.81576347 53.17852783
f 1 2 3
f 3 2 4
f 3 4 5
f 3 5 6
f 6 5 7
f 6 7 8
f 7 5 9
f 9 5 10
f 10 5 4
f 10 4 11
f 11 4 12
f 12 4 2
f 9 10 13
f 13 10 14
f 14 10 11
f 14 11 15
f 15 11 16
f 16 11 12
f 13 14 8
f 8 14 6
f 6 14 15
f 6 15 3
f 3 15 1
f 1 15 16
f 12 2 17
f 17 2 18
f 2 1 18
f 18 1 19
f 20 21 22
f 22 21 23
f 22 23 24
f 25 7 21
f 21 7 9
f 21 9 26
f 26 9 27
f 27 9 28
f 28 9 13
f 28 13 29
f 29 13 30
f 30 13 31
f 30 31 32
f 32 31 33
f 32 33 34
f 34 33 35
f 35 33 36
f 36 33 37
f 36 37 38
f 38 37 39
f 39 37 40
f 40 37 41
f 40 41 42
f 42 41 43
f 43 41 44
f 44 41 45
f 44 45 46
f 46 45 47
f 47 45 48
f 47 48 49
f 49 48 50
f 50 48 51
f 50 51 52
f 25 53 7
f 7 53 8
f 8 53 31
f 8 31 13
f 54 55 31
f 31 55 56
f 31 56 57
f 57 58 31
f 31 58 33
f 37 59 41
f 41 59 60
f 41 60 61
f 61 62 41
f 52 63 50
f 50 63 64
f 50 64 24
f 24 64 65
f 24 65 66
f 64 67 65
f 65 67 68
f 66 69 24
f 24 69 70
f 24 70 22
f 26 23 21
f 71 72 73
f 73 72 74
f 74 72 75
f 74 75 76
f 76 75 19
f 19 75 18
f 77 78 71
f 71 78 72
f 72 78 79
f 72 79 75
f 75 79 17
f 75 17 18
f 19 80 76
f 76 80 81
f 76 81 74
f 74 81 82
f 74 82 73
f 73 82 83
f 77 71 84
f 84 71 85
f 85 71 86
f 86 71 73
f 86 73 87
f 87 73 88
f 87 88 89
f 73 83 88
f 1 16 19
f 19 16 80
f 90 91 92
f 92 91 93
f 92 93 94
f 94 93 95
f 94 95 96
f 96 95 97
f 90 98 91
f 91 98 99
f 92 94 90
f 90 94 96
f 90 96 98
f 98 96 100
f 98 100 101
f 101 100 102
f 102 100 103
f 103 100 104
f 103 104 105
f 105 104 106
f 106 104 107
f 107 104 108
f 108 104 109
f 108 109 110
f 110 109 111
f 111 109 112
f 112 109 113
f 113 109 114
f 114 109 115
f 114 115 116
f 116 115 117
f 117 115 118
f 117 118 119
f 119 118 120
f 120 118 110
f 110 118 98
f 110 98 121
f 121 98 122
f 122 98 101
f 104 100 123
f 123 100 124
f 123 124 125
f 125 124 126
f 126 124 127
f 127 124 128
f 127 128 129
f 129 128 130
f 130 128 131
f 130 131 132
f 132 131 133
f 132 133 123
f 123 133 134
f 134 133 135
f 134 135 136
f 124 137 128
f 128 137 138
f 138 137 139
f 138 139 140
f 128 141 131
f 131 141 142
f 142 141 143
f 143 141 144
f 144 141 145
f 144 145 146
f 146 145 147
f 147 145 134
f 147 134 136
f 145 141 148
f 148 141 149
f 148 149 150
f 150 149 151
f 145 115 134
f 134 115 109
f 115 152 118
f 118 152 153
f 153 152 154
f 153 154 155
f 125 156 123
f 123 156 157
f 123 157 158
f 158 132 123
f 121 108 110
f 137 159 139
f 139 159 160
f 139 160 140
f 140 160 161
f 140 161 138
f 138 161 162
f 137 124 159
f 159 124 163
f 152 164 154
f 154 164 165
f 154 165 155
f 155 165 166
f 155 166 153
f 153 166 167
f 152 115 164
f 164 115 168
f 149 169 151
f 151 169 170
f 151 170 150
f 150 170 171
f 150 171 148
f 148 171 172
f 149 141 169
f 169 141 173
f 174 175 176
f 176 175 177
f 177 175 178
f 177 178 179
f 179 178 180
f 179 180 88
f 88 180 89
f 174 176 181
f 181 176 182
f 181 182 183
f 183 182 184
f 184 182 185
f 184 185 186
f 187 188 189
f 189 188 190
f 189 190 191
f 191 190 192
f 191 192 193
f 188 194 190
f 190 194 195
f 190 195 192
f 192 195 196
f 196 195 197
f 196 197 198
f 53 199 194
f 194 199 195
f 199 197 195
f 200 201 202
f 202 201 203
f 202 203 204
f 204 203 205
f 204 205 206
f 201 207 203
f 203 207 208
f 203 208 205
f 205 208 209
f 209 208 210
f 209 210 25
f 211 212 207
f 207 212 208
f 212 210 208
f 53 25 199
f 199 25 210
f 199 210 212
f 211 198 212
f 212 198 197
f 212 197 199
f 25 21 209
f 209 21 213
f 209 213 205
f 205 213 214
f 205 214 206
f 206 214 215
f 216 217 218
f 218 217 219
f 218 219 220
f 220 219 221
f 211 207 217
f 217 207 219
f 219 207 201
f 219 201 221
f 221 201 222
f 222 201 200
f 222 200 223
f 223 200 224
f 225 193 226
f 226 193 227
f 227 193 192
f 227 192 220
f 220 192 218
f 218 192 196
f 218 196 216
f 216 196 198
f 228 229 187
f 187 229 188
f 188 229 230
f 188 230 194
f 194 230 231
f 194 231 53
f 53 231 31
f 200 232 224
f 224 232 233
f 224 233 234
f 232 200 235
f 235 200 202
f 235 202 204
f 204 206 235
f 235 206 236
f 235 236 237
f 215 238 206
f 206 238 236
f 234 239 224
f 224 239 240
f 240 239 241
f 216 198 217
f 217 198 211
f 242 243 244
f 244 243 245
f 244 245 246
f 246 245 247
f 246 247 248
f 243 247 245
f 248 249 246
f 246 249 250
f 246 250 251
f 251 250 86
f 251 244 246
f 252 253 254
f 254 253 255
f 254 255 256
f 256 255 257
f 256 257 258
f 258 257 259
f 259 257 260
f 259 260 261
f 261 260 262
f 261 262 263
f 253 264 255
f 255 264 265
f 255 265 257
f 257 265 260
f 264 109 265
f 265 109 266
f 265 266 260
f 260 266 262
f 235 267 268
f 268 267 269
f 268 269 270
f 270 269 271
f 270 271 272
f 272 271 273
f 273 271 274
f 274 271 275
f 274 275 85
f 269 267 271
f 271 267 275
f 248 272 249
f 249 272 273
f 249 273 274
f 85 86 274
f 274 86 250
f 274 250 249
f 276 241 277
f 277 241 278
f 277 278 279
f 277 279 280
f 280 279 123
f 280 123 134
f 232 281 233
f 233 281 282
f 233 282 234
f 234 282 283
f 234 283 239
f 239 283 284
f 284 283 285
f 284 285 286
f 286 285 287
f 286 287 104
f 281 288 282
f 282 288 289
f 282 289 283
f 283 289 285
f 288 290 289
f 289 290 291
f 289 291 285
f 285 291 287
f 290 263 291
f 291 263 262
f 291 262 266
f 109 104 266
f 266 104 287
f 266 287 291
f 241 239 278
f 278 239 284
f 278 284 279
f 279 284 286
f 279 286 123
f 123 286 104
f 272 290 270
f 270 290 288
f 270 288 268
f 268 288 281
f 268 281 235
f 235 281 232
f 235 237 267
f 267 237 292
f 267 292 275
f 275 292 293
f 275 293 85
f 85 293 84
f 109 264 134
f 134 264 280
f 280 264 253
f 280 253 277
f 277 253 252
f 277 252 276
f 263 248 261
f 261 248 247
f 261 247 259
f 259 247 243
f 259 243 258
f 258 243 242
f 87 294 86
f 86 294 251
f 251 294 295
f 251 295 244
f 244 295 296
f 244 296 242
f 242 296 297
f 276 298 241
f 241 298 240
f 225 258 193
f 193 258 242
f 193 242 191
f 191 242 189
f 189 242 187
f 187 242 299
f 187 299 300
f 298 252 225
f 225 252 254
f 225 254 256
f 298 276 252
f 256 258 225
f 242 297 299
f 300 228 187
f 290 272 263
f 263 272 248
f 106 301 105
f 105 301 302
f 105 302 103
f 103 302 303
f 103 303 102
f 102 303 304
f 102 304 101
f 101 304 305
f 101 305 122
f 122 305 306
f 122 306 121
f 121 306 307
f 121 307 108
f 108 307 308
f 108 308 107
f 107 308 309
f 107 309 106
f 106 309 301
f 125 310 156
f 156 310 311
f 156 311 157
f 157 311 312
f 157 312 158
f 158 312 313
f 158 313 132
f 132 313 314
f 132 314 130
f 130 314 315
f 130 315 129
f 129 315 316
f 129 316 127
f 127 316 317
f 127 317 126
f 126 317 318
f 126 318 125
f 125 318 310
f 110 319 120
f 120 319 320
f 120 320 119
f 119 320 321
f 119 321 117
f 117 321 322
f 117 322 116
f 116 322 323
f 116 323 114
f 114 323 324
f 114 324 113
f 113 324 325
f 113 325 112
f 112 325 326
f 112 326 111
f 111 326 327
f 111 327 110
f 110 327 319
f 143 328 142
f 142 328 329
f 142 329 131
f 131 329 330
f 131 330 133
f 133 330 331
f 133 331 135
f 135 331 332
f 135 332 136
f 136 332 333
f 136 333 147
f 147 333 334
f 147 334 146
f 146 334 335
f 146 335 144
f 144 335 336
f 144 336 143
f 143 336 328
f 167 337 153
f 153 337 118
f 338 168 145
f 145 168 115
f 172 338 148
f 148 338 145
f 339 173 128
f 128 173 141
f 162 339 138
f 138 339 128
f 340 163 100
f 100 163 124
f 97 340 96
f 96 340 100
f 337 99 118
f 118 99 98
f 95 91 97
f 97 91 99
f 97 99 340
f 340 99 304
f 340 304 303
f 95 93 91
f 337 327 99
f 99 327 306
f 99 306 305
f 167 164 337
f 337 164 168
f 337 168 321
f 321 168 322
f 322 168 323
f 323 168 225
f 323 225 324
f 324 225 325
f 325 225 326
f 326 225 220
f 326 220 327
f 327 220 307
f 327 307 306
f 166 165 167
f 167 165 164
f 225 168 298
f 298 168 338
f 298 338 333
f 333 338 334
f 334 338 335
f 335 338 173
f 335 173 336
f 336 173 328
f 328 173 329
f 329 173 339
f 329 339 314
f 314 339 315
f 315 339 316
f 316 339 163
f 316 163 317
f 317 163 318
f 318 163 240
f 318 240 310
f 310 240 311
f 311 240 312
f 312 240 313
f 313 240 330
f 313 330 329
f 338 172 173
f 173 172 169
f 169 172 171
f 169 171 170
f 163 339 159
f 159 339 162
f 159 162 160
f 160 162 161
f 163 340 240
f 240 340 224
f 224 340 302
f 224 302 301
f 222 223 221
f 221 223 224
f 221 224 308
f 308 224 309
f 309 224 301
f 240 298 330
f 330 298 331
f 331 298 332
f 332 298 333
f 225 226 220
f 220 226 227
f 220 221 307
f 307 221 308
f 305 304 99
f 303 302 340
f 314 313 329
f 320 319 337
f 337 319 327
f 321 320 337
f 89 180 87
f 87 180 341
f 87 341 294
f 294 341 295
f 295 341 296
f 296 341 297
f 180 178 341
f 341 178 175
f 341 175 342
f 342 175 174
f 342 174 181
f 342 181 343
f 343 181 183
f 343 183 344
f 344 183 184
f 16 12 80
f 80 12 17
f 80 17 81
f 81 17 79
f 81 79 345
f 345 79 78
f 345 78 77
f 84 346 77
f 77 346 347
f 77 347 348
f 346 84 349
f 349 84 293
f 349 293 350
f 350 293 351
f 350 351 352
f 352 351 353
f 352 353 354
f 354 353 355
f 355 353 356
f 356 353 357
f 356 357 358
f 358 357 345
f 358 345 348
f 348 345 77
f 293 292 351
f 351 292 237
f 81 345 82
f 82 345 359
f 82 359 360
f 360 359 361
f 361 359 362
f 362 359 363
f 362 363 364
f 364 363 365
f 365 363 366
f 365 366 367
f 365 367 368
f 368 367 369
f 368 369 370
f 370 369 182
f 370 182 176
f 177 371 176
f 176 371 372
f 176 372 370
f 371 177 83
f 83 177 179
f 83 179 88
f 82 360 83
f 83 360 373
f 83 373 371
f 374 375 376
f 376 375 377
f 377 375 378
f 377 378 379
f 380 381 375
f 375 381 382
f 375 382 383
f 384 385 380
f 380 385 386
f 380 386 381
f 384 387 385
f 383 378 375
f 388 389 390
f 390 389 391
f 390 391 353
f 353 351 390
f 392 393 394
f 394 393 395
f 394 395 396
f 392 397 393
f 393 397 398
f 399 400 401
f 401 400 402
f 402 400 403
f 402 403 404
f 404 403 405
f 404 405 406
f 406 405 407
f 406 407 408
f 408 407 409
f 408 409 410
f 410 409 411
f 410 411 412
f 412 411 413
f 412 413 414
f 412 414 415
f 415 414 416
f 415 416 417
f 415 417 418
f 418 417 419
f 418 419 420
f 399 401 421
f 421 401 422
f 421 422 420
f 420 422 418
f 423 424 425
f 425 424 426
f 425 426 427
f 427 426 428
f 427 428 429
f 429 428 430
f 429 430 431
f 431 430 432
f 431 432 433
f 433 432 434
f 433 434 435
f 435 434 436
f 435 436 437
f 437 436 438
f 437 438 439
f 439 438 440
f 439 440 441
f 441 440 442
f 441 442 443
f 443 442 444
f 445 446 447
f 447 446 448
f 447 448 449
f 449 448 450
f 449 450 451
f 451 450 452
f 451 452 453
f 453 452 454
f 453 454 455
f 455 454 456
f 455 456 457
f 457 456 458
f 457 458 459
f 459 458 460
f 459 460 461
f 461 460 462
f 461 462 463
f 463 462 464
f 463 464 465
f 465 464 466
f 467 468 469
f 469 468 470
f 469 470 471
f 471 470 472
f 471 472 473
f 473 472 474
f 473 474 475
f 475 474 476
f 475 476 477
f 477 476 478
f 477 478 479
f 479 478 480
f 479 480 481
f 481 480 482
f 481 482 483
f 483 482 484
f 483 484 485
f 485 484 486
f 485 486 487
f 487 486 488
f 489 490 491
f 491 490 492
f 491 492 493
f 493 492 494
f 493 494 495
f 495 494 496
f 495 496 497
f 497 496 498
f 497 498 499
f 499 498 500
f 499 500 501
f 501 500 502
f 501 502 503
f 503 502 504
f 503 504 505
f 505 504 506
f 505 506 507
f 507 506 508
f 507 508 509
f 509 508 510
f 468 467 511
f 511 467 512
f 511 512 488
f 488 512 487
f 446 445 513
f 513 445 514
f 513 514 466
f 466 514 465
f 424 423 515
f 515 423 516
f 515 516 444
f 444 516 443
f 490 489 517
f 517 489 518
f 517 518 510
f 510 518 509
f 519 520 521
f 521 520 522
f 521 522 523
f 523 522 524
f 523 524 525
f 525 524 526
f 525 526 527
f 527 526 528
f 527 528 529
f 529 528 530
f 529 530 531
f 531 530 532
f 531 532 533
f 533 532 534
f 533 534 535
f 535 534 536
f 535 536 537
f 537 536 538
f 537 538 539
f 539 538 540
f 539 540 541
f 541 540 542
f 541 542 519
f 519 542 520
f 543 544 545
f 545 544 546
f 545 546 547
f 547 546 548
f 547 548 549
f 549 548 550
f 550 548 551
f 550 551 552
f 552 551 553
f 552 553 541
f 541 553 554
f 541 554 539
f 539 554 555
f 539 555 537
f 537 555 556
f 537 556 535
f 535 556 557
f 535 557 533
f 533 557 558
f 533 558 531
f 531 558 559
f 531 559 529
f 529 559 560
f 529 560 561
f 561 560 562
f 562 560 563
f 562 563 564
f 564 563 565
f 564 565 566
f 544 543 567
f 567 543 568
f 567 568 569
f 569 568 570
f 569 570 557
f 557 570 571
f 557 571 572
f 572 571 573
f 572 573 574
f 574 573 575
f 575 573 566
f 566 573 564
f 573 576 564
f 564 577 562
f 562 577 578
f 578 577 579
f 579 577 580
f 579 580 581
f 581 580 582
f 582 580 583
f 583 580 584
f 583 584 585
f 585 584 586
f 585 586 587
f 587 586 588
f 587 588 589
f 589 588 590
f 589 590 591
f 591 590 592
f 591 592 593
f 593 592 594
f 593 594 595
f 595 594 596
f 595 596 597
f 577 598 580
f 595 597 599
f 599 597 600
f 599 600 601
f 601 600 541
f 601 541 602
f 602 541 519
f 602 519 603
f 603 519 521
f 603 521 604
f 604 521 523
f 604 523 585
f 585 523 525
f 585 525 605
f 605 525 527
f 605 527 606
f 606 527 529
f 606 529 561
f 600 552 541
f 587 604 585
f 556 569 557
f 607 608 609
f 609 608 610
f 609 610 611
f 611 610 612
f 612 610 613
f 612 613 614
f 614 613 615
f 614 615 616
f 608 607 617
f 617 607 618
f 617 618 619
f 619 618 620
f 620 618 621
f 620 621 622
f 622 621 623
f 623 621 624
f 623 624 625
f 625 624 626
f 626 624 627
f 626 627 628
f 628 382 626
f 626 382 629
f 629 382 381
f 629 381 630
f 630 381 631
f 630 631 632
f 632 633 630
f 630 633 634
f 634 633 635
f 635 633 636
f 635 636 637
f 637 636 616
f 637 616 638
f 636 614 616
f 620 622 638
f 638 622 637
f 639 640 641
f 641 640 642
f 641 642 643
f 644 645 639
f 639 645 646
f 639 646 647
f 648 649 644
f 644 649 650
f 644 650 651
f 652 653 648
f 648 653 649
f 651 654 644
f 644 654 655
f 644 655 645
f 655 654 656
f 656 654 657
f 656 657 658
f 658 657 659
f 658 659 660
f 660 659 661
f 660 661 662
f 662 661 663
f 646 645 664
f 664 645 665
f 664 665 666
f 666 665 667
f 666 667 668
f 668 667 669
f 668 669 670
f 670 669 671
f 647 640 639
f 643 672 641
f 673 674 675
f 675 674 676
f 675 676 677
f 678 679 677
f 677 679 680
f 677 680 675
f 675 680 681
f 675 681 682
f 682 681 683
f 682 683 684
f 679 678 685
f 685 678 686
f 685 686 687
f 687 686 688
f 687 688 689
f 689 688 690
f 689 690 691
f 691 690 692
f 692 690 693
f 691 694 689
f 689 694 695
f 695 694 696
f 695 696 697
f 697 696 698
f 697 698 699
f 699 698 700
f 699 700 701
f 701 700 702
f 701 702 703
f 703 702 704
f 704 702 705
f 705 702 706
f 705 706 707
f 707 706 708
f 708 706 709
f 708 709 710
f 710 709 711
f 710 711 712
f 712 711 713
f 713 711 714
f 713 714 715
f 698 716 700
f 700 716 717
f 717 716 718
f 717 718 719
f 719 718 720
f 720 718 721
f 721 718 722
f 721 722 723
f 715 724 713
f 713 724 725
f 710 712 726
f 726 712 727
f 726 727 728
f 728 727 729
f 728 729 730
f 730 729 731
f 730 731 732
f 730 732 733
f 733 732 734
f 733 734 735
f 735 734 736
f 735 736 737
f 737 736 738
f 737 738 684
f 684 738 682
f 738 739 682
f 682 739 740
f 741 742 743
f 743 742 744
f 743 744 745
f 742 741 701
f 701 741 699
f 710 746 708
f 708 746 745
f 745 746 743
f 702 747 706
f 706 747 748
f 706 748 749
f 750 751 702
f 702 751 752
f 702 752 753
f 751 754 752
f 752 754 755
f 752 755 756
f 757 758 756
f 756 758 759
f 756 759 760
f 760 759 761
f 761 759 762
f 761 762 763
f 763 762 764
f 763 764 765
f 765 764 766
f 765 766 767
f 767 766 768
f 767 768 769
f 769 768 770
f 769 770 771
f 758 757 772
f 772 757 773
f 772 773 774
f 774 773 775
f 774 775 776
f 775 773 777
f 777 773 778
f 777 778 779
f 779 778 780
f 779 780 781
f 781 780 782
f 781 782 783
f 783 782 784
f 783 784 785
f 783 785 786
f 786 785 787
f 786 787 788
f 786 788 789
f 789 788 790
f 789 790 791
f 791 790 792
f 791 792 793
f 793 792 794
f 793 794 795
f 795 794 769
f 795 769 771
f 796 749 767
f 767 749 797
f 767 797 765
f 796 798 749
f 749 798 799
f 749 799 706
f 706 799 800
f 749 801 797
f 797 801 802
f 802 801 803
f 802 803 804
f 804 803 805
f 804 805 806
f 806 805 807
f 806 807 808
f 808 807 752
f 808 752 756
f 753 747 702
f 760 808 756
f 809 810 811
f 811 810 812
f 811 812 813
f 813 812 814
f 813 814 768
f 768 814 770
f 810 809 772
f 772 809 758
f 795 771 815
f 815 771 816
f 815 816 817
f 817 816 818
f 817 818 776
f 776 818 774
f 791 793 819
f 819 793 820
f 819 820 821
f 821 820 822
f 821 822 823
f 823 822 777
f 823 777 779
f 824 825 826
f 826 825 827
f 827 825 828
f 828 825 829
f 828 829 830
f 830 829 831
f 830 831 832
f 832 831 833
f 832 833 834
f 834 833 835
f 834 835 836
f 837 838 839
f 839 838 840
f 839 840 841
f 841 842 839
f 843 844 839
f 839 844 845
f 839 845 837
f 837 845 846
f 846 845 847
f 847 845 848
f 849 824 843
f 843 824 844
f 824 826 844
f 844 826 850
f 837 851 838
f 838 851 852
f 838 852 853
f 853 852 854
f 853 854 855
f 855 854 856
f 855 856 857
f 857 856 858
f 857 858 859
f 859 858 860
f 860 858 861
f 860 861 862
f 862 861 863
f 862 863 864
f 864 863 865
f 864 865 866
f 866 865 867
f 866 867 837
f 837 867 851
f 868 859 869
f 869 859 860
f 869 860 870
f 870 860 871
f 870 872 869
f 869 872 873
f 873 872 874
f 873 874 875
f 876 877 872
f 872 877 878
f 872 878 874
f 875 879 873
f 873 879 880
f 873 880 881
f 874 882 875
f 875 882 883
f 875 883 884
f 885 886 874
f 874 886 887
f 874 887 888
f 889 890 885
f 885 890 891
f 885 891 892
f 892 891 893
f 893 891 894
f 893 894 895
f 895 894 896
f 895 896 884
f 884 896 875
f 890 889 897
f 897 889 898
f 897 898 899
f 899 898 900
f 899 900 901
f 901 900 902
f 901 902 903
f 903 902 904
f 903 904 905
f 905 904 906
f 905 906 907
f 907 906 896
f 907 896 894
f 892 886 885
f 888 882 874
f 900 908 902
f 902 908 909
f 902 909 910
f 900 911 908
f 909 908 912
f 912 908 913
f 912 913 914
f 914 913 915
f 915 913 916
f 916 913 917
f 914 918 912
f 912 918 919
f 912 919 920
f 920 921 912
f 914 922 918
f 918 922 923
f 918 923 924
f 925 926 914
f 914 926 927
f 914 927 922
f 928 929 925
f 925 929 930
f 925 930 926
f 931 932 928
f 928 932 933
f 928 933 934
f 932 931 935
f 935 931 936
f 935 936 937
f 937 936 938
f 937 938 939
f 939 938 940
f 939 940 941
f 941 940 942
f 941 942 943
f 943 942 944
f 944 942 945
f 944 945 934
f 934 945 929
f 934 929 928
f 942 946 945
f 945 946 947
f 947 946 924
f 924 946 918
f 948 938 949
f 949 938 936
f 949 936 950
f 950 936 951
f 949 950 952
f 952 950 953
f 952 953 954
f 955 956 954
f 954 956 957
f 954 957 958
f 958 609 954
f 954 609 611
f 954 611 959
f 959 611 960
f 959 960 961
f 961 962 959
f 959 962 963
f 959 952 954
f 964 965 966
f 966 965 967
f 966 967 968
f 968 967 969
f 968 969 970
f 970 969 971
f 970 971 972
f 972 971 973
f 972 973 974
f 974 973 975
f 974 975 976
f 976 975 977
f 976 977 978
f 978 977 979
f 979 980 978
f 978 980 981
f 980 965 981
f 981 965 964
f 982 983 984
f 984 983 985
f 984 985 986
f 986 985 987
f 986 987 988
f 988 987 989
f 988 989 990
f 990 989 991
f 990 991 992
f 992 991 993
f 992 993 994
f 994 993 995
f 994 995 996
f 996 995 997
f 997 998 996
f 996 998 999
f 998 983 999
f 999 983 982
f 1000 1001 1002
f 1002 1001 1003
f 1002 1003 1004
f 1004 1003 1005
f 1004 1005 1006
f 1006 1005 1007
f 1006 1007 1008
f 1008 1007 1009
f 1008 1009 1010
f 1010 1009 1011
f 1010 1011 1012
f 1012 1011 1013
f 1012 1013 1014
f 1014 1013 1015
f 1015 1016 1014
f 1014 1016 1017
f 1016 1001 1017
f 1017 1001 1000
f 1018 1019 1020
f 1020 1019 1021
f 1020 1021 1022
f 1022 1021 1023
f 1022 1023 1024
f 1024 1023 1025
f 1024 1025 1026
f 1026 1025 1027
f 1026 1027 1028
f 1028 1027 1029
f 1028 1029 1030
f 1030 1029 1031
f 1030 1031 1032
f 1032 1031 1033
f 1033 1034 1032
f 1032 1034 1035
f 1034 1019 1035
f 1035 1019 1018
f 1036 1037 1038
f 1038 1037 1039
f 1038 1039 1040
f 1040 1039 1041
f 1040 1041 1042
f 1042 1041 1043
f 1042 1043 1044
f 1044 1043 1045
f 1044 1045 1046
f 1046 1045 1047
f 1046 1047 1048
f 1048 1047 1049
f 1048 1049 1050
f 1050 1049 1051
f 1051 1052 1050
f 1050 1052 1053
f 1052 1037 1053
f 1053 1037 1036
f 1054 1055 1056
f 1056 1055 1057
f 1056 1057 1058
f 1058 1057 1059
f 1058 1059 1060
f 1060 1059 1061
f 1060 1061 1062
f 1062 1061 1063
f 1062 1063 1064
f 1064 1063 1065
f 1064 1065 1066
f 1066 1065 1067
f 1066 1067 1068
f 1068 1067 1069
f 1069 1070 1068
f 1068 1070 1071
f 1070 1055 1071
f 1071 1055 1054
f 1072 1073 1074
f 1074 1073 1075
f 1074 1075 1076
f 1076 1075 1077
f 1077 1075 1078
f 1077 1078 1079
f 1079 1078 1080
f 1079 1080 1081
f 1081 1080 1082
f 1081 1082 1083
f 1083 1082 1084
f 1083 1084 1085
f 1086 1087 1072
f 1072 1087 1088
f 1072 1088 1089
f 1090 1091 1086
f 1086 1091 1092
f 1086 1092 1093
f 1093 1092 1094
f 1094 1092 1095
f 1095 1092 1096
f 1095 1096 1097
f 1097 1096 1098
f 1097 1098 1099
f 1099 1098 1100
f 1099 1100 1101
f 1102 1103 1092
f 1092 1103 1104
f 1092 1104 1105
f 1106 1101 1102
f 1102 1101 1107
f 1102 1107 1108
f 1074 1109 1106
f 1106 1109 1110
f 1106 1110 1111
f 1112 1086 1113
f 1113 1086 1114
f 1113 1114 1115
f 1112 1087 1086
f 1089 1073 1072
f 1073 1116 1075
f 1075 1116 1117
f 1117 1116 1118
f 1117 1118 1119
f 1119 1118 1120
f 1119 1120 1115
f 1115 1120 1113
f 1108 1103 1102
f 1105 1096 1092
f 1121 1122 1106
f 1106 1122 1123
f 1106 1123 1124
f 1124 1123 1125
f 1125 1123 1126
f 1125 1126 1127
f 1125 1127 1128
f 1128 1127 1129
f 1128 1129 1130
f 1130 1129 1131
f 1130 1131 1132
f 1132 1131 1085
f 1085 1131 1133
f 1085 1133 1083
f 1131 1110 1133
f 1133 1110 1109
f 1111 1121 1106
f 1076 1134 1074
f 1074 1134 1135
f 1074 1135 1109
f 1124 1136 1106
f 1106 1136 1101
f 1136 1099 1101
f 1093 1114 1086
f 375 374 1137
f 1137 374 1138
f 1138 374 1139
f 1139 374 1140
f 1139 1140 1141
f 1141 1140 1142
f 1141 1142 1035
f 1035 1142 1032
f 1032 1142 1030
f 1030 1142 1086
f 1030 1086 1028
f 1028 1086 1026
f 1026 1086 1072
f 1026 1072 1024
f 1024 1072 1022
f 1022 1072 1020
f 1020 1072 1141
f 1020 1141 1018
f 1018 1141 1035
f 1143 1144 374
f 374 1144 1140
f 1145 968 1106
f 1106 968 1146
f 1106 1146 984
f 984 1146 982
f 982 1146 999
f 999 1146 1147
f 999 1147 996
f 996 1147 994
f 994 1147 1002
f 994 1002 992
f 992 1002 1004
f 992 1004 990
f 990 1004 1006
f 990 1006 1106
f 1106 1006 1074
f 1074 1006 1008
f 1074 1008 1010
f 1148 981 1145
f 1145 981 964
f 1145 964 966
f 1149 976 1148
f 1148 976 978
f 1148 978 981
f 1150 972 1149
f 1149 972 974
f 1149 974 976
f 1146 968 1150
f 1150 968 970
f 1150 970 972
f 1146 1151 1147
f 1147 1152 1002
f 1002 1152 1000
f 1000 1152 1017
f 1017 1152 1153
f 1017 1153 1014
f 1014 1153 1012
f 1012 1153 1074
f 1012 1074 1010
f 1152 1154 1153
f 1153 1154 1155
f 966 968 1145
f 984 986 1106
f 1106 986 988
f 1106 988 990
f 1148 1156 1149
f 1149 1156 1157
f 1157 1156 1158
f 1159 1160 1161
f 1161 1160 1157
f 1161 1157 1162
f 1162 1157 1158
f 1163 1147 1164
f 1164 1147 1151
f 1164 1151 1165
f 1164 1166 1163
f 1163 1166 1167
f 1168 1169 1166
f 1166 1169 1167
f 1167 1169 1152
f 1152 1169 1154
f 1170 1038 1092
f 1092 1038 1040
f 1092 1040 1042
f 1170 1171 1038
f 1038 1171 1172
f 1038 1172 1058
f 1058 1172 1056
f 1056 1172 1173
f 1056 1173 1054
f 1054 1173 1174
f 1054 1174 1071
f 1071 1174 1068
f 1068 1174 1175
f 1068 1175 1066
f 1066 1175 1048
f 1066 1048 1064
f 1064 1048 1050
f 1064 1050 1062
f 1062 1050 1053
f 1062 1053 1060
f 1060 1053 1036
f 1060 1036 1058
f 1058 1036 1038
f 1175 1102 1048
f 1048 1102 1046
f 1046 1102 1044
f 1044 1102 1042
f 1042 1102 1092
f 1176 1177 1178
f 1178 1177 1179
f 1178 1179 1180
f 1180 1181 1178
f 1178 1181 1182
f 1182 1181 1183
f 1182 1183 1184
f 1185 1186 1184
f 1184 1186 1187
f 1184 1187 1182
f 1178 1188 1176
f 1176 1188 1189
f 1176 1189 1190
f 1190 1191 1176
f 1176 1191 1192
f 1176 1192 1193
f 1194 1195 1193
f 1193 1195 1196
f 1193 1196 1197
f 1198 186 1194
f 1194 186 1145
f 1194 1145 1199
f 1199 1145 1200
f 1200 1145 1201
f 1201 1145 1202
f 1202 1145 1203
f 1203 1145 1204
f 1204 1145 1106
f 1204 1106 1205
f 1205 1106 1206
f 1206 1106 1207
f 1207 1106 1208
f 1208 1106 1209
f 1209 1106 1210
f 1210 1106 1211
f 1211 1106 1102
f 1211 1102 1212
f 1212 1102 1213
f 1213 1102 1214
f 1214 1102 1215
f 1215 1102 1216
f 1216 1102 1217
f 1217 1102 1218
f 1218 1102 1175
f 1218 1175 1219
f 1219 1175 1220
f 1220 1175 1221
f 1221 1175 1222
f 1222 1175 1197
f 1197 1175 1193
f 1198 1223 186
f 186 1223 1224
f 186 1224 1225
f 1225 344 186
f 186 344 184
f 1175 1176 1193
f 1199 1226 1194
f 1194 1226 1195
f 1227 1228 1229
f 1229 1228 1230
f 1229 1230 1231
f 1232 1233 1227
f 1227 1233 1234
f 1227 1234 1235
f 1235 1234 1236
f 1236 1234 1237
f 1236 1237 1238
f 1238 1237 1239
f 1238 1239 1240
f 1240 1239 1241
f 1240 1241 1242
f 1242 1241 1243
f 1244 1245 1232
f 1232 1245 1246
f 1232 1246 1247
f 1248 1249 1244
f 1244 1249 1250
f 1244 1250 1245
f 1251 1252 1247
f 1247 1252 1233
f 1247 1233 1232
f 1252 1251 1253
f 1253 1251 1254
f 1253 1254 1255
f 1255 1254 1256
f 1255 1256 1257
f 1257 1256 1258
f 1235 1259 1227
f 1227 1259 1260
f 1227 1260 1228
f 576 1261 47
f 47 1261 46
f 46 1261 1262
f 46 1262 44
f 44 1262 1263
f 44 1263 43
f 43 1263 1264
f 43 1264 42
f 42 1264 1265
f 42 1265 40
f 40 1265 1266
f 40 1266 39
f 39 1266 1267
f 39 1267 38
f 38 1267 1268
f 38 1268 36
f 36 1268 1269
f 36 1269 1270
f 36 1270 35
f 35 1270 1271
f 35 1271 34
f 34 1271 1272
f 34 1272 32
f 32 1272 1273
f 32 1273 30
f 30 1273 1274
f 30 1274 29
f 29 1274 1275
f 29 1275 28
f 28 1275 1276
f 28 1276 27
f 27 1276 1277
f 27 1277 26
f 26 1277 598
f 593 1278 591
f 591 1278 1279
f 591 1279 1280
f 591 1280 589
f 589 1280 1281
f 589 1281 587
f 587 1281 1282
f 587 1282 604
f 604 1282 1283
f 604 1283 603
f 603 1283 1284
f 603 1284 602
f 602 1284 1285
f 602 1285 601
f 601 1285 599
f 599 1285 1286
f 551 1287 553
f 553 1287 1288
f 553 1288 1289
f 553 1289 554
f 554 1289 1290
f 554 1290 555
f 555 1290 1291
f 555 1291 556
f 556 1291 1292
f 556 1292 569
f 569 1292 1293
f 569 1293 567
f 567 1293 1294
f 567 1294 544
f 544 1294 546
f 546 1294 1295
f 558 1296 559
f 559 1296 1297
f 559 1297 1298
f 559 1298 560
f 560 1298 1299
f 560 1299 563
f 563 1299 1300
f 563 1300 565
f 565 1300 1301
f 565 1301 566
f 566 1301 1302
f 566 1302 575
f 575 1302 1303
f 575 1303 574
f 574 1303 572
f 572 1303 1304
f 583 1305 582
f 582 1305 1306
f 582 1306 1307
f 582 1307 581
f 581 1307 1308
f 581 1308 579
f 579 1308 1309
f 579 1309 578
f 578 1309 1310
f 578 1310 562
f 562 1310 1311
f 562 1311 561
f 561 1311 1312
f 561 1312 606
f 606 1312 605
f 605 1312 1313
f 491 1279 489
f 489 1279 1278
f 489 1278 1314
f 491 493 1279
f 1279 493 1280
f 1280 493 495
f 1280 495 1281
f 1281 495 497
f 1281 497 1282
f 1282 497 499
f 1282 499 501
f 1282 501 1283
f 1283 501 503
f 1283 503 1284
f 1284 503 505
f 1284 505 1285
f 1285 505 507
f 1285 507 509
f 518 1314 509
f 509 1314 1286
f 509 1286 1285
f 518 489 1314
f 425 1288 423
f 423 1288 1287
f 423 1287 1315
f 425 427 1288
f 1288 427 1289
f 1289 427 429
f 1289 429 1290
f 1290 429 431
f 1290 431 1291
f 1291 431 433
f 1291 433 435
f 1291 435 1292
f 1292 435 437
f 1292 437 1293
f 1293 437 439
f 1293 439 1294
f 1294 439 441
f 1294 441 443
f 516 1315 443
f 443 1315 1295
f 443 1295 1294
f 516 423 1315
f 447 1297 445
f 445 1297 1296
f 445 1296 1316
f 447 449 1297
f 1297 449 1298
f 1298 449 451
f 1298 451 1299
f 1299 451 453
f 1299 453 1300
f 1300 453 455
f 1300 455 457
f 1300 457 1301
f 1301 457 459
f 1301 459 1302
f 1302 459 461
f 1302 461 1303
f 1303 461 463
f 1303 463 465
f 514 1316 465
f 465 1316 1304
f 465 1304 1303
f 514 445 1316
f 469 1306 467
f 467 1306 1305
f 467 1305 1317
f 469 471 1306
f 1306 471 1307
f 1307 471 473
f 1307 473 1308
f 1308 473 475
f 1308 475 1309
f 1309 475 477
f 1309 477 479
f 1309 479 1310
f 1310 479 481
f 1310 481 1311
f 1311 481 483
f 1311 483 1312
f 1312 483 485
f 1312 485 487
f 512 1317 487
f 487 1317 1313
f 487 1313 1312
f 512 467 1317
f 1184 1318 1185
f 1185 1318 1319
f 1185 1319 1320
f 1318 1321 1319
f 1319 1321 1322
f 1322 1321 1323
f 1185 1320 1324
f 1324 1320 1325
f 1324 1325 1326
f 1326 1325 1327
f 1327 1325 1328
f 1327 1328 1329
f 1330 1331 1329
f 1329 1331 1327
f 1331 1332 1327
f 1327 1332 1333
f 1333 1332 1334
f 1333 1334 1335
f 1335 1334 1336
f 1335 1336 1337
f 1338 1339 1337
f 1337 1339 1340
f 1337 1340 1335
f 1185 1324 1338
f 1338 1324 1341
f 1338 1341 1342
f 1342 1343 1338
f 1338 1343 1339
f 1317 585 1313
f 1313 585 605
f 1305 583 1317
f 1317 583 585
f 1316 557 1304
f 1304 557 572
f 1296 558 1316
f 1316 558 557
f 1315 548 1295
f 1295 548 546
f 1287 551 1315
f 1315 551 548
f 1314 595 1286
f 1286 595 599
f 1278 593 1314
f 1314 593 595
f 26 598 23
f 23 598 577
f 49 564 47
f 47 564 576
f 564 50 577
f 577 50 24
f 24 23 577
f 49 50 564
f 1337 1344 1345
f 1345 1344 1346
f 1345 1346 1347
f 1345 1338 1337
f 1091 1348 1092
f 1092 1348 1170
f 1090 1349 1091
f 1091 1349 1350
f 1091 1350 1351
f 1351 1352 1091
f 1091 1352 1348
f 1348 1352 1353
f 1142 1354 1086
f 1086 1354 1090
f 1090 1354 1349
f 1349 1354 1355
f 1163 1167 1147
f 1147 1167 1152
f 1117 741 1075
f 1075 741 743
f 1075 743 1078
f 1078 743 746
f 1078 746 1080
f 1080 746 710
f 1080 710 1082
f 1082 710 726
f 1082 726 1084
f 1084 726 728
f 1084 728 1085
f 1085 728 730
f 1085 730 1356
f 1356 730 733
f 1356 733 1357
f 1357 733 1358
f 1358 733 1359
f 1359 733 1360
f 1360 733 1361
f 1361 733 735
f 1361 735 1362
f 1362 735 1130
f 1362 1130 1363
f 1363 1130 1132
f 1363 1132 1364
f 1364 1132 1365
f 1365 1132 1356
f 1356 1132 1085
f 741 1117 699
f 699 1117 1119
f 699 1119 697
f 697 1119 1115
f 697 1115 695
f 695 1115 1114
f 695 1114 689
f 689 1114 1093
f 689 1093 1366
f 1366 1093 1094
f 1366 1094 1367
f 1367 1094 1368
f 1368 1094 1369
f 1369 1094 1370
f 1370 1094 1095
f 1370 1095 685
f 685 1095 679
f 679 1095 1097
f 679 1097 680
f 680 1097 1099
f 680 1099 681
f 681 1099 1136
f 681 1136 683
f 683 1136 1124
f 683 1124 684
f 684 1124 1125
f 684 1125 737
f 737 1125 1128
f 737 1128 735
f 735 1128 1130
f 1370 685 1371
f 1371 685 687
f 1371 687 1372
f 1372 687 1373
f 1373 687 1374
f 1374 687 1375
f 1375 687 689
f 1375 689 1366
f 1376 1377 1378
f 1378 1377 1379
f 1378 1379 1380
f 1381 1382 1380
f 1380 1382 1378
f 1382 1381 1383
f 1383 1381 1384
f 1383 1384 1385
f 1385 1384 1386
f 1385 1386 1387
f 1387 1386 1388
f 1387 1388 1389
f 1389 1388 1390
f 1390 1388 1179
f 1390 1179 1177
f 1389 1391 1387
f 1156 185 1158
f 1158 185 182
f 1158 182 369
f 1158 369 1162
f 1162 369 367
f 1162 367 1161
f 1161 367 366
f 1161 366 1159
f 1149 1157 1150
f 1150 1157 359
f 359 1157 363
f 363 1157 1160
f 345 1392 359
f 359 1392 1393
f 359 1393 1394
f 1394 396 359
f 359 396 1150
f 1150 396 395
f 1150 395 1146
f 1146 395 1395
f 1160 1159 363
f 363 1159 366
f 1141 1072 1153
f 1153 1072 1074
f 1396 1139 1155
f 1155 1139 1141
f 1155 1141 1153
f 1397 1057 1398
f 1398 1057 1055
f 1398 1055 1070
f 1397 1399 1057
f 1057 1399 1059
f 1059 1399 1400
f 1059 1400 1061
f 1061 1400 1401
f 1061 1401 1063
f 1063 1401 1402
f 1063 1402 1065
f 1065 1402 1403
f 1065 1403 1067
f 1067 1403 1404
f 1067 1404 1405
f 1406 1070 1405
f 1405 1070 1069
f 1405 1069 1067
f 1406 1398 1070
f 1407 1408 1398
f 1398 1408 1397
f 1397 1408 1409
f 1397 1409 1399
f 1399 1409 1410
f 1399 1410 1330
f 1399 1330 1400
f 1400 1330 1329
f 1400 1329 1401
f 1401 1329 1328
f 1401 1328 1402
f 1402 1328 1325
f 1402 1325 1403
f 1403 1325 1320
f 1403 1320 1404
f 1404 1320 1319
f 1404 1319 1405
f 1405 1319 1322
f 1411 1407 1406
f 1406 1407 1398
f 1322 1323 1405
f 1405 1323 1412
f 1405 1412 1406
f 1406 1412 1411
f 1413 1039 1414
f 1414 1039 1037
f 1414 1037 1052
f 1413 1415 1039
f 1039 1415 1041
f 1041 1415 1416
f 1041 1416 1043
f 1043 1416 1417
f 1043 1417 1045
f 1045 1417 1418
f 1045 1418 1047
f 1047 1418 1419
f 1047 1419 1049
f 1049 1419 1420
f 1049 1420 1421
f 1422 1052 1421
f 1421 1052 1051
f 1421 1051 1049
f 1422 1414 1052
f 1326 1421 1324
f 1324 1421 1420
f 1324 1420 1341
f 1341 1420 1419
f 1341 1419 1342
f 1342 1419 1418
f 1342 1418 1343
f 1343 1418 1417
f 1343 1417 1339
f 1339 1417 1416
f 1339 1416 1340
f 1340 1416 1415
f 1340 1415 1335
f 1335 1415 1413
f 1335 1413 1333
f 1333 1413 1414
f 1414 1422 1333
f 1333 1422 1327
f 1422 1421 1327
f 1327 1421 1326
f 1423 1021 1424
f 1424 1021 1019
f 1424 1019 1034
f 1423 1425 1021
f 1021 1425 1023
f 1023 1425 1426
f 1023 1426 1025
f 1025 1426 1427
f 1025 1427 1027
f 1027 1427 1428
f 1027 1428 1029
f 1029 1428 1429
f 1029 1429 1031
f 1031 1429 1430
f 1031 1430 1431
f 1432 1034 1431
f 1431 1034 1033
f 1431 1033 1031
f 1432 1424 1034
f 1433 1434 1424
f 1424 1434 1435
f 1424 1435 1423
f 1423 1435 1436
f 1423 1436 1437
f 1423 1437 1425
f 1425 1437 1438
f 1425 1438 1439
f 1425 1439 1426
f 1426 1439 1440
f 1426 1440 1427
f 1427 1440 1441
f 1427 1441 1428
f 1428 1441 1442
f 1428 1442 1429
f 1429 1442 1443
f 1429 1443 1430
f 1430 1443 1444
f 1430 1444 1431
f 1431 1444 1445
f 1446 1433 1432
f 1432 1433 1424
f 1445 1446 1431
f 1431 1446 1432
f 402 1003 401
f 401 1003 1001
f 401 1001 1016
f 402 404 1003
f 1003 404 1005
f 1005 404 406
f 1005 406 1007
f 1007 406 408
f 1007 408 1009
f 1009 408 410
f 1009 410 1011
f 1011 410 412
f 1011 412 1013
f 1013 412 415
f 1013 415 418
f 422 1016 418
f 418 1016 1015
f 418 1015 1013
f 422 401 1016
f 1447 985 1448
f 1448 985 983
f 1448 983 998
f 1447 1449 985
f 985 1449 987
f 987 1449 1450
f 987 1450 989
f 989 1450 1451
f 989 1451 991
f 991 1451 1452
f 991 1452 993
f 993 1452 1453
f 993 1453 995
f 995 1453 1454
f 995 1454 1455
f 1456 998 1455
f 1455 998 997
f 1455 997 995
f 1456 1448 998
f 358 1455 356
f 356 1455 1454
f 356 1454 355
f 355 1454 1453
f 355 1453 354
f 354 1453 1452
f 354 1452 352
f 352 1452 1451
f 352 1451 350
f 350 1451 1450
f 350 1450 349
f 349 1450 1449
f 349 1449 346
f 346 1449 1447
f 346 1447 347
f 347 1447 1448
f 1448 1456 347
f 347 1456 348
f 1456 1455 348
f 348 1455 358
f 1457 967 1458
f 1458 967 965
f 1458 965 980
f 1457 1459 967
f 967 1459 969
f 969 1459 1460
f 969 1460 971
f 971 1460 1461
f 971 1461 973
f 973 1461 1462
f 973 1462 975
f 975 1462 1463
f 975 1463 977
f 977 1463 1464
f 977 1464 1465
f 1466 980 1465
f 1465 980 979
f 1465 979 977
f 1466 1458 980
f 368 1465 365
f 365 1465 1464
f 365 1464 364
f 364 1464 1463
f 364 1463 362
f 362 1463 1462
f 362 1462 361
f 361 1462 1461
f 361 1461 360
f 360 1461 1460
f 360 1460 373
f 373 1460 1459
f 373 1459 371
f 371 1459 1457
f 371 1457 372
f 372 1457 1458
f 1458 1466 372
f 372 1466 370
f 1466 1465 370
f 370 1465 368
f 1467 1468 1469
f 1469 1468 1470
f 1469 1470 1471
f 1471 1470 1472
f 1471 1472 1473
f 1473 1472 1474
f 1473 1474 1475
f 1475 1474 1476
f 1475 1476 1477
f 1477 1476 1478
f 1477 1478 1479
f 1479 1478 1480
f 1479 1480 1481
f 1479 1481 1482
f 1482 1481 839
f 1482 839 842
f 842 1483 1482
f 1482 1483 1484
f 1484 1483 1485
f 1484 1485 1486
f 1486 1485 1487
f 1486 1487 1488
f 873 1489 1485
f 1485 1489 1490
f 1485 1490 1491
f 881 1492 873
f 873 1492 1493
f 873 1493 1494
f 1495 1496 881
f 881 1496 1497
f 881 1497 1492
f 1492 1497 1498
f 1498 1497 1499
f 1499 1497 1500
f 1500 1497 1501
f 1501 1497 1486
f 1501 1486 1502
f 1502 1486 1503
f 1503 1486 1488
f 912 1504 1495
f 1495 1504 1505
f 1495 1505 1506
f 921 1507 912
f 912 1507 1508
f 912 1508 1504
f 1509 1510 921
f 921 1510 1511
f 921 1511 1512
f 1512 1511 1513
f 1513 1511 1514
f 1514 1511 1515
f 1515 1511 1516
f 1516 1511 1517
f 1516 1517 1518
f 1519 1520 1509
f 1509 1520 1521
f 1509 1521 1522
f 1522 1521 1523
f 1523 1521 1524
f 1524 1521 1517
f 1524 1517 1525
f 1525 1517 1526
f 1526 1517 1527
f 1527 1517 1528
f 1528 1517 1529
f 1529 1517 1530
f 1530 1517 1531
f 1531 1517 1511
f 1531 1511 1532
f 1532 1511 1533
f 1533 1511 1534
f 1534 1511 1510
f 959 1535 1519
f 1519 1535 1536
f 1519 1536 1537
f 1535 959 1538
f 1538 959 963
f 1538 963 1539
f 1521 1520 1538
f 1538 1520 1540
f 1538 1540 1541
f 1497 1542 1518
f 1518 1542 1543
f 1518 1543 1544
f 1497 1484 1486
f 1545 1546 1519
f 1519 1546 1547
f 1519 1547 1548
f 1548 1549 1519
f 1519 1549 1550
f 1519 1550 1551
f 1519 1551 1520
f 1520 1551 1552
f 1520 1552 1553
f 1553 1540 1520
f 1541 1554 1538
f 1538 1554 1555
f 1538 1555 1556
f 1556 1535 1538
f 1537 1557 1519
f 1519 1557 1545
f 1522 1558 1509
f 1509 1558 1559
f 1509 1559 1510
f 1510 1559 1560
f 1560 1559 1561
f 1506 1562 1495
f 1495 1562 1518
f 1495 1518 1563
f 1563 1518 1564
f 1564 1518 1565
f 1565 1518 1566
f 1566 1518 1544
f 1562 1567 1518
f 1518 1567 1568
f 1518 1568 1569
f 1569 1516 1518
f 1512 1507 921
f 1496 1570 1497
f 1497 1570 1571
f 1497 1571 1572
f 1572 1573 1497
f 1497 1573 1574
f 1497 1574 1542
f 1563 1575 1495
f 1495 1575 1496
f 1491 1576 1485
f 1485 1576 1577
f 1485 1577 1487
f 1494 1578 873
f 873 1578 1579
f 873 1579 1489
f 1539 963 1580
f 1580 963 1581
f 1581 963 1582
f 1582 963 1583
f 1582 1583 1584
f 1584 1583 1585
f 1585 1583 1586
f 1585 1586 1587
f 1588 1589 1590
f 1590 1589 1591
f 1590 1591 1592
f 1592 1591 1593
f 1593 1591 955
f 1593 955 1594
f 1594 955 1595
f 1595 955 1596
f 954 1597 955
f 955 1597 1598
f 955 1598 1599
f 1599 1598 1600
f 1599 1600 1601
f 1602 1603 1597
f 1597 1603 1604
f 1597 1604 1605
f 917 1606 1602
f 1602 1606 1607
f 1602 1607 1608
f 913 1609 917
f 917 1609 1610
f 917 1610 1611
f 1611 1610 1612
f 1611 1612 1613
f 1614 1615 913
f 913 1615 1616
f 913 1616 1609
f 876 1617 1614
f 1614 1617 1618
f 1614 1618 1619
f 872 1620 876
f 876 1620 1621
f 876 1621 1622
f 1622 1621 1623
f 1622 1623 1624
f 1620 872 1625
f 1625 872 1626
f 1625 1626 1627
f 1627 1626 1628
f 1628 1626 1629
f 1629 1626 1630
f 1630 1626 1631
f 1631 1626 1632
f 1631 1632 1633
f 1633 1632 1634
f 1633 1634 1622
f 1635 1636 1626
f 1626 1636 1634
f 1626 1634 1632
f 1636 1635 1637
f 1637 1635 848
f 1637 848 845
f 845 1638 1637
f 1637 1638 1639
f 1637 1639 1640
f 1640 1639 1641
f 1640 1641 1642
f 1638 1641 1639
f 1640 1642 1643
f 1643 1642 1644
f 1643 1644 1645
f 1645 1644 1646
f 1645 1646 1647
f 1647 1646 1648
f 1647 1648 1649
f 1649 1648 1650
f 1649 1650 1647
f 1644 1648 1646
f 1648 1651 1650
f 1650 1651 1652
f 1652 1651 1653
f 1652 1653 1654
f 1654 1653 1468
f 1654 1468 1467
f 1645 1640 1643
f 1637 1634 1636
f 1655 1656 1622
f 1622 1656 1657
f 1622 1657 1617
f 1617 1657 1658
f 1617 1658 1659
f 1611 1660 1655
f 1655 1660 1661
f 1655 1661 1614
f 1614 1661 1662
f 1614 1662 1663
f 917 1611 1664
f 1664 1611 1665
f 1664 1665 1666
f 1666 1665 1667
f 1667 1665 1668
f 1668 1665 1669
f 1669 1665 1670
f 1670 1665 1671
f 1671 1665 1672
f 1672 1665 1673
f 1672 1673 1674
f 1674 1673 1675
f 1675 1673 1676
f 1676 1673 1602
f 1676 1602 1608
f 1602 1673 1603
f 1603 1673 1599
f 1603 1599 1677
f 1677 1599 1678
f 1678 1599 1679
f 1679 1599 1601
f 1599 1596 955
f 1680 1681 1597
f 1597 1681 1598
f 1677 1682 1603
f 1603 1682 1683
f 1603 1683 1604
f 1605 1684 1597
f 1597 1684 1685
f 1597 1685 1686
f 1686 1687 1597
f 1597 1687 1688
f 1597 1688 1689
f 1689 1680 1597
f 1666 1690 1664
f 1664 1690 1691
f 1664 1691 1692
f 1692 1606 1664
f 1664 1606 917
f 1606 1693 1607
f 1607 1693 1694
f 1613 1695 1611
f 1611 1695 1696
f 1611 1696 1697
f 1697 1698 1611
f 1611 1698 1660
f 1663 1615 1614
f 1619 1699 1614
f 1614 1699 1655
f 1699 1700 1655
f 1655 1700 1701
f 1655 1701 1702
f 1702 1703 1655
f 1655 1703 1704
f 1655 1704 1705
f 1705 1656 1655
f 1659 1706 1617
f 1617 1706 1618
f 1707 1708 1620
f 1620 1708 1709
f 1620 1709 1710
f 1620 1710 1621
f 1621 1710 1711
f 1621 1711 1623
f 1624 1712 1622
f 1622 1712 1633
f 1712 1713 1633
f 1633 1713 1714
f 1633 1714 1715
f 1715 1631 1633
f 1625 1716 1620
f 1620 1716 1707
f 1617 876 1622
f 867 1717 851
f 851 1717 1718
f 851 1718 852
f 852 1718 1719
f 852 1719 854
f 854 1719 1720
f 854 1720 856
f 856 1720 1721
f 856 1721 858
f 858 1721 1722
f 858 1722 861
f 861 1722 1723
f 861 1723 863
f 863 1723 1724
f 863 1724 865
f 865 1724 1725
f 865 1725 867
f 867 1725 1717
f 1718 1717 1719
f 1719 1717 1725
f 1719 1725 1720
f 1720 1725 1724
f 1720 1724 1721
f 1721 1724 1723
f 1721 1723 1722
f 1726 1277 1727
f 1727 1277 1276
f 1727 1276 1728
f 1728 1276 1275
f 1728 1275 1274
f 1728 1274 1729
f 1729 1274 1273
f 1729 1273 1730
f 1730 1273 1731
f 1731 1273 1272
f 1731 1272 1732
f 1732 1272 1271
f 1732 1271 1733
f 1733 1271 1270
f 1733 1270 1734
f 1734 1270 1269
f 1734 1269 1268
f 1734 1268 1735
f 1735 1268 1267
f 1735 1267 1736
f 1736 1267 1266
f 1736 1266 1737
f 1737 1266 1265
f 1737 1265 1738
f 1738 1265 1739
f 1739 1265 1264
f 1739 1264 1740
f 1740 1264 1263
f 1740 1263 1262
f 1740 1262 1741
f 1741 1262 1261
f 1741 1261 1742
f 547 549 1737
f 1737 549 1736
f 1736 549 550
f 1736 550 1735
f 1735 550 552
f 1735 552 1734
f 1734 552 600
f 1734 600 1733
f 1733 600 597
f 1733 597 1732
f 1732 597 596
f 1732 596 1731
f 1731 596 594
f 1731 594 1730
f 1730 594 592
f 592 590 1730
f 1730 590 1729
f 1729 590 588
f 1729 588 1728
f 1728 588 586
f 1728 586 1727
f 1727 586 584
f 1727 584 1726
f 1726 584 580
f 545 1738 543
f 543 1738 1739
f 543 1739 568
f 568 1739 1740
f 568 1740 570
f 570 1740 1741
f 570 1741 571
f 571 1741 1742
f 571 1742 573
f 545 547 1738
f 1738 547 1737
f 1261 576 1742
f 1742 576 573
f 580 598 1726
f 1726 598 1277
f 1743 452 1744
f 1744 452 482
f 1744 482 1745
f 1745 482 480
f 1745 480 478
f 1746 456 1743
f 1743 456 454
f 1743 454 452
f 456 1746 458
f 458 1746 1747
f 458 1747 460
f 460 1747 1748
f 460 1748 462
f 462 1748 464
f 464 1748 1749
f 464 1749 466
f 466 1749 1750
f 466 1750 436
f 436 1750 438
f 438 1750 1751
f 438 1751 440
f 440 1751 1752
f 440 1752 442
f 442 1752 1753
f 442 1753 444
f 444 1753 1754
f 444 1754 515
f 515 1754 1755
f 515 1755 424
f 424 1755 1756
f 424 1756 1757
f 424 1757 510
f 510 1757 1758
f 510 1758 517
f 517 1758 1759
f 517 1759 490
f 490 1759 1760
f 490 1760 492
f 492 1760 1761
f 492 1761 494
f 494 1761 1762
f 494 1762 496
f 496 1762 1763
f 496 1763 498
f 498 1763 468
f 498 468 511
f 1763 1764 468
f 468 1764 470
f 470 1764 1765
f 470 1765 472
f 472 1765 474
f 474 1765 1766
f 474 1766 476
f 476 1766 1767
f 476 1767 478
f 478 1767 1745
f 466 436 513
f 513 436 434
f 513 434 538
f 538 434 432
f 538 432 540
f 540 432 430
f 540 430 542
f 542 430 428
f 542 428 426
f 424 510 426
f 426 510 508
f 426 508 542
f 542 508 506
f 542 506 504
f 486 528 488
f 488 528 526
f 488 526 511
f 511 526 524
f 511 524 522
f 528 486 530
f 530 486 484
f 530 484 450
f 450 484 482
f 450 482 452
f 450 448 530
f 530 448 532
f 532 448 446
f 532 446 534
f 534 446 513
f 534 513 536
f 536 513 538
f 542 504 520
f 520 504 502
f 520 502 522
f 522 502 500
f 522 500 511
f 511 500 498
f 1210 1211 1744
f 1744 1211 1212
f 1744 1212 1743
f 1743 1212 1213
f 1743 1213 1746
f 1746 1213 1214
f 1746 1214 1747
f 1747 1214 1215
f 1747 1215 1748
f 1748 1215 1216
f 1748 1216 1749
f 1749 1216 1217
f 1749 1217 1750
f 1750 1217 1218
f 1750 1218 1751
f 1751 1218 1219
f 1751 1219 1752
f 1752 1219 1220
f 1752 1220 1221
f 1752 1221 1753
f 1753 1221 1222
f 1753 1222 1754
f 1754 1222 1197
f 1754 1197 1755
f 1755 1197 1196
f 1755 1196 1756
f 1756 1196 1195
f 1756 1195 1757
f 1757 1195 1226
f 1757 1226 1758
f 1758 1226 1199
f 1758 1199 1759
f 1759 1199 1200
f 1759 1200 1760
f 1760 1200 1201
f 1760 1201 1761
f 1761 1201 1202
f 1761 1202 1203
f 1761 1203 1762
f 1762 1203 1204
f 1762 1204 1763
f 1763 1204 1205
f 1763 1205 1764
f 1764 1205 1206
f 1764 1206 1765
f 1765 1206 1207
f 1765 1207 1766
f 1766 1207 1208
f 1766 1208 1767
f 1767 1208 1209
f 1767 1209 1745
f 1745 1209 1210
f 1745 1210 1744
f 416 1768 417
f 417 1768 419
f 419 1768 420
f 420 1768 421
f 421 1768 1769
f 421 1769 399
f 399 1769 357
f 399 357 400
f 400 357 353
f 400 353 403
f 403 353 405
f 405 353 391
f 405 391 407
f 407 391 409
f 409 391 411
f 411 391 1770
f 411 1770 413
f 1771 1445 1336
f 1336 1445 1444
f 1336 1444 1337
f 1337 1444 1443
f 1337 1443 1442
f 1445 1771 1446
f 1446 1771 1772
f 1446 1772 1433
f 1433 1772 1434
f 1434 1772 1435
f 1435 1772 1436
f 1337 1442 1344
f 1344 1442 1441
f 1344 1441 1440
f 1440 1439 1344
f 1344 1439 1773
f 1773 1439 1438
f 823 1774 821
f 821 1774 1775
f 821 1775 819
f 819 1775 1776
f 819 1776 791
f 791 1776 1777
f 791 1777 789
f 789 1777 1778
f 789 1778 786
f 786 1778 1779
f 786 1779 783
f 783 1779 1780
f 783 1780 781
f 781 1780 1781
f 781 1781 779
f 779 1781 1782
f 779 1782 823
f 823 1782 1774
f 1775 1774 1776
f 1776 1774 1782
f 1776 1782 1777
f 1777 1782 1781
f 1777 1781 1778
f 1778 1781 1780
f 1778 1780 1779
f 776 892 817
f 817 892 893
f 817 893 895
f 892 776 886
f 886 776 775
f 886 775 887
f 887 775 777
f 887 777 888
f 888 777 822
f 888 822 882
f 882 822 820
f 882 820 793
f 882 793 883
f 883 793 795
f 883 795 884
f 884 795 815
f 884 815 895
f 895 815 817
f 810 899 812
f 812 899 901
f 812 901 903
f 899 810 897
f 897 810 772
f 897 772 890
f 890 772 774
f 890 774 891
f 891 774 818
f 891 818 894
f 894 818 816
f 894 816 771
f 894 771 907
f 907 771 770
f 907 770 905
f 905 770 814
f 905 814 903
f 903 814 812
f 927 809 922
f 922 809 811
f 922 811 813
f 809 927 758
f 758 927 926
f 758 926 759
f 759 926 930
f 759 930 762
f 762 930 929
f 762 929 764
f 764 929 945
f 764 945 947
f 764 947 766
f 766 947 924
f 766 924 768
f 768 924 923
f 768 923 813
f 813 923 922
f 806 935 804
f 804 935 937
f 804 937 939
f 935 806 932
f 932 806 808
f 932 808 933
f 933 808 760
f 933 760 934
f 934 760 761
f 934 761 944
f 944 761 763
f 944 763 765
f 944 765 943
f 943 765 797
f 943 797 941
f 941 797 802
f 941 802 939
f 939 802 804
f 753 620 747
f 747 620 638
f 747 638 616
f 620 753 619
f 619 753 752
f 619 752 617
f 617 752 807
f 617 807 608
f 608 807 805
f 608 805 610
f 610 805 803
f 610 803 801
f 610 801 613
f 613 801 749
f 613 749 615
f 615 749 748
f 615 748 616
f 616 748 747
f 1783 1784 725
f 725 1784 1785
f 725 1785 713
f 713 1785 1786
f 713 1786 1787
f 1788 1789 1783
f 1783 1789 1790
f 1783 1790 1784
f 1791 1792 1788
f 1788 1792 1793
f 1788 1793 1789
f 1792 1791 1135
f 1135 1791 1794
f 1135 1794 1109
f 1109 1794 1795
f 1109 1795 1133
f 1133 1795 1796
f 1133 1796 1797
f 1133 1797 1083
f 1083 1797 731
f 1083 731 1081
f 1081 731 729
f 1081 729 727
f 1081 727 1079
f 1079 727 712
f 1079 712 1077
f 1077 712 1798
f 1077 1798 1799
f 712 713 1798
f 1798 713 1787
f 1134 1800 1135
f 1135 1800 1801
f 1135 1801 1792
f 1076 1802 1134
f 1134 1802 1803
f 1134 1803 1804
f 1077 1805 1076
f 1076 1805 1806
f 1076 1806 1807
f 1807 1802 1076
f 1804 1800 1134
f 1799 1805 1077
f 1808 1131 732
f 732 1131 1129
f 732 1129 734
f 734 1129 1127
f 734 1127 736
f 736 1127 1126
f 736 1126 738
f 738 1126 1123
f 738 1123 739
f 739 1123 740
f 740 1123 1122
f 740 1122 1809
f 1809 1122 1121
f 1809 1121 1810
f 1810 1121 1811
f 1811 1121 1111
f 1811 1111 1812
f 1812 1111 1110
f 1812 1110 1813
f 1813 1110 1814
f 1814 1110 1131
f 1814 1131 1808
f 1815 693 1104
f 1104 693 690
f 1104 690 1105
f 1105 690 688
f 1105 688 1096
f 1096 688 686
f 1096 686 1098
f 1098 686 678
f 1098 678 1100
f 1100 678 677
f 1100 677 1101
f 1101 677 676
f 1101 676 1107
f 1107 676 674
f 1107 674 1108
f 1108 674 673
f 1108 673 1103
f 1103 673 1815
f 1103 1815 1104
f 722 1816 723
f 723 1816 1817
f 723 1817 1088
f 1088 1817 1818
f 1088 1818 1819
f 718 1820 722
f 722 1820 1821
f 722 1821 1822
f 716 1823 718
f 718 1823 1824
f 718 1824 1820
f 698 1116 716
f 716 1116 1825
f 716 1825 1826
f 1116 698 1118
f 1118 698 696
f 1118 696 1120
f 1120 696 694
f 1120 694 1113
f 1113 694 691
f 1113 691 1112
f 1112 691 692
f 1112 692 1087
f 1087 692 1827
f 1087 1827 1088
f 1088 1827 723
f 1073 1828 1116
f 1116 1828 1829
f 1116 1829 1825
f 1089 1830 1073
f 1073 1830 1831
f 1073 1831 1832
f 1088 1819 1089
f 1089 1819 1833
f 1089 1833 1834
f 1834 1830 1089
f 1832 1828 1073
f 1826 1823 716
f 1822 1816 722
f 742 626 744
f 744 626 629
f 744 629 745
f 745 629 630
f 745 630 708
f 708 630 634
f 708 634 707
f 707 634 635
f 707 635 705
f 705 635 637
f 705 637 704
f 704 637 622
f 704 622 703
f 703 622 623
f 703 623 701
f 701 623 625
f 701 625 742
f 742 625 626
f 1249 1248 643
f 643 1248 672
f 672 1248 1835
f 1835 1248 1836
f 1834 1833 668
f 668 1833 1819
f 668 1819 666
f 666 1819 1818
f 666 1818 1817
f 1817 1816 666
f 666 1816 664
f 664 1816 1822
f 664 1822 1821
f 1821 1820 664
f 664 1820 646
f 646 1820 1247
f 646 1247 647
f 647 1247 1246
f 647 1246 640
f 640 1246 1245
f 640 1245 642
f 642 1245 1250
f 642 1250 643
f 643 1250 1249
f 1824 1785 1820
f 1820 1785 1784
f 1820 1784 1247
f 1247 1784 1251
f 1251 1784 1790
f 1251 1790 1789
f 1785 1824 1786
f 1786 1824 1823
f 1786 1823 1826
f 1825 1798 1826
f 1826 1798 1787
f 1826 1787 1786
f 1825 1829 1798
f 1798 1829 1799
f 1799 1829 1805
f 1805 1829 1828
f 1805 1828 1806
f 1806 1828 1832
f 1806 1832 1807
f 1807 1832 1831
f 1789 1793 1251
f 1251 1793 1254
f 1254 1793 1792
f 1254 1792 1801
f 1801 1800 1254
f 1254 1800 1256
f 1256 1800 1804
f 1256 1804 1803
f 1836 1258 1835
f 1835 1258 670
f 670 1258 1830
f 670 1830 668
f 668 1830 1834
f 1830 1258 1802
f 1802 1258 1256
f 1802 1256 1803
f 1807 1831 1802
f 1802 1831 1830
f 1576 1629 1577
f 1577 1629 1630
f 1577 1630 1631
f 1715 1488 1631
f 1631 1488 1487
f 1631 1487 1577
f 1715 1714 1488
f 1488 1714 1503
f 1503 1714 1502
f 1502 1714 1713
f 1502 1713 1712
f 1502 1712 1501
f 1501 1712 1624
f 1501 1624 1500
f 1500 1624 1499
f 1499 1624 1623
f 1499 1623 1711
f 1710 1492 1711
f 1711 1492 1498
f 1711 1498 1499
f 1710 1709 1492
f 1492 1709 1493
f 1493 1709 1494
f 1494 1709 1708
f 1494 1708 1578
f 1578 1708 1707
f 1578 1707 1716
f 1578 1716 1579
f 1579 1716 1625
f 1579 1625 1489
f 1489 1625 1490
f 1490 1625 1627
f 1490 1627 1628
f 1490 1628 1491
f 1491 1628 1629
f 1491 1629 1576
f 1570 1706 1571
f 1571 1706 1659
f 1571 1659 1658
f 1657 1573 1658
f 1658 1573 1572
f 1658 1572 1571
f 1657 1656 1573
f 1573 1656 1574
f 1574 1656 1542
f 1542 1656 1705
f 1542 1705 1704
f 1542 1704 1543
f 1543 1704 1703
f 1543 1703 1544
f 1544 1703 1566
f 1566 1703 1702
f 1566 1702 1701
f 1700 1564 1701
f 1701 1564 1565
f 1701 1565 1566
f 1700 1699 1564
f 1564 1699 1563
f 1563 1699 1575
f 1575 1699 1619
f 1575 1619 1496
f 1496 1619 1618
f 1496 1618 1570
f 1570 1618 1706
f 1505 1663 1506
f 1506 1663 1662
f 1506 1662 1661
f 1660 1567 1661
f 1661 1567 1562
f 1661 1562 1506
f 1660 1698 1567
f 1567 1698 1568
f 1568 1698 1569
f 1569 1698 1697
f 1569 1697 1696
f 1569 1696 1516
f 1516 1696 1695
f 1516 1695 1515
f 1515 1695 1514
f 1514 1695 1613
f 1514 1613 1612
f 1610 1512 1612
f 1612 1512 1513
f 1612 1513 1514
f 1610 1609 1512
f 1512 1609 1507
f 1507 1609 1508
f 1508 1609 1616
f 1508 1616 1504
f 1504 1616 1615
f 1504 1615 1505
f 1505 1615 1663
f 1532 1690 1531
f 1531 1690 1666
f 1531 1666 1667
f 1668 1529 1667
f 1667 1529 1530
f 1667 1530 1531
f 1668 1669 1529
f 1529 1669 1528
f 1528 1669 1527
f 1527 1669 1670
f 1527 1670 1671
f 1527 1671 1526
f 1526 1671 1672
f 1526 1672 1525
f 1525 1672 1524
f 1524 1672 1674
f 1524 1674 1675
f 1676 1522 1675
f 1675 1522 1523
f 1675 1523 1524
f 1676 1608 1522
f 1522 1608 1558
f 1558 1608 1559
f 1559 1608 1607
f 1559 1607 1561
f 1561 1607 1694
f 1561 1694 1560
f 1560 1694 1693
f 1560 1693 1510
f 1510 1693 1606
f 1510 1606 1534
f 1534 1606 1692
f 1534 1692 1533
f 1533 1692 1691
f 1533 1691 1532
f 1532 1691 1690
f 1605 1604 1550
f 1550 1604 1551
f 1551 1604 1552
f 1552 1604 1683
f 1552 1683 1682
f 1677 1540 1682
f 1682 1540 1553
f 1682 1553 1552
f 1677 1678 1540
f 1540 1678 1541
f 1541 1678 1679
f 1541 1679 1554
f 1554 1679 1555
f 1555 1679 1601
f 1555 1601 1600
f 1555 1600 1556
f 1556 1600 1598
f 1556 1598 1535
f 1535 1598 1536
f 1536 1598 1681
f 1536 1681 1537
f 1537 1681 1680
f 1537 1680 1557
f 1557 1680 1689
f 1557 1689 1545
f 1545 1689 1688
f 1545 1688 1546
f 1546 1688 1687
f 1546 1687 1547
f 1547 1687 1686
f 1547 1686 1548
f 1548 1686 1685
f 1548 1685 1549
f 1549 1685 1684
f 1549 1684 1550
f 1550 1684 1605
f 1255 1257 1365
f 1365 1257 1364
f 1364 1257 1837
f 1837 1243 1364
f 1364 1243 1363
f 1363 1243 1241
f 1363 1241 1362
f 1362 1241 1239
f 1362 1239 1361
f 1361 1239 1237
f 1361 1237 1360
f 1360 1237 1234
f 1360 1234 1359
f 1359 1234 1233
f 1359 1233 1358
f 1358 1233 1252
f 1358 1252 1357
f 1357 1252 1253
f 1357 1253 1356
f 1356 1253 1255
f 1356 1255 1365
f 1369 1370 660
f 660 1370 658
f 658 1370 1371
f 658 1371 656
f 656 1371 1372
f 656 1372 655
f 655 1372 1373
f 655 1373 645
f 645 1373 1374
f 645 1374 665
f 665 1374 1375
f 665 1375 667
f 667 1375 1366
f 667 1366 669
f 669 1366 1367
f 1838 1368 662
f 662 1368 1369
f 662 1369 660
f 669 1367 671
f 671 1367 1368
f 671 1368 1838
f 653 1230 649
f 649 1230 1228
f 649 1228 650
f 650 1228 1260
f 650 1260 651
f 651 1260 1259
f 651 1259 654
f 654 1259 1235
f 654 1235 657
f 657 1235 1236
f 657 1236 659
f 659 1236 1238
f 659 1238 661
f 661 1238 1240
f 1839 1231 1840
f 1840 1231 652
f 652 1231 1230
f 652 1230 653
f 1240 1242 661
f 661 1242 663
f 663 1242 1840
f 1840 1242 1839
f 1347 1841 1345
f 1345 1841 1842
f 1842 1841 1843
f 1842 1843 1844
f 1844 1843 1845
f 1844 1845 1840
f 1840 1845 1838
f 1840 1838 663
f 663 1838 662
f 1838 1845 1835
f 1835 1845 641
f 1835 641 672
f 670 671 1835
f 1835 671 1838
f 652 648 1840
f 1840 648 1844
f 1248 1244 1836
f 1836 1244 1846
f 1836 1846 1837
f 1837 1846 1847
f 1837 1847 1839
f 1839 1847 1229
f 1839 1229 1231
f 1846 1848 1847
f 1847 1848 1849
f 1849 1848 1850
f 1849 1850 390
f 390 1850 388
f 1242 1243 1839
f 1839 1243 1837
f 1257 1258 1837
f 1837 1258 1836
f 1587 1586 1851
f 1851 1586 1852
f 1851 1852 1853
f 1853 1852 1854
f 1855 1856 1586
f 1586 1856 1857
f 1586 1857 1852
f 1856 1855 1858
f 1858 1855 1859
f 1858 1859 1860
f 1860 1859 385
f 1860 385 387
f 379 378 1861
f 1861 378 1862
f 1861 1862 1863
f 1863 1862 1864
f 1863 1864 1865
f 1865 1864 1866
f 1866 1864 1589
f 1866 1589 1867
f 1867 1589 1868
f 1867 1868 1869
f 1589 1588 1868
f 1869 1870 1867
f 65 68 1871
f 1871 68 1872
f 1871 1872 1873
f 1873 1872 1874
f 1873 1874 1875
f 1875 1874 1876
f 1875 1876 1229
f 1229 1876 1227
f 65 1871 66
f 66 1871 1877
f 66 1877 69
f 69 1877 1878
f 69 1878 70
f 70 1878 1879
f 70 1879 22
f 22 1879 1880
f 1880 1879 1881
f 1880 1881 1882
f 1882 1881 1883
f 1882 1883 1884
f 1884 1883 390
f 390 1883 1849
f 1849 1883 1885
f 1849 1885 1847
f 1847 1885 1886
f 1847 1886 1229
f 1229 1886 1875
f 1875 1886 1887
f 1875 1887 1873
f 1873 1887 1877
f 1873 1877 1871
f 1878 1877 1887
f 1887 1886 1888
f 1888 1886 1885
f 1888 1885 1881
f 1881 1885 1883
f 1879 1878 1888
f 1888 1878 1887
f 1879 1888 1881
f 22 1880 20
f 20 1880 1889
f 1889 1880 1882
f 1889 1882 1890
f 1890 1882 1884
f 1890 1884 1891
f 1891 1884 390
f 1891 390 351
f 237 236 351
f 351 236 1891
f 1891 236 238
f 1891 238 1890
f 1890 238 215
f 1890 215 214
f 1890 214 1889
f 1889 214 213
f 1889 213 21
f 21 20 1889
f 648 644 1892
f 1892 644 1893
f 1892 1893 1894
f 1894 1893 1895
f 1894 1895 1896
f 1896 1895 1897
f 1896 1897 64
f 64 1897 67
f 1898 33 1899
f 1899 33 58
f 1899 58 1900
f 1900 58 57
f 1900 57 1901
f 1901 57 56
f 1901 56 1902
f 1902 56 55
f 1902 55 1903
f 1903 55 54
f 1903 54 1904
f 1904 54 230
f 1904 230 229
f 31 231 54
f 54 231 230
f 1904 229 1905
f 1905 229 228
f 1905 228 300
f 1905 300 1906
f 1906 300 299
f 1906 299 297
f 1906 297 1907
f 1907 297 341
f 1907 341 1908
f 1908 341 342
f 1908 342 1909
f 1909 342 343
f 1909 343 344
f 344 1225 1909
f 1909 1225 1910
f 1909 1910 1911
f 1911 1910 1912
f 1911 1912 1913
f 1913 1912 1914
f 1913 1914 1915
f 1915 1914 1916
f 1915 1916 1917
f 1917 1916 1918
f 1917 1918 1899
f 1899 1918 1898
f 1910 1225 1919
f 1919 1225 1224
f 1919 1224 1920
f 1920 1224 1223
f 1920 1223 1921
f 1921 1223 1198
f 1921 1198 1922
f 1922 1198 1194
f 1922 1194 1923
f 1923 1924 1922
f 1922 1924 1925
f 1922 1925 1921
f 1921 1925 1926
f 1921 1926 1920
f 1920 1926 1927
f 1920 1927 1919
f 1919 1927 1912
f 1919 1912 1910
f 1924 1928 1925
f 1925 1928 1929
f 1925 1929 1926
f 1926 1929 1930
f 1926 1930 1927
f 1927 1930 1914
f 1927 1914 1912
f 1928 1931 1929
f 1929 1931 1932
f 1929 1932 1930
f 1930 1932 1916
f 1930 1916 1914
f 1931 1933 1932
f 1932 1933 1918
f 1932 1918 1916
f 1933 1898 1918
f 1899 1900 1917
f 1917 1900 1934
f 1917 1934 1915
f 1915 1934 1935
f 1915 1935 1913
f 1913 1935 1936
f 1913 1936 1911
f 1911 1936 1908
f 1911 1908 1909
f 1900 1901 1934
f 1934 1901 1937
f 1934 1937 1935
f 1935 1937 1938
f 1935 1938 1936
f 1936 1938 1907
f 1936 1907 1908
f 1901 1902 1937
f 1937 1902 1939
f 1937 1939 1938
f 1938 1939 1906
f 1938 1906 1907
f 1902 1903 1939
f 1939 1903 1905
f 1939 1905 1906
f 1904 1905 1903
f 1844 648 1940
f 1940 648 1892
f 1940 1892 1894
f 1940 1894 1941
f 1941 1894 1896
f 1941 1896 1942
f 1942 1896 64
f 1942 64 63
f 1942 63 1943
f 1943 63 52
f 1943 52 1944
f 1944 52 51
f 1944 51 1945
f 1945 51 48
f 1945 1946 1944
f 1944 1946 1947
f 1944 1947 1943
f 1943 1947 1948
f 1943 1948 1942
f 1942 1948 1941
f 1946 1949 1947
f 1947 1949 1950
f 1947 1950 1948
f 1948 1950 1951
f 1948 1951 1941
f 1941 1951 1940
f 1949 1345 1950
f 1950 1345 1842
f 1950 1842 1951
f 1951 1842 1844
f 1951 1844 1940
f 37 33 1952
f 1952 33 1898
f 1952 1898 1953
f 1953 1898 1933
f 1953 1933 1954
f 1954 1933 1931
f 1954 1931 1955
f 1955 1931 1928
f 1955 1928 1956
f 1956 1928 1924
f 1956 1924 1957
f 1957 1924 1923
f 1957 1923 1193
f 1193 1923 1194
f 1338 1345 1958
f 1958 1345 1949
f 1958 1949 1959
f 1959 1949 1946
f 1959 1946 1960
f 1960 1946 1945
f 1960 1945 45
f 45 1945 48
f 1189 1188 1961
f 1961 1188 1962
f 1961 1962 1963
f 1961 1963 1964
f 1964 1963 1965
f 1964 1965 1966
f 1966 1965 1967
f 1966 1967 1968
f 1968 1967 1969
f 1968 1969 1970
f 1970 1969 1971
f 1970 1971 1972
f 1972 1971 41
f 1972 41 62
f 1972 62 1973
f 1973 62 61
f 1973 61 1974
f 1974 61 60
f 1974 60 1975
f 1975 60 59
f 1975 59 1976
f 1976 59 37
f 1976 37 1952
f 1952 1953 1976
f 1976 1953 1977
f 1976 1977 1975
f 1975 1977 1978
f 1975 1978 1974
f 1974 1978 1979
f 1974 1979 1973
f 1973 1979 1980
f 1973 1980 1972
f 1972 1980 1970
f 1953 1954 1977
f 1977 1954 1981
f 1977 1981 1978
f 1978 1981 1982
f 1978 1982 1979
f 1979 1982 1983
f 1979 1983 1980
f 1980 1983 1984
f 1980 1984 1970
f 1970 1984 1968
f 1954 1955 1981
f 1981 1955 1985
f 1981 1985 1982
f 1982 1985 1986
f 1982 1986 1983
f 1983 1986 1987
f 1983 1987 1984
f 1984 1987 1988
f 1984 1988 1968
f 1968 1988 1966
f 1955 1956 1985
f 1985 1956 1989
f 1985 1989 1986
f 1986 1989 1990
f 1986 1990 1987
f 1987 1990 1991
f 1987 1991 1988
f 1988 1991 1992
f 1988 1992 1966
f 1966 1992 1964
f 1956 1957 1989
f 1989 1957 1993
f 1989 1993 1990
f 1990 1993 1994
f 1990 1994 1991
f 1991 1994 1995
f 1991 1995 1992
f 1992 1995 1996
f 1992 1996 1964
f 1964 1996 1961
f 1957 1193 1993
f 1993 1193 1192
f 1993 1192 1994
f 1994 1192 1191
f 1994 1191 1995
f 1995 1191 1190
f 1995 1190 1996
f 1996 1190 1189
f 1996 1189 1961
f 45 41 1960
f 1960 41 1971
f 1960 1971 1959
f 1959 1971 1969
f 1959 1969 1958
f 1958 1969 1967
f 1958 1967 1338
f 1338 1967 1185
f 1185 1967 1965
f 1185 1965 1186
f 1186 1965 1963
f 1186 1963 1187
f 1187 1963 1962
f 1187 1962 1182
f 1182 1962 1188
f 1182 1188 1178
f 1436 1772 1437
f 1437 1772 1997
f 1437 1997 1998
f 1998 1997 1999
f 1999 1997 2000
f 1999 2000 377
f 377 2000 376
f 1998 1773 1437
f 1437 1773 1438
f 1998 2001 1773
f 1773 2001 1346
f 1773 1346 1344
f 2001 1998 2002
f 2002 1998 1999
f 2002 1999 2003
f 2003 1999 377
f 2003 377 379
f 1347 1346 2004
f 2004 1346 2001
f 2004 2001 2005
f 2005 2001 2002
f 2005 2002 2006
f 2006 2002 2003
f 2006 2003 379
f 379 1861 2006
f 2006 1861 2007
f 2006 2007 2005
f 2005 2007 2008
f 2005 2008 2004
f 2004 2008 1347
f 1841 1347 2009
f 2009 1347 2008
f 2009 2008 2010
f 2010 2008 2007
f 2010 2007 2011
f 2011 2007 1861
f 2011 1861 1863
f 2011 1863 2012
f 2012 1863 1865
f 2012 1865 2013
f 2013 1865 1866
f 2013 1866 2014
f 2014 1866 1867
f 2014 1867 2015
f 2014 2015 2016
f 2016 2015 2017
f 2016 2017 2018
f 2018 2017 641
f 2018 641 1845
f 2018 1845 2019
f 2019 1845 1843
f 2019 1843 2020
f 2020 1843 1841
f 2020 1841 2009
f 2020 2009 2021
f 2021 2009 2010
f 2021 2010 2012
f 2012 2010 2011
f 2016 2018 2019
f 2019 2020 2022
f 2022 2020 2021
f 2022 2021 2013
f 2013 2021 2012
f 2014 2016 2022
f 2022 2016 2019
f 2014 2022 2013
f 1867 1870 2015
f 2015 1870 2023
f 2015 2023 2024
f 639 641 2024
f 2024 641 2017
f 2024 2017 2015
f 1244 1232 2025
f 2025 1232 2026
f 2025 2026 2027
f 1854 1852 2027
f 2027 1852 2028
f 2027 2028 2025
f 1846 1244 2029
f 2029 1244 2025
f 2029 2025 2030
f 2030 2025 2028
f 2030 2028 2031
f 2031 2028 1852
f 2031 1852 1857
f 2031 1857 2032
f 2032 1857 1856
f 2032 1856 2033
f 2033 1856 1858
f 2033 1858 2034
f 2034 1858 1860
f 2034 1860 2035
f 2034 2035 2036
f 2036 2035 2037
f 2036 2037 2038
f 2038 2037 388
f 2038 388 1850
f 2038 1850 2039
f 2039 1850 1848
f 2039 1848 2040
f 2040 1848 1846
f 2040 1846 2029
f 2040 2029 2041
f 2041 2029 2030
f 2041 2030 2032
f 2032 2030 2031
f 2036 2038 2039
f 2039 2040 2042
f 2042 2040 2041
f 2042 2041 2033
f 2033 2041 2032
f 2034 2036 2042
f 2042 2036 2039
f 2034 2042 2033
f 380 2043 384
f 384 2043 2044
f 2044 2043 2045
f 2044 2045 2046
f 2046 2045 414
f 2046 414 1770
f 1770 414 413
f 2045 1768 414
f 414 1768 416
f 389 388 2047
f 2047 388 2037
f 2047 2037 2048
f 2048 2037 2035
f 2048 2035 2049
f 2049 2035 1860
f 2049 1860 387
f 387 2050 2049
f 2049 2050 2048
f 2050 2051 2048
f 2048 2051 2052
f 2048 2052 2047
f 2047 2052 389
f 391 389 1770
f 1770 389 2052
f 1770 2052 2046
f 2046 2052 2051
f 2046 2051 2044
f 2044 2051 2050
f 2044 2050 384
f 384 2050 387
f 1142 1140 1354
f 1354 1140 2053
f 1354 2053 1376
f 1376 2053 1377
f 1377 2053 2054
f 1354 1376 1355
f 1355 1376 1378
f 1378 1382 1355
f 1355 1382 1350
f 1355 1350 1349
f 1350 1382 1351
f 1351 1382 1383
f 1351 1383 1352
f 1352 1383 1385
f 1352 1385 1353
f 1353 1385 1387
f 1151 1146 1165
f 1165 1146 1395
f 395 393 1395
f 1395 393 1168
f 1395 1168 1165
f 1165 1168 1164
f 1164 1168 1166
f 393 398 1168
f 1168 398 1169
f 1169 398 1155
f 1155 398 397
f 1155 397 1396
f 1155 1154 1169
f 1148 1145 1156
f 1156 1145 185
f 185 1145 186
f 1177 1174 1390
f 1390 1174 1173
f 1390 1173 1389
f 1389 1173 1391
f 1391 1173 1172
f 1391 1172 1171
f 1177 1176 1174
f 1174 1176 1175
f 1170 1348 1171
f 1171 1348 1353
f 1171 1353 1391
f 1391 1353 1387
f 357 1769 345
f 345 1769 1392
f 1392 1769 2055
f 1392 2055 1393
f 1393 2055 2056
f 1393 2056 1394
f 1394 2056 2057
f 1394 2057 396
f 396 2057 394
f 392 394 2058
f 2058 394 2057
f 2058 2057 2059
f 2059 2057 2056
f 2059 2056 2060
f 2060 2056 2055
f 2060 2055 1768
f 1768 2055 1769
f 392 2058 2061
f 2061 2058 2062
f 2061 2062 2063
f 2063 2062 2064
f 2063 2064 380
f 2062 2058 2065
f 2065 2058 2059
f 2065 2059 2066
f 2066 2059 2060
f 2066 2060 2045
f 2045 2060 1768
f 2045 2043 2066
f 2066 2043 2067
f 2066 2067 2065
f 2065 2067 2064
f 2065 2064 2062
f 2043 380 2067
f 380 2068 2063
f 2063 2068 2061
f 2067 380 2064
f 397 392 1396
f 1396 392 2061
f 1396 2061 1139
f 1139 2061 1138
f 1138 2061 2068
f 1138 2068 1137
f 1137 2068 380
f 1137 380 375
f 1318 1184 1412
f 1412 1184 1183
f 1412 1183 1411
f 1411 1183 1181
f 1411 1181 2069
f 2069 1181 1180
f 2069 1180 2070
f 2070 1180 1179
f 2070 1179 1388
f 2070 1388 2071
f 2071 1388 1386
f 2071 1386 2072
f 2072 1386 1384
f 2072 1384 2073
f 2073 1384 1381
f 2073 1381 2074
f 2074 2075 2073
f 2073 2075 2076
f 2073 2076 2072
f 2072 2076 2077
f 2072 2077 2071
f 2071 2077 2078
f 2071 2078 2070
f 2070 2078 1407
f 2070 1407 2069
f 2069 1407 1411
f 2075 2079 2076
f 2076 2079 2080
f 2076 2080 2077
f 2077 2080 2081
f 2077 2081 1409
f 1409 2081 1410
f 1410 2081 1331
f 1410 1331 1330
f 1334 1332 2079
f 2079 1332 2080
f 1332 1331 2080
f 2080 1331 2081
f 1409 1408 2077
f 2077 1408 2078
f 1408 1407 2078
f 1323 1321 1412
f 1412 1321 1318
f 1336 1334 1771
f 1771 1334 2079
f 1771 2079 2082
f 2082 2079 2075
f 2082 2075 2083
f 2083 2075 2074
f 2083 2074 2084
f 2084 2074 1381
f 2084 1381 1380
f 1379 2085 1380
f 1380 2085 2084
f 2084 2085 2086
f 2084 2086 2083
f 2083 2086 2087
f 2083 2087 2082
f 2082 2087 1772
f 2082 1772 1771
f 376 2000 2088
f 2088 2000 1997
f 2088 1997 2089
f 2089 1997 2087
f 2089 2087 2086
f 1997 1772 2087
f 2089 2086 2090
f 2090 2086 2085
f 2090 2085 2091
f 2091 2085 2092
f 2091 2092 2093
f 2093 2092 2094
f 2093 2094 376
f 2085 1379 2092
f 2093 376 2095
f 2095 376 2088
f 2095 2088 2089
f 2093 2095 2090
f 2090 2095 2089
f 2091 2093 2090
f 2053 1140 2094
f 2094 1140 1144
f 2094 1144 376
f 376 1144 1143
f 376 1143 374
f 2094 2092 2053
f 2053 2092 2054
f 2054 2092 1379
f 2054 1379 1377
f 2096 1788 724
f 724 1788 1783
f 724 1783 725
f 2097 2098 2096
f 2096 2098 2099
f 2096 2099 1812
f 1812 2099 1811
f 1811 2099 1810
f 1810 2099 682
f 1810 682 1809
f 1809 682 740
f 2098 2097 2100
f 2100 2097 2101
f 2100 2101 1227
f 1227 2101 1232
f 1813 1795 1812
f 1812 1795 1794
f 1812 1794 2096
f 2096 1794 1791
f 2096 1791 1788
f 1795 1813 1796
f 1796 1813 1814
f 1796 1814 1797
f 1797 1814 1808
f 1797 1808 731
f 731 1808 732
f 2102 682 2103
f 2103 682 2099
f 2103 2099 2104
f 2104 2099 2098
f 2104 2098 2105
f 2105 2098 2100
f 2105 2100 1876
f 1876 2100 1227
f 1876 1874 2105
f 2105 1874 2106
f 2105 2106 2104
f 2104 2106 2107
f 2104 2107 2103
f 2103 2107 2108
f 2103 2108 2102
f 2102 2108 2109
f 2109 2108 2110
f 2109 2110 2111
f 2111 2110 68
f 1874 1872 2106
f 2106 1872 2112
f 2106 2112 2107
f 2107 2112 2113
f 2107 2113 2108
f 2108 2113 2110
f 1872 68 2112
f 2112 68 2113
f 2113 68 2110
f 1854 2027 2114
f 2114 2027 2115
f 2114 2115 2116
f 2116 2115 2101
f 2116 2101 2097
f 2027 2026 2115
f 2115 2026 2101
f 2026 1232 2101
f 2097 2096 2116
f 2116 2096 2117
f 2116 2117 2118
f 2096 724 2117
f 2118 2114 2116
f 675 682 2119
f 2119 682 2102
f 2119 2102 2120
f 2120 2102 2109
f 2120 2109 2121
f 2121 2109 2111
f 2121 2111 67
f 67 2111 68
f 1854 2114 1853
f 1853 2114 2122
f 1853 2122 1851
f 1851 2122 1587
f 2114 2118 2122
f 2122 2118 2123
f 2123 2118 2117
f 2123 2117 2124
f 2124 2117 715
f 2124 715 714
f 2117 724 715
f 714 711 2124
f 675 2119 2125
f 2125 2119 2126
f 2125 2126 2127
f 2127 2126 2128
f 2127 2128 2129
f 2129 2128 2130
f 2129 2130 644
f 644 2130 1893
f 1893 2130 2131
f 1893 2131 1895
f 1895 2131 2132
f 1895 2132 1897
f 1897 2132 67
f 2119 2120 2126
f 2126 2120 2133
f 2126 2133 2128
f 2128 2133 2134
f 2128 2134 2130
f 2130 2134 2131
f 2120 2121 2133
f 2133 2121 2135
f 2133 2135 2134
f 2134 2135 2136
f 2134 2136 2131
f 2131 2136 2132
f 2121 67 2135
f 2135 67 2136
f 2136 67 2132
f 2124 711 2137
f 2137 711 709
f 2137 709 800
f 800 709 706
f 800 2138 2137
f 2137 2138 2139
f 2137 2139 2124
f 2124 2139 2123
f 2123 2139 2122
f 2122 2139 2140
f 2122 2140 1587
f 1587 2140 1585
f 1585 2140 1584
f 1584 2140 1582
f 1582 2140 2141
f 2141 2140 2142
f 2142 2140 2139
f 2142 2139 2138
f 673 675 1815
f 1815 675 2125
f 1815 2125 2143
f 2143 2125 2144
f 2144 2125 2127
f 2144 2127 2145
f 2145 2127 2129
f 2145 2129 639
f 639 2129 644
f 1815 2143 1827
f 1827 2143 721
f 1827 721 723
f 692 693 1827
f 1827 693 1815
f 1581 1582 2146
f 2146 1582 2141
f 2146 2141 2147
f 2147 2141 2142
f 2147 2142 2138
f 2147 2138 2148
f 2148 2138 800
f 2148 800 799
f 799 2149 2148
f 2148 2149 2147
f 2149 2150 2147
f 2147 2150 2146
f 2150 1539 2146
f 2146 1539 1580
f 2146 1580 1581
f 721 2143 2151
f 2151 2143 2152
f 2151 2152 2153
f 2153 2152 2154
f 2154 2152 2155
f 2154 2155 2023
f 2023 2155 2024
f 2024 2155 2145
f 2024 2145 639
f 2143 2144 2152
f 2152 2144 2155
f 2144 2145 2155
f 2023 1870 2154
f 1538 1539 2156
f 2156 1539 2150
f 2156 2150 2157
f 2157 2150 2149
f 2157 2149 2158
f 2158 2149 799
f 2158 799 798
f 798 796 2158
f 2158 796 767
f 2158 767 2159
f 2159 767 2160
f 2159 2160 2161
f 2161 2160 2162
f 2161 2162 2163
f 2163 2162 2164
f 2163 2164 1521
f 1521 2164 1517
f 1517 2164 2165
f 1517 2165 2166
f 2166 2165 2167
f 2166 2167 2168
f 2168 2167 2169
f 2168 2169 2170
f 2170 2169 794
f 2170 794 792
f 767 769 2160
f 2160 769 2171
f 2160 2171 2162
f 2162 2171 2172
f 2162 2172 2164
f 2164 2172 2165
f 2171 769 2173
f 2173 769 794
f 2173 794 2169
f 790 2174 792
f 792 2174 2175
f 792 2175 2170
f 2170 2175 2176
f 2170 2176 2168
f 2168 2176 2177
f 2168 2177 2166
f 2166 2177 1518
f 2166 1518 1517
f 2174 790 2178
f 2178 790 788
f 2178 788 2179
f 2179 788 787
f 2179 787 2180
f 2180 787 785
f 2180 785 2181
f 2181 785 2182
f 2181 2182 2183
f 2183 2182 2184
f 2183 2184 2185
f 2185 2184 2186
f 2185 2186 1471
f 1471 2186 1469
f 1469 2186 1467
f 1467 2186 2187
f 2187 2186 2184
f 2187 2184 2188
f 2188 2184 2182
f 2188 2182 2189
f 2189 2182 785
f 2189 785 2190
f 2185 1471 2191
f 2191 1471 1473
f 2191 1473 2192
f 2192 1473 1475
f 2192 1475 2193
f 2193 1475 1477
f 2193 1477 2194
f 2194 1477 1479
f 2194 1479 2195
f 2195 1479 1482
f 2195 1482 2196
f 2196 1482 1484
f 2196 1484 2177
f 2177 1484 1497
f 2177 1497 1518
f 1521 1538 2163
f 2163 1538 2156
f 2163 2156 2161
f 2161 2156 2157
f 2161 2157 2159
f 2159 2157 2158
f 2167 2165 2172
f 2177 2176 2196
f 2196 2176 2197
f 2196 2197 2195
f 2195 2197 2198
f 2195 2198 2194
f 2194 2198 2199
f 2194 2199 2193
f 2193 2199 2200
f 2193 2200 2192
f 2192 2200 2201
f 2192 2201 2191
f 2191 2201 2183
f 2191 2183 2185
f 2171 2173 2172
f 2172 2173 2167
f 2173 2169 2167
f 2176 2175 2197
f 2197 2175 2174
f 2197 2174 2198
f 2198 2174 2178
f 2198 2178 2199
f 2199 2178 2179
f 2199 2179 2200
f 2200 2179 2180
f 2200 2180 2201
f 2201 2180 2181
f 2201 2181 2183
f 721 2151 720
f 720 2151 2202
f 720 2202 719
f 719 2202 717
f 2151 2153 2202
f 2202 2153 2203
f 2203 2153 2154
f 2203 2154 2204
f 2204 2154 1869
f 2204 1869 1868
f 2154 1870 1869
f 1868 1588 2204
f 1654 1467 2205
f 2205 1467 2187
f 2205 2187 2206
f 2206 2187 2188
f 2206 2188 2207
f 2207 2188 2189
f 2207 2189 2190
f 2190 785 2207
f 2207 785 2208
f 2207 2208 2206
f 2206 2208 2209
f 2206 2209 2205
f 2205 2209 2210
f 2205 2210 1652
f 1652 2210 2211
f 1652 2211 1650
f 1650 2211 2212
f 1650 2212 1647
f 1647 2212 2213
f 1647 2213 1645
f 1645 2213 2214
f 1645 2214 1640
f 1640 2214 2215
f 1640 2215 1637
f 1637 2215 2216
f 1637 2216 1634
f 1634 2216 2217
f 1634 2217 1622
f 1622 2217 2218
f 1622 2218 1655
f 1655 2218 2219
f 1655 2219 2220
f 2220 2219 2221
f 2220 2221 2222
f 2222 2221 2223
f 2222 2223 2224
f 2224 2223 755
f 2224 755 2225
f 2225 755 754
f 2225 754 751
f 2208 785 2226
f 2226 785 784
f 2226 784 2227
f 2227 784 782
f 2227 782 2228
f 2228 782 780
f 2228 780 2229
f 2229 780 778
f 2229 778 2230
f 2230 778 2231
f 2230 2231 2232
f 2232 2231 2233
f 2232 2233 2215
f 2215 2233 2216
f 778 773 2231
f 2231 773 2234
f 2231 2234 2233
f 2233 2234 2235
f 2233 2235 2216
f 2216 2235 2217
f 2234 773 2236
f 2236 773 757
f 2236 757 2237
f 2237 757 2238
f 2237 2238 2239
f 2239 2238 2221
f 2239 2221 2219
f 757 756 2238
f 2238 756 2223
f 2238 2223 2221
f 756 755 2223
f 751 2240 2225
f 2225 2240 2241
f 2225 2241 2242
f 2242 2241 2243
f 2242 2243 2244
f 2244 2243 1665
f 2244 1665 2220
f 2220 1665 1611
f 2220 1611 1655
f 2240 2245 2241
f 2241 2245 2246
f 2241 2246 2243
f 2243 2246 1673
f 2243 1673 1665
f 2245 1596 2246
f 2246 1596 1599
f 2246 1599 1673
f 1652 1654 2205
f 2211 2210 2247
f 2247 2210 2209
f 2247 2209 2226
f 2226 2209 2208
f 2212 2211 2248
f 2248 2211 2247
f 2248 2247 2227
f 2227 2247 2226
f 2213 2212 2249
f 2249 2212 2248
f 2249 2248 2228
f 2228 2248 2227
f 2232 2215 2214
f 2214 2213 2250
f 2250 2213 2249
f 2250 2249 2229
f 2229 2249 2228
f 2239 2219 2218
f 2218 2217 2251
f 2251 2217 2235
f 2251 2235 2236
f 2236 2235 2234
f 2242 2244 2222
f 2222 2244 2220
f 2230 2232 2250
f 2250 2232 2214
f 2230 2250 2229
f 2237 2239 2251
f 2251 2239 2218
f 2237 2251 2236
f 2225 2242 2224
f 2224 2242 2222
f 700 717 2252
f 2252 717 2202
f 2252 2202 2253
f 2253 2202 2203
f 2253 2203 2204
f 1588 1590 2204
f 2204 1590 2254
f 2204 2254 2253
f 2253 2254 2255
f 2253 2255 2256
f 1590 1592 2254
f 2254 1592 2257
f 2254 2257 2255
f 1592 1593 2257
f 2253 2256 2252
f 2252 2256 750
f 2252 750 700
f 700 750 702
f 1596 2245 1595
f 1595 2245 2258
f 1595 2258 1594
f 1594 2258 1593
f 1593 2258 2257
f 2257 2258 2259
f 2257 2259 2255
f 2255 2259 2256
f 2256 2259 2260
f 2256 2260 750
f 750 2260 751
f 751 2260 2240
f 2240 2260 2259
f 2240 2259 2245
f 2245 2259 2258
f 607 609 2261
f 2261 609 958
f 2261 958 957
f 2261 957 2262
f 2262 957 956
f 2262 956 2263
f 2263 956 955
f 2263 955 1591
f 2263 1591 2264
f 2264 1591 1589
f 2264 1589 2265
f 2264 2265 2266
f 2266 2265 2267
f 2266 2267 2268
f 2268 2267 624
f 2268 624 621
f 621 618 2268
f 2268 618 607
f 2268 607 2261
f 2266 2268 2261
f 2264 2266 2262
f 2262 2266 2261
f 2263 2264 2262
f 624 2267 627
f 627 2267 628
f 628 2267 2269
f 628 2269 382
f 382 2269 383
f 383 2269 2270
f 383 2270 2271
f 2271 2270 1864
f 2271 1864 1862
f 2267 2265 2269
f 2269 2265 2270
f 2265 1589 2270
f 2270 1589 1864
f 1862 378 2271
f 2271 378 383
f 1583 963 2272
f 2272 963 962
f 2272 962 2273
f 2273 962 961
f 2273 961 2274
f 2274 961 960
f 2274 960 611
f 611 612 2274
f 2274 612 2275
f 2274 2275 2273
f 2273 2275 2276
f 2273 2276 2272
f 2272 2276 2277
f 2272 2277 1583
f 1583 2277 1586
f 1586 2277 2278
f 2278 2277 2276
f 2278 2276 2279
f 2279 2276 2275
f 2279 2275 636
f 636 2275 614
f 614 2275 612
f 636 633 2279
f 631 381 2280
f 2280 381 386
f 2280 386 2281
f 2281 386 385
f 2281 385 1859
f 2281 1859 2282
f 2282 1859 1855
f 2282 1855 2278
f 2278 1855 1586
f 2278 2279 2282
f 2282 2279 2280
f 2282 2280 2281
f 633 632 2279
f 2279 632 631
f 2279 631 2280
f 1597 954 2283
f 2283 954 953
f 2283 953 2284
f 2284 953 950
f 2284 950 951
f 2284 951 2285
f 2285 951 936
f 2285 936 931
f 931 928 2285
f 2285 928 2286
f 2285 2286 2284
f 2284 2286 2287
f 2284 2287 2283
f 2283 2287 2288
f 2283 2288 1597
f 1597 2288 1602
f 1602 2288 2289
f 1602 2289 917
f 917 2289 916
f 916 2289 2290
f 916 2290 915
f 915 2290 2291
f 915 2291 914
f 914 2291 925
f 925 2291 928
f 928 2291 2286
f 2290 2289 2288
f 2290 2288 2287
f 2291 2290 2287
f 2291 2287 2286
f 908 2292 913
f 913 2292 2293
f 913 2293 2294
f 2294 2293 2295
f 2294 2295 877
f 877 2295 878
f 878 2295 2296
f 878 2296 874
f 874 2296 885
f 885 2296 889
f 889 2296 2297
f 889 2297 2298
f 2298 2297 2299
f 2298 2299 911
f 911 2299 908
f 908 2299 2292
f 911 900 2298
f 2298 900 898
f 2298 898 889
f 877 876 2294
f 2294 876 1614
f 2294 1614 913
f 2293 2292 2300
f 2300 2292 2299
f 2300 2299 2297
f 2296 2295 2300
f 2300 2295 2293
f 2296 2300 2297
f 1626 872 2301
f 2301 872 870
f 2301 870 2302
f 2302 870 871
f 2302 871 2303
f 2303 871 860
f 2303 860 862
f 862 864 2303
f 2303 864 866
f 2303 866 837
f 837 846 2303
f 2303 846 2302
f 846 847 2302
f 2302 847 2301
f 847 848 2301
f 2301 848 1626
f 848 1635 1626
f 824 849 825
f 825 849 2304
f 825 2304 829
f 829 2304 2305
f 829 2305 2306
f 2306 2305 2307
f 2306 2307 2308
f 2308 2307 2309
f 2308 2309 2310
f 2310 2309 1476
f 2310 1476 1474
f 2304 849 2311
f 2311 849 843
f 2311 843 2312
f 2312 843 1481
f 2312 1481 1480
f 843 839 1481
f 1480 1478 2312
f 2312 1478 2309
f 2312 2309 2307
f 1478 1476 2309
f 2310 1474 2313
f 2313 1474 1472
f 2313 1472 2314
f 2314 1472 1470
f 2314 1470 2315
f 2315 1470 1468
f 2315 1468 2316
f 2315 2316 2317
f 2317 2316 2318
f 2317 2318 2319
f 2317 2319 2320
f 2320 2319 2321
f 2320 2321 835
f 835 2321 836
f 2320 835 2322
f 2322 835 833
f 2322 833 2323
f 2323 833 831
f 2323 831 2306
f 2306 831 829
f 2307 2305 2311
f 2311 2305 2304
f 2306 2308 2323
f 2323 2308 2324
f 2323 2324 2322
f 2322 2324 2325
f 2322 2325 2320
f 2320 2325 2317
f 2312 2307 2311
f 2308 2310 2324
f 2324 2310 2313
f 2324 2313 2325
f 2325 2313 2314
f 2325 2314 2317
f 2317 2314 2315
f 836 2321 834
f 834 2321 2326
f 834 2326 2327
f 2327 2326 2328
f 2327 2328 2329
f 2329 2328 2330
f 2329 2330 2331
f 2331 2330 1648
f 2331 1648 1644
f 2321 2319 2326
f 2326 2319 2332
f 2326 2332 2328
f 2328 2332 2333
f 2328 2333 2330
f 2330 2333 1651
f 2330 1651 1648
f 2319 2318 2332
f 2332 2318 2316
f 2332 2316 2334
f 2334 2316 1468
f 2334 1468 1653
f 2334 1653 2333
f 2333 1653 1651
f 2331 1644 2335
f 2335 1644 1642
f 2335 1642 2336
f 2336 1642 1641
f 2336 1641 1638
f 845 844 1638
f 1638 844 2336
f 2336 844 2337
f 2337 844 850
f 2337 850 2338
f 2338 850 827
f 2338 827 828
f 850 826 827
f 830 2339 828
f 828 2339 2340
f 828 2340 2338
f 2338 2340 2337
f 2339 830 2341
f 2341 830 832
f 2341 832 2327
f 2327 832 834
f 2327 2329 2341
f 2341 2329 2342
f 2341 2342 2339
f 2339 2342 2343
f 2339 2343 2340
f 2340 2343 2337
f 2334 2333 2332
f 2329 2331 2342
f 2342 2331 2335
f 2342 2335 2343
f 2343 2335 2336
f 2343 2336 2337
f 857 859 2344
f 2344 859 868
f 2344 868 2345
f 2345 868 869
f 2345 869 2346
f 2346 869 873
f 2346 873 1485
f 1483 842 1485
f 1485 842 2346
f 842 841 2346
f 2346 841 2345
f 841 840 2345
f 2345 840 2344
f 838 853 840
f 840 853 2344
f 853 855 2344
f 2344 855 857
f 904 902 2347
f 2347 902 910
f 2347 910 2348
f 2348 910 909
f 2348 909 2349
f 2349 909 912
f 2349 912 1495
f 881 2350 1495
f 1495 2350 2351
f 1495 2351 2349
f 2349 2351 2348
f 881 880 2350
f 2350 880 2352
f 2350 2352 2353
f 2353 2352 2354
f 2353 2354 2347
f 2347 2354 904
f 880 879 2352
f 2352 879 2355
f 2352 2355 2354
f 2354 2355 906
f 2354 906 904
f 875 896 879
f 879 896 2355
f 896 906 2355
f 2347 2348 2353
f 2353 2348 2351
f 2353 2351 2350
f 940 938 2356
f 2356 938 948
f 2356 948 2357
f 2357 948 949
f 2357 949 952
f 2357 952 2358
f 2358 952 959
f 2358 959 1519
f 2358 1519 2359
f 2359 1519 1509
f 2359 1509 2360
f 2360 1509 921
f 2360 921 920
f 2360 920 2361
f 2361 920 919
f 2361 919 2362
f 2362 919 918
f 2362 918 946
f 946 942 2362
f 2362 942 2363
f 2362 2363 2361
f 2361 2363 2364
f 2361 2364 2360
f 2360 2364 2359
f 942 940 2363
f 2363 940 2356
f 2363 2356 2364
f 2364 2356 2357
f 2364 2357 2359
f 2359 2357 2358

